particles,k_inf,ns_per_particle,total_sim_ms,active_histories
10000,1.33182,34324.39,13730,400000
25000,1.32751,24894.42,24894,1000000
50000,1.32748,20207.15,40414,2000000
