particles,k_inf,ns_per_particle,total_sim_ms,active_histories
10000,1.32487,34543.12,13817,400000
25000,1.32713,23831.63,23832,1000000
50000,1.32790,19944.44,39889,2000000
