particles,k_inf,ns_per_particle,total_sim_ms,active_histories
10000,1.32798,54411.92,21765,400000
25000,1.32897,23687.15,23687,1000000
50000,1.32870,20042.84,40086,2000000
