particles,k_inf,ns_per_particle,total_sim_ms,active_histories
10000,1.32967,34703.27,13881,400000
25000,1.32727,24225.79,24226,1000000
50000,1.32809,20078.50,40157,2000000
