  resume: 28 case(s) already in E:\git\open_rust_mc\outputs\icsbep_full_gpu.csv, skipping those
Sweeping 347 case(s) on GPU runner
  CLI overrides: batches=150 (explicit), inactive=30 (explicit), particles=200000 (explicit), seeds=5 (explicit), base_seed=42, rank=15
  Survival bias: ON (default — implicit capture + RR)
  per-case settings: explicit CLI flag > JSON `benchmark.recommended_settings` > built-in default
  preload: 161/161 nuclide weights resolved (4.4s). Top 5: Z=8016@294K*466, Z=26054@294K*428, Z=26056@294K*428, Z=26057@294K*428, Z=26058@294K*428
  CSV (append, flushed per case): E:\git\open_rust_mc\outputs\icsbep_full_gpu.csv
  stop-file (create to terminate gracefully): E:\git\open_rust_mc\outputs\STOP

[1/347] heu-met-fast-008 starting (5seed x 150b x 30i x 200000p)
  heu-met-fast-008 -- seed 1/5 (seed=42) starting
┌─ open_rust_mc — hardware profile ─
│ RAM 61.6 GB, 8p/8l cores, L1 640 KB / L2 1024 KB / L3 98304 KB, GPU 10.0 GB (sm_86)
│ Rayon pool: 8 threads (logical cores). SIMD path: avx2+fma.
│ Host nuclide cache budget: 46.2 GB (75%× detected RAM).
│ GPU bundle cache budget: ≤5.0 GB (50% × 10.0 GB VRAM hard cap; dynamic via cuMemGetInfo).
└──
  GPU transport kernels compiled (8 kernels)
  GPU: WMP payload = 0.0 KB (0 / 23 nuclides covered)
  GPU auto-refill: picked factor=3.48 for particles_per_batch=200000
  [GPU] batch    1/150 | k=0.86094  (inactive)
  [GPU] batch    2/150 | k=0.96773  (inactive)
  [GPU] batch    3/150 | k=0.98493  (inactive)
  [GPU] batch    4/150 | k=0.99313  (inactive)
  [GPU] batch    5/150 | k=0.99340  (inactive)
  [GPU] batch    6/150 | k=0.99614  (inactive)
  [GPU] batch    7/150 | k=0.99920  (inactive)
  [GPU] batch    8/150 | k=0.99768  (inactive)
  [GPU] batch    9/150 | k=0.99585  (inactive)
  [GPU] batch   10/150 | k=0.99618  (inactive)
  [GPU] batch   11/150 | k=0.99870  (inactive)
  [GPU] batch   12/150 | k=0.99594  (inactive)
  [GPU] batch   13/150 | k=0.99566  (inactive)
  [GPU] batch   14/150 | k=0.99999  (inactive)
  [GPU] batch   15/150 | k=0.99644  (inactive)
  [GPU] batch   16/150 | k=0.99550  (inactive)
  [GPU] batch   17/150 | k=0.99924  (inactive)
  [GPU] batch   18/150 | k=0.99813  (inactive)
  [GPU] batch   19/150 | k=0.99574  (inactive)
  [GPU] batch   20/150 | k=0.99675  (inactive)
  [GPU] batch   21/150 | k=0.99729  (inactive)
  [GPU] batch   22/150 | k=0.99776  (inactive)
  [GPU] batch   23/150 | k=0.99869  (inactive)
  [GPU] batch   24/150 | k=0.99715  (inactive)
  [GPU] batch   25/150 | k=0.99482  (inactive)
  [GPU] batch   26/150 | k=0.99652  (inactive)
  [GPU] batch   27/150 | k=0.99672  (inactive)
  [GPU] batch   28/150 | k=0.99669  (inactive)
  [GPU] batch   29/150 | k=0.99687  (inactive)
  [GPU] batch   30/150 | k=0.99763  (inactive)
  [GPU] batch   31/150 | k=0.99821  (1st active)
  [GPU] batch   32/150 | k=0.99699  <k>=0.99760 +/- 61 pcm
  [GPU] batch   33/150 | k=0.99853  <k>=0.99791 +/- 47 pcm
  [GPU] batch   34/150 | k=0.99426  <k>=0.99700 +/- 97 pcm
  [GPU] batch   35/150 | k=0.99602  <k>=0.99680 +/- 78 pcm
  [GPU] batch   36/150 | k=0.99970  <k>=0.99729 +/- 80 pcm
  [GPU] batch   37/150 | k=0.99639  <k>=0.99716 +/- 69 pcm
  [GPU] batch   38/150 | k=0.99771  <k>=0.99723 +/- 60 pcm
  [GPU] batch   39/150 | k=0.99889  <k>=0.99741 +/- 56 pcm
  [GPU] batch   40/150 | k=0.99816  <k>=0.99749 +/- 51 pcm
  [GPU] batch   41/150 | k=0.99595  <k>=0.99735 +/- 48 pcm
  [GPU] batch   42/150 | k=0.99726  <k>=0.99734 +/- 44 pcm
  [GPU] batch   43/150 | k=0.99864  <k>=0.99744 +/- 41 pcm
  [GPU] batch   44/150 | k=0.99787  <k>=0.99747 +/- 38 pcm
  [GPU] batch   45/150 | k=0.99738  <k>=0.99746 +/- 36 pcm
  [GPU] batch   46/150 | k=0.99667  <k>=0.99741 +/- 34 pcm
  [GPU] batch   47/150 | k=0.99703  <k>=0.99739 +/- 32 pcm
  [GPU] batch   48/150 | k=0.99733  <k>=0.99739 +/- 30 pcm
  [GPU] batch   49/150 | k=0.99805  <k>=0.99742 +/- 29 pcm
  [GPU] batch   50/150 | k=0.99784  <k>=0.99744 +/- 27 pcm
  [GPU] batch   51/150 | k=0.99873  <k>=0.99751 +/- 27 pcm
  [GPU] batch   52/150 | k=0.99534  <k>=0.99741 +/- 27 pcm
  [GPU] batch   53/150 | k=0.99548  <k>=0.99732 +/- 27 pcm
  [GPU] batch   54/150 | k=0.99722  <k>=0.99732 +/- 26 pcm
  [GPU] batch   55/150 | k=0.99804  <k>=0.99735 +/- 25 pcm
  [GPU] batch   56/150 | k=0.99737  <k>=0.99735 +/- 24 pcm
  [GPU] batch   57/150 | k=0.99627  <k>=0.99731 +/- 24 pcm
  [GPU] batch   58/150 | k=0.99676  <k>=0.99729 +/- 23 pcm
  [GPU] batch   59/150 | k=0.99689  <k>=0.99728 +/- 22 pcm
  [GPU] batch   60/150 | k=0.99664  <k>=0.99725 +/- 22 pcm
  [GPU] batch   61/150 | k=1.00029  <k>=0.99735 +/- 23 pcm
  [GPU] batch   62/150 | k=0.99766  <k>=0.99736 +/- 22 pcm
  [GPU] batch   63/150 | k=0.99954  <k>=0.99743 +/- 23 pcm
  [GPU] batch   64/150 | k=0.99683  <k>=0.99741 +/- 22 pcm
  [GPU] batch   65/150 | k=0.99705  <k>=0.99740 +/- 21 pcm
  [GPU] batch   66/150 | k=0.99736  <k>=0.99740 +/- 21 pcm
  [GPU] batch   67/150 | k=0.99837  <k>=0.99742 +/- 20 pcm
  [GPU] batch   68/150 | k=0.99780  <k>=0.99743 +/- 20 pcm
  [GPU] batch   69/150 | k=0.99587  <k>=0.99739 +/- 20 pcm
  [GPU] batch   70/150 | k=0.99690  <k>=0.99738 +/- 19 pcm
  [GPU] batch   71/150 | k=0.99562  <k>=0.99734 +/- 19 pcm
  [GPU] batch   72/150 | k=0.99937  <k>=0.99739 +/- 19 pcm
  [GPU] batch   73/150 | k=0.99543  <k>=0.99734 +/- 20 pcm
  [GPU] batch   74/150 | k=0.99568  <k>=0.99730 +/- 19 pcm
  [GPU] batch   75/150 | k=0.99825  <k>=0.99733 +/- 19 pcm
  [GPU] batch   76/150 | k=0.99861  <k>=0.99735 +/- 19 pcm
  [GPU] batch   77/150 | k=0.99739  <k>=0.99735 +/- 18 pcm
  [GPU] batch   78/150 | k=0.99697  <k>=0.99735 +/- 18 pcm
  [GPU] batch   79/150 | k=0.99715  <k>=0.99734 +/- 18 pcm
  [GPU] batch   80/150 | k=0.99771  <k>=0.99735 +/- 17 pcm
  [GPU] batch   81/150 | k=0.99661  <k>=0.99734 +/- 17 pcm
  [GPU] batch   82/150 | k=0.99608  <k>=0.99731 +/- 17 pcm
  [GPU] batch   83/150 | k=0.99678  <k>=0.99730 +/- 17 pcm
  [GPU] batch   84/150 | k=0.99620  <k>=0.99728 +/- 16 pcm
  [GPU] batch   85/150 | k=0.99629  <k>=0.99726 +/- 16 pcm
  [GPU] batch   86/150 | k=0.99880  <k>=0.99729 +/- 16 pcm
  [GPU] batch   87/150 | k=0.99894  <k>=0.99732 +/- 16 pcm
  [GPU] batch   88/150 | k=0.99781  <k>=0.99733 +/- 16 pcm
  [GPU] batch   89/150 | k=0.99692  <k>=0.99732 +/- 16 pcm
  [GPU] batch   90/150 | k=0.99864  <k>=0.99734 +/- 16 pcm
  [GPU] batch   91/150 | k=0.99849  <k>=0.99736 +/- 15 pcm
  [GPU] batch   92/150 | k=0.99737  <k>=0.99736 +/- 15 pcm
  [GPU] batch   93/150 | k=0.99502  <k>=0.99732 +/- 15 pcm
  [GPU] batch   94/150 | k=0.99966  <k>=0.99736 +/- 16 pcm
  [GPU] batch   95/150 | k=0.99322  <k>=0.99730 +/- 17 pcm
  [GPU] batch   96/150 | k=0.99623  <k>=0.99728 +/- 16 pcm
  [GPU] batch   97/150 | k=0.99739  <k>=0.99728 +/- 16 pcm
  [GPU] batch   98/150 | k=0.99691  <k>=0.99728 +/- 16 pcm
  [GPU] batch   99/150 | k=0.99720  <k>=0.99728 +/- 16 pcm
  [GPU] batch  100/150 | k=0.99575  <k>=0.99725 +/- 16 pcm
  [GPU] batch  101/150 | k=0.99508  <k>=0.99722 +/- 16 pcm
  [GPU] batch  102/150 | k=0.99759  <k>=0.99723 +/- 16 pcm
  [GPU] batch  103/150 | k=1.00145  <k>=0.99729 +/- 16 pcm
  [GPU] batch  104/150 | k=0.99693  <k>=0.99728 +/- 16 pcm
  [GPU] batch  105/150 | k=0.99528  <k>=0.99725 +/- 16 pcm
  [GPU] batch  106/150 | k=0.99699  <k>=0.99725 +/- 16 pcm
  [GPU] batch  107/150 | k=0.99723  <k>=0.99725 +/- 16 pcm
  [GPU] batch  108/150 | k=0.99659  <k>=0.99724 +/- 16 pcm
  [GPU] batch  109/150 | k=0.99452  <k>=0.99721 +/- 16 pcm
  [GPU] batch  110/150 | k=0.99768  <k>=0.99721 +/- 16 pcm
  [GPU] batch  111/150 | k=0.99803  <k>=0.99722 +/- 15 pcm
  [GPU] batch  112/150 | k=0.99674  <k>=0.99722 +/- 15 pcm
  [GPU] batch  113/150 | k=0.99834  <k>=0.99723 +/- 15 pcm
  [GPU] batch  114/150 | k=0.99672  <k>=0.99723 +/- 15 pcm
  [GPU] batch  115/150 | k=0.99750  <k>=0.99723 +/- 15 pcm
  [GPU] batch  116/150 | k=0.99680  <k>=0.99722 +/- 15 pcm
  [GPU] batch  117/150 | k=0.99786  <k>=0.99723 +/- 14 pcm
  [GPU] batch  118/150 | k=0.99850  <k>=0.99725 +/- 14 pcm
  [GPU] batch  119/150 | k=0.99624  <k>=0.99723 +/- 14 pcm
  [GPU] batch  120/150 | k=0.99607  <k>=0.99722 +/- 14 pcm
  [GPU] batch  121/150 | k=0.99594  <k>=0.99721 +/- 14 pcm
  [GPU] batch  122/150 | k=0.99795  <k>=0.99722 +/- 14 pcm
  [GPU] batch  123/150 | k=0.99654  <k>=0.99721 +/- 14 pcm
  [GPU] batch  124/150 | k=0.99656  <k>=0.99720 +/- 14 pcm
  [GPU] batch  125/150 | k=0.99849  <k>=0.99721 +/- 14 pcm
  [GPU] batch  126/150 | k=0.99710  <k>=0.99721 +/- 13 pcm
  [GPU] batch  127/150 | k=0.99656  <k>=0.99721 +/- 13 pcm
  [GPU] batch  128/150 | k=0.99690  <k>=0.99720 +/- 13 pcm
  [GPU] batch  129/150 | k=0.99870  <k>=0.99722 +/- 13 pcm
  [GPU] batch  130/150 | k=0.99861  <k>=0.99723 +/- 13 pcm
  [GPU] batch  131/150 | k=0.99726  <k>=0.99723 +/- 13 pcm
  [GPU] batch  132/150 | k=0.99729  <k>=0.99723 +/- 13 pcm
  [GPU] batch  133/150 | k=0.99671  <k>=0.99723 +/- 13 pcm
  [GPU] batch  134/150 | k=0.99505  <k>=0.99721 +/- 13 pcm
  [GPU] batch  135/150 | k=0.99503  <k>=0.99719 +/- 13 pcm
  [GPU] batch  136/150 | k=0.99899  <k>=0.99720 +/- 13 pcm
  [GPU] batch  137/150 | k=0.99754  <k>=0.99721 +/- 13 pcm
  [GPU] batch  138/150 | k=0.99631  <k>=0.99720 +/- 13 pcm
  [GPU] batch  139/150 | k=0.99774  <k>=0.99720 +/- 12 pcm
  [GPU] batch  140/150 | k=0.99743  <k>=0.99721 +/- 12 pcm
  [GPU] batch  141/150 | k=0.99878  <k>=0.99722 +/- 12 pcm
  [GPU] batch  142/150 | k=0.99406  <k>=0.99719 +/- 13 pcm
  [GPU] batch  143/150 | k=0.99835  <k>=0.99720 +/- 12 pcm
  [GPU] batch  144/150 | k=0.99717  <k>=0.99720 +/- 12 pcm
  [GPU] batch  145/150 | k=0.99695  <k>=0.99720 +/- 12 pcm
  [GPU] batch  146/150 | k=0.99742  <k>=0.99720 +/- 12 pcm
  [GPU] batch  147/150 | k=0.99689  <k>=0.99720 +/- 12 pcm
  [GPU] batch  148/150 | k=0.99638  <k>=0.99719 +/- 12 pcm
  [GPU] batch  149/150 | k=0.99842  <k>=0.99720 +/- 12 pcm
  [GPU] batch  150/150 | k=0.99813  <k>=0.99721 +/- 12 pcm
  heu-met-fast-008 -- seed 1/5 done in 157.0s: k=0.99721 +/- 0.00012
  heu-met-fast-008 -- seed 2/5 (seed=43) starting
  GPU: WMP payload = 0.0 KB (0 / 23 nuclides covered)
  GPU auto-refill: picked factor=3.48 for particles_per_batch=200000
  [GPU] batch    1/150 | k=0.86062  (inactive)
  [GPU] batch    2/150 | k=0.97093  (inactive)
  [GPU] batch    3/150 | k=0.98422  (inactive)
  [GPU] batch    4/150 | k=0.99222  (inactive)
  [GPU] batch    5/150 | k=0.99482  (inactive)
  [GPU] batch    6/150 | k=0.99393  (inactive)
  [GPU] batch    7/150 | k=0.99638  (inactive)
  [GPU] batch    8/150 | k=0.99609  (inactive)
  [GPU] batch    9/150 | k=0.99650  (inactive)
  [GPU] batch   10/150 | k=0.99766  (inactive)
  [GPU] batch   11/150 | k=0.99752  (inactive)
  [GPU] batch   12/150 | k=0.99434  (inactive)
  [GPU] batch   13/150 | k=0.99820  (inactive)
  [GPU] batch   14/150 | k=0.99575  (inactive)
  [GPU] batch   15/150 | k=0.99710  (inactive)
  [GPU] batch   16/150 | k=0.99618  (inactive)
  [GPU] batch   17/150 | k=0.99663  (inactive)
  [GPU] batch   18/150 | k=0.99655  (inactive)
  [GPU] batch   19/150 | k=0.99534  (inactive)
  [GPU] batch   20/150 | k=0.99424  (inactive)
  [GPU] batch   21/150 | k=0.99459  (inactive)
  [GPU] batch   22/150 | k=0.99623  (inactive)
  [GPU] batch   23/150 | k=0.99481  (inactive)
  [GPU] batch   24/150 | k=0.99780  (inactive)
  [GPU] batch   25/150 | k=0.99835  (inactive)
  [GPU] batch   26/150 | k=0.99785  (inactive)
  [GPU] batch   27/150 | k=0.99784  (inactive)
  [GPU] batch   28/150 | k=0.99540  (inactive)
  [GPU] batch   29/150 | k=0.99621  (inactive)
  [GPU] batch   30/150 | k=0.99711  (inactive)
  [GPU] batch   31/150 | k=0.99676  (1st active)
  [GPU] batch   32/150 | k=0.99648  <k>=0.99662 +/- 14 pcm
  [GPU] batch   33/150 | k=0.99659  <k>=0.99661 +/- 8 pcm
  [GPU] batch   34/150 | k=0.99663  <k>=0.99661 +/- 6 pcm
  [GPU] batch   35/150 | k=0.99673  <k>=0.99664 +/- 5 pcm
  [GPU] batch   36/150 | k=0.99652  <k>=0.99662 +/- 5 pcm
  [GPU] batch   37/150 | k=0.99711  <k>=0.99669 +/- 8 pcm
  [GPU] batch   38/150 | k=0.99459  <k>=0.99642 +/- 27 pcm
  [GPU] batch   39/150 | k=0.99632  <k>=0.99641 +/- 24 pcm
  [GPU] batch   40/150 | k=0.99874  <k>=0.99665 +/- 32 pcm
  [GPU] batch   41/150 | k=0.99586  <k>=0.99657 +/- 29 pcm
  [GPU] batch   42/150 | k=0.99748  <k>=0.99665 +/- 28 pcm
  [GPU] batch   43/150 | k=0.99740  <k>=0.99671 +/- 26 pcm
  [GPU] batch   44/150 | k=0.99817  <k>=0.99681 +/- 27 pcm
  [GPU] batch   45/150 | k=0.99577  <k>=0.99674 +/- 26 pcm
  [GPU] batch   46/150 | k=0.99583  <k>=0.99669 +/- 25 pcm
  [GPU] batch   47/150 | k=0.99589  <k>=0.99664 +/- 24 pcm
  [GPU] batch   48/150 | k=0.99628  <k>=0.99662 +/- 22 pcm
  [GPU] batch   49/150 | k=0.99615  <k>=0.99659 +/- 21 pcm
  [GPU] batch   50/150 | k=0.99885  <k>=0.99671 +/- 23 pcm
  [GPU] batch   51/150 | k=0.99838  <k>=0.99679 +/- 23 pcm
  [GPU] batch   52/150 | k=0.99827  <k>=0.99685 +/- 23 pcm
  [GPU] batch   53/150 | k=0.99686  <k>=0.99685 +/- 22 pcm
  [GPU] batch   54/150 | k=0.99512  <k>=0.99678 +/- 23 pcm
  [GPU] batch   55/150 | k=0.99624  <k>=0.99676 +/- 22 pcm
  [GPU] batch   56/150 | k=0.99864  <k>=0.99683 +/- 22 pcm
  [GPU] batch   57/150 | k=0.99717  <k>=0.99685 +/- 21 pcm
  [GPU] batch   58/150 | k=0.99799  <k>=0.99689 +/- 21 pcm
  [GPU] batch   59/150 | k=0.99694  <k>=0.99689 +/- 20 pcm
  [GPU] batch   60/150 | k=0.99686  <k>=0.99689 +/- 20 pcm
  [GPU] batch   61/150 | k=0.99989  <k>=0.99698 +/- 21 pcm
  [GPU] batch   62/150 | k=0.99410  <k>=0.99689 +/- 22 pcm
  [GPU] batch   63/150 | k=0.99435  <k>=0.99682 +/- 23 pcm
  [GPU] batch   64/150 | k=0.99524  <k>=0.99677 +/- 23 pcm
  [GPU] batch   65/150 | k=0.99894  <k>=0.99683 +/- 23 pcm
  [GPU] batch   66/150 | k=0.99763  <k>=0.99685 +/- 22 pcm
  [GPU] batch   67/150 | k=0.99678  <k>=0.99685 +/- 22 pcm
  [GPU] batch   68/150 | k=0.99663  <k>=0.99685 +/- 21 pcm
  [GPU] batch   69/150 | k=0.99502  <k>=0.99680 +/- 21 pcm
  [GPU] batch   70/150 | k=0.99787  <k>=0.99683 +/- 21 pcm
  [GPU] batch   71/150 | k=0.99937  <k>=0.99689 +/- 21 pcm
  [GPU] batch   72/150 | k=0.99577  <k>=0.99686 +/- 21 pcm
  [GPU] batch   73/150 | k=0.99840  <k>=0.99690 +/- 21 pcm
  [GPU] batch   74/150 | k=0.99724  <k>=0.99691 +/- 20 pcm
  [GPU] batch   75/150 | k=0.99636  <k>=0.99689 +/- 20 pcm
  [GPU] batch   76/150 | k=0.99798  <k>=0.99692 +/- 20 pcm
  [GPU] batch   77/150 | k=0.99767  <k>=0.99693 +/- 19 pcm
  [GPU] batch   78/150 | k=0.99548  <k>=0.99690 +/- 19 pcm
  [GPU] batch   79/150 | k=0.99800  <k>=0.99693 +/- 19 pcm
  [GPU] batch   80/150 | k=0.99779  <k>=0.99694 +/- 19 pcm
  [GPU] batch   81/150 | k=0.99791  <k>=0.99696 +/- 18 pcm
  [GPU] batch   82/150 | k=0.99957  <k>=0.99701 +/- 19 pcm
  [GPU] batch   83/150 | k=0.99808  <k>=0.99703 +/- 18 pcm
  [GPU] batch   84/150 | k=0.99694  <k>=0.99703 +/- 18 pcm
  [GPU] batch   85/150 | k=0.99715  <k>=0.99703 +/- 18 pcm
  [GPU] batch   86/150 | k=0.99624  <k>=0.99702 +/- 17 pcm
  [GPU] batch   87/150 | k=0.99757  <k>=0.99703 +/- 17 pcm
  [GPU] batch   88/150 | k=0.99784  <k>=0.99704 +/- 17 pcm
  [GPU] batch   89/150 | k=0.99793  <k>=0.99706 +/- 17 pcm
  [GPU] batch   90/150 | k=0.99663  <k>=0.99705 +/- 16 pcm
  [GPU] batch   91/150 | k=0.99786  <k>=0.99706 +/- 16 pcm
  [GPU] batch   92/150 | k=0.99763  <k>=0.99707 +/- 16 pcm
  [GPU] batch   93/150 | k=0.99871  <k>=0.99710 +/- 16 pcm
  [GPU] batch   94/150 | k=0.99677  <k>=0.99709 +/- 16 pcm
  [GPU] batch   95/150 | k=0.99685  <k>=0.99709 +/- 15 pcm
  [GPU] batch   96/150 | k=0.99686  <k>=0.99709 +/- 15 pcm
  [GPU] batch   97/150 | k=0.99537  <k>=0.99706 +/- 15 pcm
  [GPU] batch   98/150 | k=0.99739  <k>=0.99707 +/- 15 pcm
  [GPU] batch   99/150 | k=0.99584  <k>=0.99705 +/- 15 pcm
  [GPU] batch  100/150 | k=0.99806  <k>=0.99706 +/- 15 pcm
  [GPU] batch  101/150 | k=0.99748  <k>=0.99707 +/- 15 pcm
  [GPU] batch  102/150 | k=0.99661  <k>=0.99706 +/- 14 pcm
  [GPU] batch  103/150 | k=0.99516  <k>=0.99704 +/- 14 pcm
  [GPU] batch  104/150 | k=0.99821  <k>=0.99705 +/- 14 pcm
  [GPU] batch  105/150 | k=0.99579  <k>=0.99703 +/- 14 pcm
  [GPU] batch  106/150 | k=0.99772  <k>=0.99704 +/- 14 pcm
  [GPU] batch  107/150 | k=0.99586  <k>=0.99703 +/- 14 pcm
  [GPU] batch  108/150 | k=0.99735  <k>=0.99703 +/- 14 pcm
  [GPU] batch  109/150 | k=0.99858  <k>=0.99705 +/- 14 pcm
  [GPU] batch  110/150 | k=0.99835  <k>=0.99707 +/- 14 pcm
  [GPU] batch  111/150 | k=0.99784  <k>=0.99708 +/- 14 pcm
  [GPU] batch  112/150 | k=0.99670  <k>=0.99707 +/- 13 pcm
  [GPU] batch  113/150 | k=0.99683  <k>=0.99707 +/- 13 pcm
  [GPU] batch  114/150 | k=0.99637  <k>=0.99706 +/- 13 pcm
  [GPU] batch  115/150 | k=0.99688  <k>=0.99706 +/- 13 pcm
  [GPU] batch  116/150 | k=0.99749  <k>=0.99706 +/- 13 pcm
  [GPU] batch  117/150 | k=0.99790  <k>=0.99707 +/- 13 pcm
  [GPU] batch  118/150 | k=0.99670  <k>=0.99707 +/- 13 pcm
  [GPU] batch  119/150 | k=0.99716  <k>=0.99707 +/- 12 pcm
  [GPU] batch  120/150 | k=0.99484  <k>=0.99705 +/- 12 pcm
  [GPU] batch  121/150 | k=0.99670  <k>=0.99704 +/- 12 pcm
  [GPU] batch  122/150 | k=0.99687  <k>=0.99704 +/- 12 pcm
  [GPU] batch  123/150 | k=0.99708  <k>=0.99704 +/- 12 pcm
  [GPU] batch  124/150 | k=0.99839  <k>=0.99706 +/- 12 pcm
  [GPU] batch  125/150 | k=0.99571  <k>=0.99704 +/- 12 pcm
  [GPU] batch  126/150 | k=1.00106  <k>=0.99708 +/- 13 pcm
  [GPU] batch  127/150 | k=0.99641  <k>=0.99708 +/- 12 pcm
  [GPU] batch  128/150 | k=0.99806  <k>=0.99709 +/- 12 pcm
  [GPU] batch  129/150 | k=0.99902  <k>=0.99711 +/- 12 pcm
  [GPU] batch  130/150 | k=0.99674  <k>=0.99710 +/- 12 pcm
  [GPU] batch  131/150 | k=0.99895  <k>=0.99712 +/- 12 pcm
  [GPU] batch  132/150 | k=0.99706  <k>=0.99712 +/- 12 pcm
  [GPU] batch  133/150 | k=0.99595  <k>=0.99711 +/- 12 pcm
  [GPU] batch  134/150 | k=0.99798  <k>=0.99712 +/- 12 pcm
  [GPU] batch  135/150 | k=0.99664  <k>=0.99711 +/- 12 pcm
  [GPU] batch  136/150 | k=0.99697  <k>=0.99711 +/- 12 pcm
  [GPU] batch  137/150 | k=0.99637  <k>=0.99710 +/- 12 pcm
  [GPU] batch  138/150 | k=0.99717  <k>=0.99710 +/- 12 pcm
  [GPU] batch  139/150 | k=0.99617  <k>=0.99710 +/- 12 pcm
  [GPU] batch  140/150 | k=0.99559  <k>=0.99708 +/- 12 pcm
  [GPU] batch  141/150 | k=0.99437  <k>=0.99706 +/- 12 pcm
  [GPU] batch  142/150 | k=0.99625  <k>=0.99705 +/- 12 pcm
  [GPU] batch  143/150 | k=0.99707  <k>=0.99705 +/- 11 pcm
  [GPU] batch  144/150 | k=0.99963  <k>=0.99707 +/- 12 pcm
  [GPU] batch  145/150 | k=0.99595  <k>=0.99706 +/- 12 pcm
  [GPU] batch  146/150 | k=0.99716  <k>=0.99706 +/- 11 pcm
  [GPU] batch  147/150 | k=0.99637  <k>=0.99706 +/- 11 pcm
  [GPU] batch  148/150 | k=0.99564  <k>=0.99705 +/- 11 pcm
  [GPU] batch  149/150 | k=0.99662  <k>=0.99704 +/- 11 pcm
  [GPU] batch  150/150 | k=0.99717  <k>=0.99704 +/- 11 pcm
  heu-met-fast-008 -- seed 2/5 done in 154.2s: k=0.99704 +/- 0.00011
  heu-met-fast-008 -- seed 3/5 (seed=44) starting
  GPU: WMP payload = 0.0 KB (0 / 23 nuclides covered)
  GPU auto-refill: picked factor=3.48 for particles_per_batch=200000
  [GPU] batch    1/150 | k=0.86114  (inactive)
  [GPU] batch    2/150 | k=0.96870  (inactive)
  [GPU] batch    3/150 | k=0.98463  (inactive)
  [GPU] batch    4/150 | k=0.99255  (inactive)
  [GPU] batch    5/150 | k=0.99779  (inactive)
  [GPU] batch    6/150 | k=0.99949  (inactive)
  [GPU] batch    7/150 | k=0.99627  (inactive)
  [GPU] batch    8/150 | k=0.99731  (inactive)
  [GPU] batch    9/150 | k=0.99601  (inactive)
  [GPU] batch   10/150 | k=0.99751  (inactive)
  [GPU] batch   11/150 | k=0.99792  (inactive)
  [GPU] batch   12/150 | k=0.99569  (inactive)
  [GPU] batch   13/150 | k=0.99617  (inactive)
  [GPU] batch   14/150 | k=0.99488  (inactive)
  [GPU] batch   15/150 | k=0.99625  (inactive)
  [GPU] batch   16/150 | k=0.99605  (inactive)
  [GPU] batch   17/150 | k=0.99911  (inactive)
  [GPU] batch   18/150 | k=0.99674  (inactive)
  [GPU] batch   19/150 | k=0.99700  (inactive)
  [GPU] batch   20/150 | k=0.99949  (inactive)
  [GPU] batch   21/150 | k=0.99791  (inactive)
  [GPU] batch   22/150 | k=0.99489  (inactive)
  [GPU] batch   23/150 | k=0.99825  (inactive)
  [GPU] batch   24/150 | k=0.99377  (inactive)
  [GPU] batch   25/150 | k=0.99490  (inactive)
  [GPU] batch   26/150 | k=0.99454  (inactive)
  [GPU] batch   27/150 | k=0.99479  (inactive)
  [GPU] batch   28/150 | k=0.99951  (inactive)
  [GPU] batch   29/150 | k=0.99622  (inactive)
  [GPU] batch   30/150 | k=0.99777  (inactive)
  [GPU] batch   31/150 | k=0.99708  (1st active)
  [GPU] batch   32/150 | k=0.99409  <k>=0.99559 +/- 149 pcm
  [GPU] batch   33/150 | k=0.99689  <k>=0.99602 +/- 96 pcm
  [GPU] batch   34/150 | k=0.99863  <k>=0.99667 +/- 94 pcm
  [GPU] batch   35/150 | k=0.99586  <k>=0.99651 +/- 75 pcm
  [GPU] batch   36/150 | k=0.99692  <k>=0.99658 +/- 62 pcm
  [GPU] batch   37/150 | k=0.99584  <k>=0.99647 +/- 53 pcm
  [GPU] batch   38/150 | k=0.99693  <k>=0.99653 +/- 46 pcm
  [GPU] batch   39/150 | k=0.99596  <k>=0.99647 +/- 41 pcm
  [GPU] batch   40/150 | k=0.99739  <k>=0.99656 +/- 38 pcm
  [GPU] batch   41/150 | k=0.99593  <k>=0.99650 +/- 35 pcm
  [GPU] batch   42/150 | k=0.99427  <k>=0.99631 +/- 37 pcm
  [GPU] batch   43/150 | k=0.99822  <k>=0.99646 +/- 37 pcm
  [GPU] batch   44/150 | k=0.99898  <k>=0.99664 +/- 39 pcm
  [GPU] batch   45/150 | k=0.99531  <k>=0.99655 +/- 37 pcm
  [GPU] batch   46/150 | k=0.99668  <k>=0.99656 +/- 35 pcm
  [GPU] batch   47/150 | k=0.99883  <k>=0.99669 +/- 35 pcm
  [GPU] batch   48/150 | k=0.99548  <k>=0.99663 +/- 34 pcm
  [GPU] batch   49/150 | k=0.99781  <k>=0.99669 +/- 33 pcm
  [GPU] batch   50/150 | k=0.99804  <k>=0.99676 +/- 32 pcm
  [GPU] batch   51/150 | k=0.99905  <k>=0.99687 +/- 32 pcm
  [GPU] batch   52/150 | k=0.99750  <k>=0.99689 +/- 31 pcm
  [GPU] batch   53/150 | k=0.99887  <k>=0.99698 +/- 31 pcm
  [GPU] batch   54/150 | k=0.99585  <k>=0.99693 +/- 30 pcm
  [GPU] batch   55/150 | k=0.99742  <k>=0.99695 +/- 29 pcm
  [GPU] batch   56/150 | k=0.99381  <k>=0.99683 +/- 30 pcm
  [GPU] batch   57/150 | k=0.99858  <k>=0.99690 +/- 30 pcm
  [GPU] batch   58/150 | k=0.99834  <k>=0.99695 +/- 29 pcm
  [GPU] batch   59/150 | k=0.99583  <k>=0.99691 +/- 28 pcm
  [GPU] batch   60/150 | k=0.99795  <k>=0.99694 +/- 27 pcm
  [GPU] batch   61/150 | k=0.99531  <k>=0.99689 +/- 27 pcm
  [GPU] batch   62/150 | k=0.99859  <k>=0.99694 +/- 27 pcm
  [GPU] batch   63/150 | k=0.99577  <k>=0.99691 +/- 26 pcm
  [GPU] batch   64/150 | k=0.99790  <k>=0.99694 +/- 26 pcm
  [GPU] batch   65/150 | k=0.99693  <k>=0.99694 +/- 25 pcm
  [GPU] batch   66/150 | k=1.00269  <k>=0.99710 +/- 29 pcm
  [GPU] batch   67/150 | k=0.99846  <k>=0.99713 +/- 28 pcm
  [GPU] batch   68/150 | k=0.99858  <k>=0.99717 +/- 28 pcm
  [GPU] batch   69/150 | k=0.99607  <k>=0.99714 +/- 27 pcm
  [GPU] batch   70/150 | k=1.00042  <k>=0.99723 +/- 28 pcm
  [GPU] batch   71/150 | k=0.99657  <k>=0.99721 +/- 27 pcm
  [GPU] batch   72/150 | k=0.99553  <k>=0.99717 +/- 27 pcm
  [GPU] batch   73/150 | k=0.99546  <k>=0.99713 +/- 27 pcm
  [GPU] batch   74/150 | k=0.99700  <k>=0.99713 +/- 26 pcm
  [GPU] batch   75/150 | k=0.99739  <k>=0.99713 +/- 25 pcm
  [GPU] batch   76/150 | k=0.99793  <k>=0.99715 +/- 25 pcm
  [GPU] batch   77/150 | k=0.99678  <k>=0.99714 +/- 24 pcm
  [GPU] batch   78/150 | k=0.99658  <k>=0.99713 +/- 24 pcm
  [GPU] batch   79/150 | k=0.99936  <k>=0.99718 +/- 24 pcm
  [GPU] batch   80/150 | k=0.99441  <k>=0.99712 +/- 24 pcm
  [GPU] batch   81/150 | k=0.99648  <k>=0.99711 +/- 24 pcm
  [GPU] batch   82/150 | k=0.99586  <k>=0.99708 +/- 23 pcm
  [GPU] batch   83/150 | k=0.99914  <k>=0.99712 +/- 23 pcm
  [GPU] batch   84/150 | k=0.99796  <k>=0.99714 +/- 23 pcm
  [GPU] batch   85/150 | k=0.99595  <k>=0.99712 +/- 22 pcm
  [GPU] batch   86/150 | k=0.99494  <k>=0.99708 +/- 22 pcm
  [GPU] batch   87/150 | k=0.99655  <k>=0.99707 +/- 22 pcm
  [GPU] batch   88/150 | k=0.99535  <k>=0.99704 +/- 22 pcm
  [GPU] batch   89/150 | k=0.99569  <k>=0.99702 +/- 22 pcm
  [GPU] batch   90/150 | k=0.99872  <k>=0.99704 +/- 21 pcm
  [GPU] batch   91/150 | k=0.99465  <k>=0.99701 +/- 21 pcm
  [GPU] batch   92/150 | k=0.99425  <k>=0.99696 +/- 21 pcm
  [GPU] batch   93/150 | k=0.99831  <k>=0.99698 +/- 21 pcm
  [GPU] batch   94/150 | k=0.99915  <k>=0.99702 +/- 21 pcm
  [GPU] batch   95/150 | k=0.99632  <k>=0.99701 +/- 21 pcm
  [GPU] batch   96/150 | k=0.99585  <k>=0.99699 +/- 21 pcm
  [GPU] batch   97/150 | k=0.99637  <k>=0.99698 +/- 20 pcm
  [GPU] batch   98/150 | k=0.99764  <k>=0.99699 +/- 20 pcm
  [GPU] batch   99/150 | k=0.99809  <k>=0.99700 +/- 20 pcm
  [GPU] batch  100/150 | k=0.99722  <k>=0.99701 +/- 20 pcm
  [GPU] batch  101/150 | k=0.99923  <k>=0.99704 +/- 20 pcm
  [GPU] batch  102/150 | k=0.99592  <k>=0.99702 +/- 19 pcm
  [GPU] batch  103/150 | k=0.99495  <k>=0.99699 +/- 19 pcm
  [GPU] batch  104/150 | k=0.99964  <k>=0.99703 +/- 19 pcm
  [GPU] batch  105/150 | k=0.99448  <k>=0.99700 +/- 19 pcm
  [GPU] batch  106/150 | k=0.99750  <k>=0.99700 +/- 19 pcm
  [GPU] batch  107/150 | k=0.99840  <k>=0.99702 +/- 19 pcm
  [GPU] batch  108/150 | k=0.99805  <k>=0.99703 +/- 19 pcm
  [GPU] batch  109/150 | k=0.99722  <k>=0.99704 +/- 19 pcm
  [GPU] batch  110/150 | k=0.99801  <k>=0.99705 +/- 18 pcm
  [GPU] batch  111/150 | k=0.99616  <k>=0.99704 +/- 18 pcm
  [GPU] batch  112/150 | k=0.99590  <k>=0.99702 +/- 18 pcm
  [GPU] batch  113/150 | k=0.99720  <k>=0.99703 +/- 18 pcm
  [GPU] batch  114/150 | k=0.99687  <k>=0.99702 +/- 18 pcm
  [GPU] batch  115/150 | k=0.99753  <k>=0.99703 +/- 17 pcm
  [GPU] batch  116/150 | k=0.99930  <k>=0.99706 +/- 17 pcm
  [GPU] batch  117/150 | k=0.99562  <k>=0.99704 +/- 17 pcm
  [GPU] batch  118/150 | k=0.99448  <k>=0.99701 +/- 17 pcm
  [GPU] batch  119/150 | k=0.99628  <k>=0.99700 +/- 17 pcm
  [GPU] batch  120/150 | k=0.99880  <k>=0.99702 +/- 17 pcm
  [GPU] batch  121/150 | k=0.99509  <k>=0.99700 +/- 17 pcm
  [GPU] batch  122/150 | k=0.99738  <k>=0.99701 +/- 17 pcm
  [GPU] batch  123/150 | k=0.99830  <k>=0.99702 +/- 17 pcm
  [GPU] batch  124/150 | k=0.99818  <k>=0.99703 +/- 17 pcm
  [GPU] batch  125/150 | k=0.99835  <k>=0.99705 +/- 16 pcm
  [GPU] batch  126/150 | k=0.99601  <k>=0.99704 +/- 16 pcm
  [GPU] batch  127/150 | k=0.99772  <k>=0.99704 +/- 16 pcm
  [GPU] batch  128/150 | k=0.99719  <k>=0.99704 +/- 16 pcm
  [GPU] batch  129/150 | k=0.99782  <k>=0.99705 +/- 16 pcm
  [GPU] batch  130/150 | k=0.99888  <k>=0.99707 +/- 16 pcm
  [GPU] batch  131/150 | k=0.99625  <k>=0.99706 +/- 16 pcm
  [GPU] batch  132/150 | k=0.99755  <k>=0.99707 +/- 15 pcm
  [GPU] batch  133/150 | k=0.99645  <k>=0.99706 +/- 15 pcm
  [GPU] batch  134/150 | k=0.99671  <k>=0.99706 +/- 15 pcm
  [GPU] batch  135/150 | k=0.99567  <k>=0.99704 +/- 15 pcm
  [GPU] batch  136/150 | k=1.00080  <k>=0.99708 +/- 15 pcm
  [GPU] batch  137/150 | k=0.99846  <k>=0.99709 +/- 15 pcm
  [GPU] batch  138/150 | k=0.99891  <k>=0.99711 +/- 15 pcm
  [GPU] batch  139/150 | k=0.99618  <k>=0.99710 +/- 15 pcm
  [GPU] batch  140/150 | k=0.99825  <k>=0.99711 +/- 15 pcm
  [GPU] batch  141/150 | k=0.99505  <k>=0.99709 +/- 15 pcm
  [GPU] batch  142/150 | k=0.99508  <k>=0.99707 +/- 15 pcm
  [GPU] batch  143/150 | k=0.99923  <k>=0.99709 +/- 15 pcm
  [GPU] batch  144/150 | k=0.99415  <k>=0.99707 +/- 15 pcm
  [GPU] batch  145/150 | k=0.99808  <k>=0.99708 +/- 15 pcm
  [GPU] batch  146/150 | k=0.99653  <k>=0.99707 +/- 15 pcm
  [GPU] batch  147/150 | k=0.99765  <k>=0.99708 +/- 15 pcm
  [GPU] batch  148/150 | k=0.99326  <k>=0.99704 +/- 15 pcm
  [GPU] batch  149/150 | k=0.99555  <k>=0.99703 +/- 15 pcm
  [GPU] batch  150/150 | k=0.99992  <k>=0.99706 +/- 15 pcm
  heu-met-fast-008 -- seed 3/5 done in 152.9s: k=0.99706 +/- 0.00015
  heu-met-fast-008 -- seed 4/5 (seed=45) starting
  GPU: WMP payload = 0.0 KB (0 / 23 nuclides covered)
  GPU auto-refill: picked factor=3.48 for particles_per_batch=200000
  [GPU] batch    1/150 | k=0.86098  (inactive)
  [GPU] batch    2/150 | k=0.96717  (inactive)
  [GPU] batch    3/150 | k=0.98326  (inactive)
  [GPU] batch    4/150 | k=0.99034  (inactive)
  [GPU] batch    5/150 | k=0.99124  (inactive)
  [GPU] batch    6/150 | k=0.99776  (inactive)
  [GPU] batch    7/150 | k=0.99656  (inactive)
  [GPU] batch    8/150 | k=0.99660  (inactive)
  [GPU] batch    9/150 | k=0.99795  (inactive)
  [GPU] batch   10/150 | k=0.99863  (inactive)
  [GPU] batch   11/150 | k=0.99836  (inactive)
  [GPU] batch   12/150 | k=0.99752  (inactive)
  [GPU] batch   13/150 | k=1.00025  (inactive)
  [GPU] batch   14/150 | k=0.99568  (inactive)
  [GPU] batch   15/150 | k=0.99678  (inactive)
  [GPU] batch   16/150 | k=0.99734  (inactive)
  [GPU] batch   17/150 | k=0.99737  (inactive)
  [GPU] batch   18/150 | k=0.99496  (inactive)
  [GPU] batch   19/150 | k=0.99630  (inactive)
  [GPU] batch   20/150 | k=0.99688  (inactive)
  [GPU] batch   21/150 | k=0.99662  (inactive)
  [GPU] batch   22/150 | k=0.99793  (inactive)
  [GPU] batch   23/150 | k=0.99688  (inactive)
  [GPU] batch   24/150 | k=0.99844  (inactive)
  [GPU] batch   25/150 | k=0.99535  (inactive)
  [GPU] batch   26/150 | k=0.99579  (inactive)
  [GPU] batch   27/150 | k=0.99853  (inactive)
  [GPU] batch   28/150 | k=0.99556  (inactive)
  [GPU] batch   29/150 | k=0.99793  (inactive)
  [GPU] batch   30/150 | k=0.99896  (inactive)
  [GPU] batch   31/150 | k=0.99523  (1st active)
  [GPU] batch   32/150 | k=0.99458  <k>=0.99490 +/- 33 pcm
  [GPU] batch   33/150 | k=0.99608  <k>=0.99529 +/- 43 pcm
  [GPU] batch   34/150 | k=0.99764  <k>=0.99588 +/- 66 pcm
  [GPU] batch   35/150 | k=0.99603  <k>=0.99591 +/- 51 pcm
  [GPU] batch   36/150 | k=0.99846  <k>=0.99634 +/- 60 pcm
  [GPU] batch   37/150 | k=0.99534  <k>=0.99619 +/- 53 pcm
  [GPU] batch   38/150 | k=0.99589  <k>=0.99616 +/- 46 pcm
  [GPU] batch   39/150 | k=0.99861  <k>=0.99643 +/- 49 pcm
  [GPU] batch   40/150 | k=0.99707  <k>=0.99649 +/- 44 pcm
  [GPU] batch   41/150 | k=0.99560  <k>=0.99641 +/- 41 pcm
  [GPU] batch   42/150 | k=0.99800  <k>=0.99654 +/- 39 pcm
  [GPU] batch   43/150 | k=0.99795  <k>=0.99665 +/- 38 pcm
  [GPU] batch   44/150 | k=0.99841  <k>=0.99678 +/- 37 pcm
  [GPU] batch   45/150 | k=0.99736  <k>=0.99682 +/- 35 pcm
  [GPU] batch   46/150 | k=0.99514  <k>=0.99671 +/- 34 pcm
  [GPU] batch   47/150 | k=0.99592  <k>=0.99666 +/- 32 pcm
  [GPU] batch   48/150 | k=0.99660  <k>=0.99666 +/- 31 pcm
  [GPU] batch   49/150 | k=0.99287  <k>=0.99646 +/- 35 pcm
  [GPU] batch   50/150 | k=0.99746  <k>=0.99651 +/- 34 pcm
  [GPU] batch   51/150 | k=0.99810  <k>=0.99659 +/- 33 pcm
  [GPU] batch   52/150 | k=0.99778  <k>=0.99664 +/- 32 pcm
  [GPU] batch   53/150 | k=0.99653  <k>=0.99664 +/- 30 pcm
  [GPU] batch   54/150 | k=0.99713  <k>=0.99666 +/- 29 pcm
  [GPU] batch   55/150 | k=0.99619  <k>=0.99664 +/- 28 pcm
  [GPU] batch   56/150 | k=0.99451  <k>=0.99656 +/- 28 pcm
  [GPU] batch   57/150 | k=0.99754  <k>=0.99659 +/- 27 pcm
  [GPU] batch   58/150 | k=0.99771  <k>=0.99663 +/- 27 pcm
  [GPU] batch   59/150 | k=0.99753  <k>=0.99666 +/- 26 pcm
  [GPU] batch   60/150 | k=0.99743  <k>=0.99669 +/- 25 pcm
  [GPU] batch   61/150 | k=0.99658  <k>=0.99669 +/- 24 pcm
  [GPU] batch   62/150 | k=0.99650  <k>=0.99668 +/- 24 pcm
  [GPU] batch   63/150 | k=0.99550  <k>=0.99664 +/- 23 pcm
  [GPU] batch   64/150 | k=0.99770  <k>=0.99667 +/- 23 pcm
  [GPU] batch   65/150 | k=0.99893  <k>=0.99674 +/- 23 pcm
  [GPU] batch   66/150 | k=0.99985  <k>=0.99683 +/- 24 pcm
  [GPU] batch   67/150 | k=0.99726  <k>=0.99684 +/- 23 pcm
  [GPU] batch   68/150 | k=0.99662  <k>=0.99683 +/- 23 pcm
  [GPU] batch   69/150 | k=0.99835  <k>=0.99687 +/- 22 pcm
  [GPU] batch   70/150 | k=0.99836  <k>=0.99691 +/- 22 pcm
  [GPU] batch   71/150 | k=0.99819  <k>=0.99694 +/- 22 pcm
  [GPU] batch   72/150 | k=0.99604  <k>=0.99692 +/- 21 pcm
  [GPU] batch   73/150 | k=0.99714  <k>=0.99692 +/- 21 pcm
  [GPU] batch   74/150 | k=0.99706  <k>=0.99693 +/- 20 pcm
  [GPU] batch   75/150 | k=0.99616  <k>=0.99691 +/- 20 pcm
  [GPU] batch   76/150 | k=0.99645  <k>=0.99690 +/- 20 pcm
  [GPU] batch   77/150 | k=0.99796  <k>=0.99692 +/- 19 pcm
  [GPU] batch   78/150 | k=0.99855  <k>=0.99696 +/- 19 pcm
  [GPU] batch   79/150 | k=0.99872  <k>=0.99699 +/- 19 pcm
  [GPU] batch   80/150 | k=0.99778  <k>=0.99701 +/- 19 pcm
  [GPU] batch   81/150 | k=0.99637  <k>=0.99699 +/- 19 pcm
  [GPU] batch   82/150 | k=0.99497  <k>=0.99696 +/- 19 pcm
  [GPU] batch   83/150 | k=0.99671  <k>=0.99695 +/- 18 pcm
  [GPU] batch   84/150 | k=0.99619  <k>=0.99694 +/- 18 pcm
  [GPU] batch   85/150 | k=0.99602  <k>=0.99692 +/- 18 pcm
  [GPU] batch   86/150 | k=0.99787  <k>=0.99694 +/- 17 pcm
  [GPU] batch   87/150 | k=0.99708  <k>=0.99694 +/- 17 pcm
  [GPU] batch   88/150 | k=0.99652  <k>=0.99693 +/- 17 pcm
  [GPU] batch   89/150 | k=0.99531  <k>=0.99691 +/- 17 pcm
  [GPU] batch   90/150 | k=0.99683  <k>=0.99690 +/- 17 pcm
  [GPU] batch   91/150 | k=0.99629  <k>=0.99689 +/- 16 pcm
  [GPU] batch   92/150 | k=0.99770  <k>=0.99691 +/- 16 pcm
  [GPU] batch   93/150 | k=0.99957  <k>=0.99695 +/- 16 pcm
  [GPU] batch   94/150 | k=0.99666  <k>=0.99694 +/- 16 pcm
  [GPU] batch   95/150 | k=0.99446  <k>=0.99691 +/- 16 pcm
  [GPU] batch   96/150 | k=0.99652  <k>=0.99690 +/- 16 pcm
  [GPU] batch   97/150 | k=0.99721  <k>=0.99691 +/- 16 pcm
  [GPU] batch   98/150 | k=0.99697  <k>=0.99691 +/- 16 pcm
  [GPU] batch   99/150 | k=0.99863  <k>=0.99693 +/- 16 pcm
  [GPU] batch  100/150 | k=0.99823  <k>=0.99695 +/- 15 pcm
  [GPU] batch  101/150 | k=0.99641  <k>=0.99694 +/- 15 pcm
  [GPU] batch  102/150 | k=0.99499  <k>=0.99692 +/- 15 pcm
  [GPU] batch  103/150 | k=0.99656  <k>=0.99691 +/- 15 pcm
  [GPU] batch  104/150 | k=0.99944  <k>=0.99694 +/- 15 pcm
  [GPU] batch  105/150 | k=0.99895  <k>=0.99697 +/- 15 pcm
  [GPU] batch  106/150 | k=0.99835  <k>=0.99699 +/- 15 pcm
  [GPU] batch  107/150 | k=0.99701  <k>=0.99699 +/- 15 pcm
  [GPU] batch  108/150 | k=0.99447  <k>=0.99696 +/- 15 pcm
  [GPU] batch  109/150 | k=0.99532  <k>=0.99694 +/- 15 pcm
  [GPU] batch  110/150 | k=0.99727  <k>=0.99694 +/- 15 pcm
  [GPU] batch  111/150 | k=0.99560  <k>=0.99692 +/- 15 pcm
  [GPU] batch  112/150 | k=0.99810  <k>=0.99694 +/- 15 pcm
  [GPU] batch  113/150 | k=0.99489  <k>=0.99691 +/- 15 pcm
  [GPU] batch  114/150 | k=0.99730  <k>=0.99692 +/- 15 pcm
  [GPU] batch  115/150 | k=0.99513  <k>=0.99690 +/- 15 pcm
  [GPU] batch  116/150 | k=0.99710  <k>=0.99690 +/- 14 pcm
  [GPU] batch  117/150 | k=0.99903  <k>=0.99692 +/- 14 pcm
  [GPU] batch  118/150 | k=0.99764  <k>=0.99693 +/- 14 pcm
  [GPU] batch  119/150 | k=0.99917  <k>=0.99696 +/- 14 pcm
  [GPU] batch  120/150 | k=0.99686  <k>=0.99696 +/- 14 pcm
  [GPU] batch  121/150 | k=0.99761  <k>=0.99696 +/- 14 pcm
  [GPU] batch  122/150 | k=0.99629  <k>=0.99696 +/- 14 pcm
  [GPU] batch  123/150 | k=0.99631  <k>=0.99695 +/- 14 pcm
  [GPU] batch  124/150 | k=0.99937  <k>=0.99698 +/- 14 pcm
  [GPU] batch  125/150 | k=0.99491  <k>=0.99695 +/- 14 pcm
  [GPU] batch  126/150 | k=0.99777  <k>=0.99696 +/- 14 pcm
  [GPU] batch  127/150 | k=0.99598  <k>=0.99695 +/- 14 pcm
  [GPU] batch  128/150 | k=0.99871  <k>=0.99697 +/- 14 pcm
  [GPU] batch  129/150 | k=0.99784  <k>=0.99698 +/- 14 pcm
  [GPU] batch  130/150 | k=0.99899  <k>=0.99700 +/- 14 pcm
  [GPU] batch  131/150 | k=0.99926  <k>=0.99702 +/- 14 pcm
  [GPU] batch  132/150 | k=0.99898  <k>=0.99704 +/- 14 pcm
  [GPU] batch  133/150 | k=0.99820  <k>=0.99705 +/- 14 pcm
  [GPU] batch  134/150 | k=0.99768  <k>=0.99706 +/- 13 pcm
  [GPU] batch  135/150 | k=0.99650  <k>=0.99705 +/- 13 pcm
  [GPU] batch  136/150 | k=0.99714  <k>=0.99705 +/- 13 pcm
  [GPU] batch  137/150 | k=0.99747  <k>=0.99706 +/- 13 pcm
  [GPU] batch  138/150 | k=0.99563  <k>=0.99704 +/- 13 pcm
  [GPU] batch  139/150 | k=0.99746  <k>=0.99705 +/- 13 pcm
  [GPU] batch  140/150 | k=0.99705  <k>=0.99705 +/- 13 pcm
  [GPU] batch  141/150 | k=0.99587  <k>=0.99704 +/- 13 pcm
  [GPU] batch  142/150 | k=0.99565  <k>=0.99702 +/- 13 pcm
  [GPU] batch  143/150 | k=0.99461  <k>=0.99700 +/- 13 pcm
  [GPU] batch  144/150 | k=0.99465  <k>=0.99698 +/- 13 pcm
  [GPU] batch  145/150 | k=0.99906  <k>=0.99700 +/- 13 pcm
  [GPU] batch  146/150 | k=0.99511  <k>=0.99698 +/- 13 pcm
  [GPU] batch  147/150 | k=0.99755  <k>=0.99699 +/- 13 pcm
  [GPU] batch  148/150 | k=0.99731  <k>=0.99699 +/- 13 pcm
  [GPU] batch  149/150 | k=0.99698  <k>=0.99699 +/- 12 pcm
  [GPU] batch  150/150 | k=0.99732  <k>=0.99699 +/- 12 pcm
  heu-met-fast-008 -- seed 4/5 done in 153.2s: k=0.99699 +/- 0.00012
  heu-met-fast-008 -- seed 5/5 (seed=46) starting
  GPU: WMP payload = 0.0 KB (0 / 23 nuclides covered)
  GPU auto-refill: picked factor=3.48 for particles_per_batch=200000
  [GPU] batch    1/150 | k=0.86157  (inactive)
  [GPU] batch    2/150 | k=0.97085  (inactive)
  [GPU] batch    3/150 | k=0.98738  (inactive)
  [GPU] batch    4/150 | k=0.99546  (inactive)
  [GPU] batch    5/150 | k=0.99574  (inactive)
  [GPU] batch    6/150 | k=0.99585  (inactive)
  [GPU] batch    7/150 | k=0.99684  (inactive)
  [GPU] batch    8/150 | k=0.99760  (inactive)
  [GPU] batch    9/150 | k=0.99844  (inactive)
  [GPU] batch   10/150 | k=0.99476  (inactive)
  [GPU] batch   11/150 | k=0.99634  (inactive)
  [GPU] batch   12/150 | k=0.99772  (inactive)
  [GPU] batch   13/150 | k=0.99714  (inactive)
  [GPU] batch   14/150 | k=0.99708  (inactive)
  [GPU] batch   15/150 | k=0.99506  (inactive)
  [GPU] batch   16/150 | k=0.99592  (inactive)
  [GPU] batch   17/150 | k=0.99713  (inactive)
  [GPU] batch   18/150 | k=0.99850  (inactive)
  [GPU] batch   19/150 | k=0.99627  (inactive)
  [GPU] batch   20/150 | k=0.99425  (inactive)
  [GPU] batch   21/150 | k=0.99641  (inactive)
  [GPU] batch   22/150 | k=0.99538  (inactive)
  [GPU] batch   23/150 | k=0.99601  (inactive)
  [GPU] batch   24/150 | k=0.99991  (inactive)
  [GPU] batch   25/150 | k=0.99877  (inactive)
  [GPU] batch   26/150 | k=0.99696  (inactive)
  [GPU] batch   27/150 | k=0.99696  (inactive)
  [GPU] batch   28/150 | k=0.99567  (inactive)
  [GPU] batch   29/150 | k=0.99574  (inactive)
  [GPU] batch   30/150 | k=0.99860  (inactive)
  [GPU] batch   31/150 | k=0.99468  (1st active)
  [GPU] batch   32/150 | k=0.99717  <k>=0.99593 +/- 124 pcm
  [GPU] batch   33/150 | k=0.99499  <k>=0.99561 +/- 78 pcm
  [GPU] batch   34/150 | k=0.99696  <k>=0.99595 +/- 65 pcm
  [GPU] batch   35/150 | k=0.99982  <k>=0.99672 +/- 92 pcm
  [GPU] batch   36/150 | k=0.99991  <k>=0.99726 +/- 92 pcm
  [GPU] batch   37/150 | k=0.99862  <k>=0.99745 +/- 80 pcm
  [GPU] batch   38/150 | k=0.99635  <k>=0.99731 +/- 71 pcm
  [GPU] batch   39/150 | k=0.99785  <k>=0.99737 +/- 63 pcm
  [GPU] batch   40/150 | k=0.99686  <k>=0.99732 +/- 56 pcm
  [GPU] batch   41/150 | k=0.99812  <k>=0.99739 +/- 52 pcm
  [GPU] batch   42/150 | k=0.99619  <k>=0.99729 +/- 48 pcm
  [GPU] batch   43/150 | k=0.99388  <k>=0.99703 +/- 51 pcm
  [GPU] batch   44/150 | k=0.99590  <k>=0.99695 +/- 48 pcm
  [GPU] batch   45/150 | k=0.99691  <k>=0.99695 +/- 45 pcm
  [GPU] batch   46/150 | k=0.99525  <k>=0.99684 +/- 43 pcm
  [GPU] batch   47/150 | k=0.99792  <k>=0.99690 +/- 41 pcm
  [GPU] batch   48/150 | k=0.99859  <k>=0.99700 +/- 40 pcm
  [GPU] batch   49/150 | k=0.99851  <k>=0.99708 +/- 39 pcm
  [GPU] batch   50/150 | k=0.99669  <k>=0.99706 +/- 37 pcm
  [GPU] batch   51/150 | k=0.99739  <k>=0.99707 +/- 35 pcm
  [GPU] batch   52/150 | k=0.99825  <k>=0.99713 +/- 34 pcm
  [GPU] batch   53/150 | k=0.99684  <k>=0.99712 +/- 32 pcm
  [GPU] batch   54/150 | k=0.99692  <k>=0.99711 +/- 31 pcm
  [GPU] batch   55/150 | k=0.99664  <k>=0.99709 +/- 30 pcm
  [GPU] batch   56/150 | k=0.99882  <k>=0.99715 +/- 29 pcm
  [GPU] batch   57/150 | k=0.99556  <k>=0.99710 +/- 29 pcm
  [GPU] batch   58/150 | k=0.99680  <k>=0.99709 +/- 28 pcm
  [GPU] batch   59/150 | k=0.99893  <k>=0.99715 +/- 28 pcm
  [GPU] batch   60/150 | k=0.99672  <k>=0.99713 +/- 27 pcm
  [GPU] batch   61/150 | k=0.99580  <k>=0.99709 +/- 26 pcm
  [GPU] batch   62/150 | k=0.99601  <k>=0.99706 +/- 26 pcm
  [GPU] batch   63/150 | k=0.99597  <k>=0.99702 +/- 25 pcm
  [GPU] batch   64/150 | k=0.99685  <k>=0.99702 +/- 24 pcm
  [GPU] batch   65/150 | k=0.99631  <k>=0.99700 +/- 24 pcm
  [GPU] batch   66/150 | k=0.99827  <k>=0.99703 +/- 23 pcm
  [GPU] batch   67/150 | k=0.99875  <k>=0.99708 +/- 23 pcm
  [GPU] batch   68/150 | k=0.99656  <k>=0.99707 +/- 23 pcm
  [GPU] batch   69/150 | k=0.99676  <k>=0.99706 +/- 22 pcm
  [GPU] batch   70/150 | k=0.99376  <k>=0.99698 +/- 23 pcm
  [GPU] batch   71/150 | k=0.99611  <k>=0.99696 +/- 22 pcm
  [GPU] batch   72/150 | k=0.99638  <k>=0.99694 +/- 22 pcm
  [GPU] batch   73/150 | k=0.99512  <k>=0.99690 +/- 22 pcm
  [GPU] batch   74/150 | k=0.99988  <k>=0.99697 +/- 22 pcm
  [GPU] batch   75/150 | k=0.99708  <k>=0.99697 +/- 22 pcm
  [GPU] batch   76/150 | k=0.99821  <k>=0.99700 +/- 22 pcm
  [GPU] batch   77/150 | k=0.99904  <k>=0.99704 +/- 22 pcm
  [GPU] batch   78/150 | k=0.99871  <k>=0.99707 +/- 21 pcm
  [GPU] batch   79/150 | k=0.99838  <k>=0.99710 +/- 21 pcm
  [GPU] batch   80/150 | k=0.99992  <k>=0.99716 +/- 21 pcm
  [GPU] batch   81/150 | k=0.99723  <k>=0.99716 +/- 21 pcm
  [GPU] batch   82/150 | k=0.99824  <k>=0.99718 +/- 21 pcm
  [GPU] batch   83/150 | k=0.99891  <k>=0.99721 +/- 21 pcm
  [GPU] batch   84/150 | k=0.99667  <k>=0.99720 +/- 20 pcm
  [GPU] batch   85/150 | k=0.99651  <k>=0.99719 +/- 20 pcm
  [GPU] batch   86/150 | k=0.99685  <k>=0.99718 +/- 20 pcm
  [GPU] batch   87/150 | k=0.99800  <k>=0.99720 +/- 19 pcm
  [GPU] batch   88/150 | k=0.99649  <k>=0.99719 +/- 19 pcm
  [GPU] batch   89/150 | k=0.99718  <k>=0.99719 +/- 19 pcm
  [GPU] batch   90/150 | k=0.99745  <k>=0.99719 +/- 18 pcm
  [GPU] batch   91/150 | k=0.99715  <k>=0.99719 +/- 18 pcm
  [GPU] batch   92/150 | k=0.99265  <k>=0.99712 +/- 19 pcm
  [GPU] batch   93/150 | k=0.99945  <k>=0.99715 +/- 19 pcm
  [GPU] batch   94/150 | k=0.99513  <k>=0.99712 +/- 19 pcm
  [GPU] batch   95/150 | k=1.00053  <k>=0.99717 +/- 20 pcm
  [GPU] batch   96/150 | k=0.99597  <k>=0.99716 +/- 19 pcm
  [GPU] batch   97/150 | k=0.99807  <k>=0.99717 +/- 19 pcm
  [GPU] batch   98/150 | k=0.99619  <k>=0.99716 +/- 19 pcm
  [GPU] batch   99/150 | k=0.99649  <k>=0.99715 +/- 19 pcm
  [GPU] batch  100/150 | k=0.99684  <k>=0.99714 +/- 18 pcm
  [GPU] batch  101/150 | k=0.99660  <k>=0.99713 +/- 18 pcm
  [GPU] batch  102/150 | k=0.99679  <k>=0.99713 +/- 18 pcm
  [GPU] batch  103/150 | k=0.99719  <k>=0.99713 +/- 18 pcm
  [GPU] batch  104/150 | k=1.00087  <k>=0.99718 +/- 18 pcm
  [GPU] batch  105/150 | k=0.99935  <k>=0.99721 +/- 18 pcm
  [GPU] batch  106/150 | k=0.99549  <k>=0.99719 +/- 18 pcm
  [GPU] batch  107/150 | k=0.99817  <k>=0.99720 +/- 18 pcm
  [GPU] batch  108/150 | k=0.99616  <k>=0.99719 +/- 18 pcm
  [GPU] batch  109/150 | k=0.99409  <k>=0.99715 +/- 18 pcm
  [GPU] batch  110/150 | k=0.99687  <k>=0.99714 +/- 18 pcm
  [GPU] batch  111/150 | k=0.99716  <k>=0.99714 +/- 17 pcm
  [GPU] batch  112/150 | k=0.99820  <k>=0.99716 +/- 17 pcm
  [GPU] batch  113/150 | k=0.99659  <k>=0.99715 +/- 17 pcm
  [GPU] batch  114/150 | k=0.99556  <k>=0.99713 +/- 17 pcm
  [GPU] batch  115/150 | k=0.99435  <k>=0.99710 +/- 17 pcm
  [GPU] batch  116/150 | k=0.99446  <k>=0.99707 +/- 17 pcm
  [GPU] batch  117/150 | k=0.99873  <k>=0.99709 +/- 17 pcm
  [GPU] batch  118/150 | k=0.99513  <k>=0.99706 +/- 17 pcm
  [GPU] batch  119/150 | k=0.99932  <k>=0.99709 +/- 17 pcm
  [GPU] batch  120/150 | k=0.99966  <k>=0.99712 +/- 17 pcm
  [GPU] batch  121/150 | k=0.99611  <k>=0.99711 +/- 17 pcm
  [GPU] batch  122/150 | k=0.99654  <k>=0.99710 +/- 17 pcm
  [GPU] batch  123/150 | k=0.99711  <k>=0.99710 +/- 17 pcm
  [GPU] batch  124/150 | k=0.99658  <k>=0.99710 +/- 16 pcm
  [GPU] batch  125/150 | k=0.99603  <k>=0.99708 +/- 16 pcm
  [GPU] batch  126/150 | k=0.99810  <k>=0.99710 +/- 16 pcm
  [GPU] batch  127/150 | k=0.99862  <k>=0.99711 +/- 16 pcm
  [GPU] batch  128/150 | k=0.99545  <k>=0.99709 +/- 16 pcm
  [GPU] batch  129/150 | k=0.99754  <k>=0.99710 +/- 16 pcm
  [GPU] batch  130/150 | k=0.99724  <k>=0.99710 +/- 16 pcm
  [GPU] batch  131/150 | k=0.99643  <k>=0.99709 +/- 16 pcm
  [GPU] batch  132/150 | k=0.99642  <k>=0.99709 +/- 15 pcm
  [GPU] batch  133/150 | k=0.99673  <k>=0.99708 +/- 15 pcm
  [GPU] batch  134/150 | k=0.99633  <k>=0.99708 +/- 15 pcm
  [GPU] batch  135/150 | k=0.99451  <k>=0.99705 +/- 15 pcm
  [GPU] batch  136/150 | k=0.99891  <k>=0.99707 +/- 15 pcm
  [GPU] batch  137/150 | k=0.99531  <k>=0.99705 +/- 15 pcm
  [GPU] batch  138/150 | k=0.99825  <k>=0.99706 +/- 15 pcm
  [GPU] batch  139/150 | k=0.99548  <k>=0.99705 +/- 15 pcm
  [GPU] batch  140/150 | k=0.99719  <k>=0.99705 +/- 15 pcm
  [GPU] batch  141/150 | k=0.99787  <k>=0.99706 +/- 15 pcm
  [GPU] batch  142/150 | k=0.99659  <k>=0.99705 +/- 15 pcm
  [GPU] batch  143/150 | k=0.99597  <k>=0.99704 +/- 14 pcm
  [GPU] batch  144/150 | k=0.99534  <k>=0.99703 +/- 14 pcm
  [GPU] batch  145/150 | k=0.99454  <k>=0.99701 +/- 14 pcm
  [GPU] batch  146/150 | k=0.99759  <k>=0.99701 +/- 14 pcm
  [GPU] batch  147/150 | k=0.99716  <k>=0.99701 +/- 14 pcm
  [GPU] batch  148/150 | k=0.99792  <k>=0.99702 +/- 14 pcm
  [GPU] batch  149/150 | k=0.99660  <k>=0.99702 +/- 14 pcm
  [GPU] batch  150/150 | k=0.99788  <k>=0.99702 +/- 14 pcm
  heu-met-fast-008 -- seed 5/5 done in 152.8s: k=0.99702 +/- 0.00014
heu-met-fast-008: PASS -- k=0.99707+/-0.00004, delta=+127pcm, bound=+/-320pcm, 0.79sigma, 770.1s (5seed x 150b x 30i x 200000p) [29/375]
[2/347] heu-met-fast-009_case-1 starting (5seed x 150b x 30i x 200000p)
  heu-met-fast-009_case-1 -- seed 1/5 (seed=42) starting
  Thermal: c_Be  nuclides=["Be0", "Be9"]  energy_max=4.90 eV  AWR=8.935
  Temperatures: ["77K", "100K", "294K", "296K", "400K", "500K", "600K", "700K", "800K", "1000K", "1200K"]
    Continuous: 109 inc energies, 56289 E_out pts, 900624 mu pts
    77K inelastic: 109 energies, type=incoherent_inelastic
    Continuous: 109 inc energies, 61870 E_out pts, 989920 mu pts
    100K inelastic: 109 energies, type=incoherent_inelastic
    Continuous: 109 inc energies, 71841 E_out pts, 1149456 mu pts
    294K inelastic: 109 energies, type=incoherent_inelastic
    Continuous: 109 inc energies, 71910 E_out pts, 1150560 mu pts
    296K inelastic: 109 energies, type=incoherent_inelastic
    Continuous: 109 inc energies, 73132 E_out pts, 1170112 mu pts
    400K inelastic: 109 energies, type=incoherent_inelastic
    Continuous: 109 inc energies, 72951 E_out pts, 1167216 mu pts
    500K inelastic: 109 energies, type=incoherent_inelastic
    Continuous: 109 inc energies, 72400 E_out pts, 1158400 mu pts
    600K inelastic: 109 energies, type=incoherent_inelastic
    Continuous: 109 inc energies, 72104 E_out pts, 1153664 mu pts
    700K inelastic: 109 energies, type=incoherent_inelastic
    Continuous: 109 inc energies, 72174 E_out pts, 1154784 mu pts
    800K inelastic: 109 energies, type=incoherent_inelastic
    Continuous: 109 inc energies, 72916 E_out pts, 1166656 mu pts
    1000K inelastic: 109 energies, type=incoherent_inelastic
    Continuous: 109 inc energies, 71989 E_out pts, 1151824 mu pts
    1200K inelastic: 109 energies, type=incoherent_inelastic
    77K elastic: coherent, 1168 Bragg edges
    100K elastic: coherent, 1153 Bragg edges
    294K elastic: coherent, 809 Bragg edges
    296K elastic: coherent, 809 Bragg edges
    400K elastic: coherent, 647 Bragg edges
    500K elastic: coherent, 529 Bragg edges
    600K elastic: coherent, 436 Bragg edges
    700K elastic: coherent, 369 Bragg edges
    800K elastic: coherent, 318 Bragg edges
    1000K elastic: coherent, 247 Bragg edges
    1200K elastic: coherent, 196 Bragg edges
  GPU S(α,β) slot 0 (nuc 22): coherent elastic, 1168 Bragg edges
  GPU S(α,β) slot 0 (nuc 22): 109 inc energies, 56289 E_out pts, 900624 mu pts
  GPU S(α,β) slot 1 (nuc 22): coherent elastic, 1153 Bragg edges
  GPU S(α,β) slot 1 (nuc 22): 109 inc energies, 61870 E_out pts, 989920 mu pts
  GPU S(α,β) slot 2 (nuc 22): coherent elastic, 809 Bragg edges
  GPU S(α,β) slot 2 (nuc 22): 109 inc energies, 71841 E_out pts, 1149456 mu pts
  GPU S(α,β) slot 3 (nuc 22): coherent elastic, 809 Bragg edges
  GPU S(α,β) slot 3 (nuc 22): 109 inc energies, 71910 E_out pts, 1150560 mu pts
  GPU S(α,β) slot 4 (nuc 22): coherent elastic, 647 Bragg edges
  GPU S(α,β) slot 4 (nuc 22): 109 inc energies, 73132 E_out pts, 1170112 mu pts
  GPU S(α,β) slot 5 (nuc 22): coherent elastic, 529 Bragg edges
  GPU S(α,β) slot 5 (nuc 22): 109 inc energies, 72951 E_out pts, 1167216 mu pts
  GPU S(α,β) slot 6 (nuc 22): coherent elastic, 436 Bragg edges
  GPU S(α,β) slot 6 (nuc 22): 109 inc energies, 72400 E_out pts, 1158400 mu pts
  GPU S(α,β) slot 7 (nuc 22): coherent elastic, 369 Bragg edges
  GPU S(α,β) slot 7 (nuc 22): 109 inc energies, 72104 E_out pts, 1153664 mu pts
  GPU S(α,β) slot 8 (nuc 22): coherent elastic, 318 Bragg edges
  GPU S(α,β) slot 8 (nuc 22): 109 inc energies, 72174 E_out pts, 1154784 mu pts
  GPU S(α,β) slot 9 (nuc 22): coherent elastic, 247 Bragg edges
  GPU S(α,β) slot 9 (nuc 22): 109 inc energies, 72916 E_out pts, 1166656 mu pts
  GPU S(α,β) slot 10 (nuc 22): coherent elastic, 196 Bragg edges
  GPU S(α,β) slot 10 (nuc 22): 109 inc energies, 71989 E_out pts, 1151824 mu pts
  GPU: WMP payload = 0.0 KB (0 / 25 nuclides covered)
  GPU auto-refill: picked factor=3.48 for particles_per_batch=200000
  [GPU] batch    1/150 | k=0.89514  (inactive)
  [GPU] batch    2/150 | k=0.98896  (inactive)
  [GPU] batch    3/150 | k=0.99193  (inactive)
  [GPU] batch    4/150 | k=0.99623  (inactive)
  [GPU] batch    5/150 | k=0.99571  (inactive)
  [GPU] batch    6/150 | k=0.99771  (inactive)
  [GPU] batch    7/150 | k=0.99839  (inactive)
  [GPU] batch    8/150 | k=0.99997  (inactive)
  [GPU] batch    9/150 | k=1.00111  (inactive)
  [GPU] batch   10/150 | k=0.99882  (inactive)
  [GPU] batch   11/150 | k=0.99709  (inactive)
  [GPU] batch   12/150 | k=0.99953  (inactive)
  [GPU] batch   13/150 | k=0.99736  (inactive)
  [GPU] batch   14/150 | k=1.00265  (inactive)
  [GPU] batch   15/150 | k=0.99959  (inactive)
  [GPU] batch   16/150 | k=1.00088  (inactive)
  [GPU] batch   17/150 | k=0.99843  (inactive)
  [GPU] batch   18/150 | k=0.99643  (inactive)
  [GPU] batch   19/150 | k=0.99861  (inactive)
  [GPU] batch   20/150 | k=0.99951  (inactive)
  [GPU] batch   21/150 | k=1.00003  (inactive)
  [GPU] batch   22/150 | k=0.99908  (inactive)
  [GPU] batch   23/150 | k=1.00067  (inactive)
  [GPU] batch   24/150 | k=1.00087  (inactive)
  [GPU] batch   25/150 | k=1.00146  (inactive)
  [GPU] batch   26/150 | k=0.99896  (inactive)
  [GPU] batch   27/150 | k=0.99975  (inactive)
  [GPU] batch   28/150 | k=0.99962  (inactive)
  [GPU] batch   29/150 | k=1.00158  (inactive)
  [GPU] batch   30/150 | k=0.99783  (inactive)
  [GPU] batch   31/150 | k=0.99787  (1st active)
  [GPU] batch   32/150 | k=0.99902  <k>=0.99844 +/- 57 pcm
  [GPU] batch   33/150 | k=1.00073  <k>=0.99921 +/- 83 pcm
  [GPU] batch   34/150 | k=1.00074  <k>=0.99959 +/- 70 pcm
  [GPU] batch   35/150 | k=0.99844  <k>=0.99936 +/- 59 pcm
  [GPU] batch   36/150 | k=0.99735  <k>=0.99903 +/- 59 pcm
  [GPU] batch   37/150 | k=1.00051  <k>=0.99924 +/- 54 pcm
  [GPU] batch   38/150 | k=1.00063  <k>=0.99941 +/- 50 pcm
  [GPU] batch   39/150 | k=0.99925  <k>=0.99939 +/- 44 pcm
  [GPU] batch   40/150 | k=1.00276  <k>=0.99973 +/- 52 pcm
  [GPU] batch   41/150 | k=1.00235  <k>=0.99997 +/- 53 pcm
  [GPU] batch   42/150 | k=1.00002  <k>=0.99997 +/- 48 pcm
  [GPU] batch   43/150 | k=0.99823  <k>=0.99984 +/- 46 pcm
  [GPU] batch   44/150 | k=0.99983  <k>=0.99984 +/- 43 pcm
  [GPU] batch   45/150 | k=1.00011  <k>=0.99986 +/- 40 pcm
  [GPU] batch   46/150 | k=1.00035  <k>=0.99989 +/- 37 pcm
  [GPU] batch   47/150 | k=1.00042  <k>=0.99992 +/- 35 pcm
  [GPU] batch   48/150 | k=1.00056  <k>=0.99995 +/- 33 pcm
  [GPU] batch   49/150 | k=1.00003  <k>=0.99996 +/- 32 pcm
  [GPU] batch   50/150 | k=0.99926  <k>=0.99992 +/- 30 pcm
  [GPU] batch   51/150 | k=0.99903  <k>=0.99988 +/- 29 pcm
  [GPU] batch   52/150 | k=0.99899  <k>=0.99984 +/- 28 pcm
  [GPU] batch   53/150 | k=1.00004  <k>=0.99985 +/- 27 pcm
  [GPU] batch   54/150 | k=0.99987  <k>=0.99985 +/- 26 pcm
  [GPU] batch   55/150 | k=0.99798  <k>=0.99978 +/- 26 pcm
  [GPU] batch   56/150 | k=0.99866  <k>=0.99973 +/- 25 pcm
  [GPU] batch   57/150 | k=0.99900  <k>=0.99971 +/- 24 pcm
  [GPU] batch   58/150 | k=0.99966  <k>=0.99970 +/- 23 pcm
  [GPU] batch   59/150 | k=1.00082  <k>=0.99974 +/- 23 pcm
  [GPU] batch   60/150 | k=1.00127  <k>=0.99979 +/- 23 pcm
  [GPU] batch   61/150 | k=1.00061  <k>=0.99982 +/- 22 pcm
  [GPU] batch   62/150 | k=1.00021  <k>=0.99983 +/- 21 pcm
  [GPU] batch   63/150 | k=0.99933  <k>=0.99982 +/- 21 pcm
  [GPU] batch   64/150 | k=1.00259  <k>=0.99990 +/- 22 pcm
  [GPU] batch   65/150 | k=0.99846  <k>=0.99986 +/- 22 pcm
  [GPU] batch   66/150 | k=1.00048  <k>=0.99987 +/- 21 pcm
  [GPU] batch   67/150 | k=1.00001  <k>=0.99988 +/- 20 pcm
  [GPU] batch   68/150 | k=1.00147  <k>=0.99992 +/- 20 pcm
  [GPU] batch   69/150 | k=0.99644  <k>=0.99983 +/- 22 pcm
  [GPU] batch   70/150 | k=0.99986  <k>=0.99983 +/- 21 pcm
  [GPU] batch   71/150 | k=1.00135  <k>=0.99987 +/- 21 pcm
  [GPU] batch   72/150 | k=1.00152  <k>=0.99991 +/- 21 pcm
  [GPU] batch   73/150 | k=0.99797  <k>=0.99986 +/- 21 pcm
  [GPU] batch   74/150 | k=1.00074  <k>=0.99988 +/- 20 pcm
  [GPU] batch   75/150 | k=0.99962  <k>=0.99988 +/- 20 pcm
  [GPU] batch   76/150 | k=1.00091  <k>=0.99990 +/- 20 pcm
  [GPU] batch   77/150 | k=0.99868  <k>=0.99987 +/- 19 pcm
  [GPU] batch   78/150 | k=0.99969  <k>=0.99987 +/- 19 pcm
  [GPU] batch   79/150 | k=1.00268  <k>=0.99993 +/- 20 pcm
  [GPU] batch   80/150 | k=1.00103  <k>=0.99995 +/- 19 pcm
  [GPU] batch   81/150 | k=1.00240  <k>=1.00000 +/- 19 pcm
  [GPU] batch   82/150 | k=1.00192  <k>=1.00003 +/- 19 pcm
  [GPU] batch   83/150 | k=1.00186  <k>=1.00007 +/- 19 pcm
  [GPU] batch   84/150 | k=1.00202  <k>=1.00010 +/- 19 pcm
  [GPU] batch   85/150 | k=1.00232  <k>=1.00014 +/- 19 pcm
  [GPU] batch   86/150 | k=0.99992  <k>=1.00014 +/- 19 pcm
  [GPU] batch   87/150 | k=1.00037  <k>=1.00014 +/- 19 pcm
  [GPU] batch   88/150 | k=1.00113  <k>=1.00016 +/- 18 pcm
  [GPU] batch   89/150 | k=0.99955  <k>=1.00015 +/- 18 pcm
  [GPU] batch   90/150 | k=0.99961  <k>=1.00014 +/- 18 pcm
  [GPU] batch   91/150 | k=1.00003  <k>=1.00014 +/- 18 pcm
  [GPU] batch   92/150 | k=0.99931  <k>=1.00013 +/- 17 pcm
  [GPU] batch   93/150 | k=1.00256  <k>=1.00017 +/- 18 pcm
  [GPU] batch   94/150 | k=1.00090  <k>=1.00018 +/- 17 pcm
  [GPU] batch   95/150 | k=0.99937  <k>=1.00016 +/- 17 pcm
  [GPU] batch   96/150 | k=0.99960  <k>=1.00016 +/- 17 pcm
  [GPU] batch   97/150 | k=0.99803  <k>=1.00012 +/- 17 pcm
  [GPU] batch   98/150 | k=0.99811  <k>=1.00009 +/- 17 pcm
  [GPU] batch   99/150 | k=1.00004  <k>=1.00009 +/- 17 pcm
  [GPU] batch  100/150 | k=1.00416  <k>=1.00015 +/- 17 pcm
  [GPU] batch  101/150 | k=0.99956  <k>=1.00014 +/- 17 pcm
  [GPU] batch  102/150 | k=0.99805  <k>=1.00011 +/- 17 pcm
  [GPU] batch  103/150 | k=1.00156  <k>=1.00013 +/- 17 pcm
  [GPU] batch  104/150 | k=0.99856  <k>=1.00011 +/- 17 pcm
  [GPU] batch  105/150 | k=0.99680  <k>=1.00007 +/- 17 pcm
  [GPU] batch  106/150 | k=0.99919  <k>=1.00006 +/- 17 pcm
  [GPU] batch  107/150 | k=0.99894  <k>=1.00004 +/- 17 pcm
  [GPU] batch  108/150 | k=0.99722  <k>=1.00001 +/- 17 pcm
  [GPU] batch  109/150 | k=0.99997  <k>=1.00001 +/- 17 pcm
  [GPU] batch  110/150 | k=1.00098  <k>=1.00002 +/- 17 pcm
  [GPU] batch  111/150 | k=0.99892  <k>=1.00000 +/- 17 pcm
  [GPU] batch  112/150 | k=0.99816  <k>=0.99998 +/- 17 pcm
  [GPU] batch  113/150 | k=1.00258  <k>=1.00001 +/- 17 pcm
  [GPU] batch  114/150 | k=0.99795  <k>=0.99999 +/- 17 pcm
  [GPU] batch  115/150 | k=1.00224  <k>=1.00002 +/- 17 pcm
  [GPU] batch  116/150 | k=1.00042  <k>=1.00002 +/- 16 pcm
  [GPU] batch  117/150 | k=0.99990  <k>=1.00002 +/- 16 pcm
  [GPU] batch  118/150 | k=0.99964  <k>=1.00001 +/- 16 pcm
  [GPU] batch  119/150 | k=1.00269  <k>=1.00004 +/- 16 pcm
  [GPU] batch  120/150 | k=1.00108  <k>=1.00006 +/- 16 pcm
  [GPU] batch  121/150 | k=0.99885  <k>=1.00004 +/- 16 pcm
  [GPU] batch  122/150 | k=1.00200  <k>=1.00006 +/- 16 pcm
  [GPU] batch  123/150 | k=1.00107  <k>=1.00007 +/- 16 pcm
  [GPU] batch  124/150 | k=1.00048  <k>=1.00008 +/- 16 pcm
  [GPU] batch  125/150 | k=0.99922  <k>=1.00007 +/- 15 pcm
  [GPU] batch  126/150 | k=0.99773  <k>=1.00005 +/- 15 pcm
  [GPU] batch  127/150 | k=0.99951  <k>=1.00004 +/- 15 pcm
  [GPU] batch  128/150 | k=1.00156  <k>=1.00006 +/- 15 pcm
  [GPU] batch  129/150 | k=0.99993  <k>=1.00005 +/- 15 pcm
  [GPU] batch  130/150 | k=1.00170  <k>=1.00007 +/- 15 pcm
  [GPU] batch  131/150 | k=0.99981  <k>=1.00007 +/- 15 pcm
  [GPU] batch  132/150 | k=1.00238  <k>=1.00009 +/- 15 pcm
  [GPU] batch  133/150 | k=1.00059  <k>=1.00010 +/- 15 pcm
  [GPU] batch  134/150 | k=0.99903  <k>=1.00009 +/- 15 pcm
  [GPU] batch  135/150 | k=0.99924  <k>=1.00008 +/- 15 pcm
  [GPU] batch  136/150 | k=0.99927  <k>=1.00007 +/- 14 pcm
  [GPU] batch  137/150 | k=0.99853  <k>=1.00006 +/- 14 pcm
  [GPU] batch  138/150 | k=0.99937  <k>=1.00005 +/- 14 pcm
  [GPU] batch  139/150 | k=0.99938  <k>=1.00004 +/- 14 pcm
  [GPU] batch  140/150 | k=0.99786  <k>=1.00002 +/- 14 pcm
  [GPU] batch  141/150 | k=1.00170  <k>=1.00004 +/- 14 pcm
  [GPU] batch  142/150 | k=0.99935  <k>=1.00003 +/- 14 pcm
  [GPU] batch  143/150 | k=1.00154  <k>=1.00005 +/- 14 pcm
  [GPU] batch  144/150 | k=1.00072  <k>=1.00005 +/- 14 pcm
  [GPU] batch  145/150 | k=1.00024  <k>=1.00005 +/- 14 pcm
  [GPU] batch  146/150 | k=1.00057  <k>=1.00006 +/- 14 pcm
  [GPU] batch  147/150 | k=1.00178  <k>=1.00007 +/- 14 pcm
  [GPU] batch  148/150 | k=0.99776  <k>=1.00005 +/- 14 pcm
  [GPU] batch  149/150 | k=0.99867  <k>=1.00004 +/- 14 pcm
  [GPU] batch  150/150 | k=1.00012  <k>=1.00004 +/- 13 pcm
  heu-met-fast-009_case-1 -- seed 1/5 done in 207.5s: k=1.00004 +/- 0.00013
  heu-met-fast-009_case-1 -- seed 2/5 (seed=43) starting
  GPU: WMP payload = 0.0 KB (0 / 25 nuclides covered)
  GPU auto-refill: picked factor=3.48 for particles_per_batch=200000
  [GPU] batch    1/150 | k=0.89434  (inactive)
  [GPU] batch    2/150 | k=0.98926  (inactive)
  [GPU] batch    3/150 | k=0.99140  (inactive)
  [GPU] batch    4/150 | k=0.99902  (inactive)
  [GPU] batch    5/150 | k=0.99558  (inactive)
  [GPU] batch    6/150 | k=0.99984  (inactive)
  [GPU] batch    7/150 | k=0.99852  (inactive)
  [GPU] batch    8/150 | k=1.00160  (inactive)
  [GPU] batch    9/150 | k=0.99916  (inactive)
  [GPU] batch   10/150 | k=1.00136  (inactive)
  [GPU] batch   11/150 | k=1.00189  (inactive)
  [GPU] batch   12/150 | k=0.99851  (inactive)
  [GPU] batch   13/150 | k=1.00218  (inactive)
  [GPU] batch   14/150 | k=0.99904  (inactive)
  [GPU] batch   15/150 | k=0.99837  (inactive)
  [GPU] batch   16/150 | k=0.99624  (inactive)
  [GPU] batch   17/150 | k=1.00216  (inactive)
  [GPU] batch   18/150 | k=1.00252  (inactive)
  [GPU] batch   19/150 | k=1.00050  (inactive)
  [GPU] batch   20/150 | k=0.99938  (inactive)
  [GPU] batch   21/150 | k=0.99921  (inactive)
  [GPU] batch   22/150 | k=0.99998  (inactive)
  [GPU] batch   23/150 | k=0.99780  (inactive)
  [GPU] batch   24/150 | k=0.99919  (inactive)
  [GPU] batch   25/150 | k=1.00050  (inactive)
  [GPU] batch   26/150 | k=1.00147  (inactive)
  [GPU] batch   27/150 | k=0.99900  (inactive)
  [GPU] batch   28/150 | k=1.00032  (inactive)
  [GPU] batch   29/150 | k=1.00072  (inactive)
  [GPU] batch   30/150 | k=1.00002  (inactive)
  [GPU] batch   31/150 | k=0.99873  (1st active)
  [GPU] batch   32/150 | k=0.99833  <k>=0.99853 +/- 20 pcm
  [GPU] batch   33/150 | k=1.00145  <k>=0.99950 +/- 98 pcm
  [GPU] batch   34/150 | k=1.00066  <k>=0.99979 +/- 75 pcm
  [GPU] batch   35/150 | k=0.99941  <k>=0.99972 +/- 59 pcm
  [GPU] batch   36/150 | k=1.00100  <k>=0.99993 +/- 53 pcm
  [GPU] batch   37/150 | k=1.00048  <k>=1.00001 +/- 45 pcm
  [GPU] batch   38/150 | k=1.00008  <k>=1.00002 +/- 39 pcm
  [GPU] batch   39/150 | k=1.00115  <k>=1.00014 +/- 37 pcm
  [GPU] batch   40/150 | k=0.99651  <k>=0.99978 +/- 49 pcm
  [GPU] batch   41/150 | k=0.99932  <k>=0.99974 +/- 44 pcm
  [GPU] batch   42/150 | k=0.99926  <k>=0.99970 +/- 41 pcm
  [GPU] batch   43/150 | k=1.00023  <k>=0.99974 +/- 38 pcm
  [GPU] batch   44/150 | k=0.99845  <k>=0.99965 +/- 36 pcm
  [GPU] batch   45/150 | k=0.99965  <k>=0.99965 +/- 34 pcm
  [GPU] batch   46/150 | k=0.99949  <k>=0.99964 +/- 31 pcm
  [GPU] batch   47/150 | k=1.00114  <k>=0.99973 +/- 31 pcm
  [GPU] batch   48/150 | k=1.00087  <k>=0.99979 +/- 30 pcm
  [GPU] batch   49/150 | k=1.00019  <k>=0.99981 +/- 28 pcm
  [GPU] batch   50/150 | k=1.00060  <k>=0.99985 +/- 27 pcm
  [GPU] batch   51/150 | k=1.00015  <k>=0.99986 +/- 26 pcm
  [GPU] batch   52/150 | k=0.99985  <k>=0.99986 +/- 25 pcm
  [GPU] batch   53/150 | k=0.99878  <k>=0.99982 +/- 24 pcm
  [GPU] batch   54/150 | k=1.00139  <k>=0.99988 +/- 24 pcm
  [GPU] batch   55/150 | k=0.99854  <k>=0.99983 +/- 24 pcm
  [GPU] batch   56/150 | k=1.00088  <k>=0.99987 +/- 23 pcm
  [GPU] batch   57/150 | k=0.99997  <k>=0.99987 +/- 22 pcm
  [GPU] batch   58/150 | k=1.00055  <k>=0.99990 +/- 21 pcm
  [GPU] batch   59/150 | k=0.99893  <k>=0.99986 +/- 21 pcm
  [GPU] batch   60/150 | k=1.00020  <k>=0.99987 +/- 20 pcm
  [GPU] batch   61/150 | k=1.00332  <k>=0.99999 +/- 23 pcm
  [GPU] batch   62/150 | k=1.00088  <k>=1.00001 +/- 22 pcm
  [GPU] batch   63/150 | k=1.00241  <k>=1.00009 +/- 23 pcm
  [GPU] batch   64/150 | k=1.00051  <k>=1.00010 +/- 22 pcm
  [GPU] batch   65/150 | k=1.00163  <k>=1.00014 +/- 22 pcm
  [GPU] batch   66/150 | k=0.99763  <k>=1.00007 +/- 22 pcm
  [GPU] batch   67/150 | k=1.00047  <k>=1.00008 +/- 22 pcm
  [GPU] batch   68/150 | k=0.99737  <k>=1.00001 +/- 22 pcm
  [GPU] batch   69/150 | k=0.99988  <k>=1.00001 +/- 22 pcm
  [GPU] batch   70/150 | k=0.99836  <k>=0.99997 +/- 22 pcm
  [GPU] batch   71/150 | k=1.00255  <k>=1.00003 +/- 22 pcm
  [GPU] batch   72/150 | k=1.00041  <k>=1.00004 +/- 21 pcm
  [GPU] batch   73/150 | k=1.00104  <k>=1.00006 +/- 21 pcm
  [GPU] batch   74/150 | k=0.99909  <k>=1.00004 +/- 21 pcm
  [GPU] batch   75/150 | k=1.00022  <k>=1.00005 +/- 20 pcm
  [GPU] batch   76/150 | k=1.00008  <k>=1.00005 +/- 20 pcm
  [GPU] batch   77/150 | k=1.00029  <k>=1.00005 +/- 19 pcm
  [GPU] batch   78/150 | k=0.99739  <k>=1.00000 +/- 20 pcm
  [GPU] batch   79/150 | k=0.99826  <k>=0.99996 +/- 20 pcm
  [GPU] batch   80/150 | k=0.99752  <k>=0.99991 +/- 20 pcm
  [GPU] batch   81/150 | k=1.00003  <k>=0.99991 +/- 19 pcm
  [GPU] batch   82/150 | k=0.99993  <k>=0.99991 +/- 19 pcm
  [GPU] batch   83/150 | k=0.99882  <k>=0.99989 +/- 19 pcm
  [GPU] batch   84/150 | k=0.99847  <k>=0.99987 +/- 19 pcm
  [GPU] batch   85/150 | k=0.99825  <k>=0.99984 +/- 19 pcm
  [GPU] batch   86/150 | k=0.99931  <k>=0.99983 +/- 18 pcm
  [GPU] batch   87/150 | k=0.99759  <k>=0.99979 +/- 18 pcm
  [GPU] batch   88/150 | k=0.99859  <k>=0.99977 +/- 18 pcm
  [GPU] batch   89/150 | k=1.00212  <k>=0.99981 +/- 18 pcm
  [GPU] batch   90/150 | k=0.99742  <k>=0.99977 +/- 18 pcm
  [GPU] batch   91/150 | k=0.99950  <k>=0.99976 +/- 18 pcm
  [GPU] batch   92/150 | k=1.00012  <k>=0.99977 +/- 18 pcm
  [GPU] batch   93/150 | k=0.99881  <k>=0.99975 +/- 18 pcm
  [GPU] batch   94/150 | k=1.00003  <k>=0.99976 +/- 17 pcm
  [GPU] batch   95/150 | k=1.00135  <k>=0.99978 +/- 17 pcm
  [GPU] batch   96/150 | k=0.99874  <k>=0.99977 +/- 17 pcm
  [GPU] batch   97/150 | k=0.99950  <k>=0.99976 +/- 17 pcm
  [GPU] batch   98/150 | k=1.00017  <k>=0.99977 +/- 17 pcm
  [GPU] batch   99/150 | k=0.99849  <k>=0.99975 +/- 16 pcm
  [GPU] batch  100/150 | k=1.00037  <k>=0.99976 +/- 16 pcm
  [GPU] batch  101/150 | k=1.00032  <k>=0.99977 +/- 16 pcm
  [GPU] batch  102/150 | k=0.99926  <k>=0.99976 +/- 16 pcm
  [GPU] batch  103/150 | k=0.99874  <k>=0.99975 +/- 16 pcm
  [GPU] batch  104/150 | k=1.00148  <k>=0.99977 +/- 16 pcm
  [GPU] batch  105/150 | k=0.99885  <k>=0.99976 +/- 15 pcm
  [GPU] batch  106/150 | k=0.99915  <k>=0.99975 +/- 15 pcm
  [GPU] batch  107/150 | k=0.99739  <k>=0.99972 +/- 15 pcm
  [GPU] batch  108/150 | k=1.00169  <k>=0.99974 +/- 15 pcm
  [GPU] batch  109/150 | k=1.00208  <k>=0.99977 +/- 15 pcm
  [GPU] batch  110/150 | k=0.99976  <k>=0.99977 +/- 15 pcm
  [GPU] batch  111/150 | k=1.00137  <k>=0.99979 +/- 15 pcm
  [GPU] batch  112/150 | k=1.00165  <k>=0.99982 +/- 15 pcm
  [GPU] batch  113/150 | k=0.99862  <k>=0.99980 +/- 15 pcm
  [GPU] batch  114/150 | k=0.99859  <k>=0.99979 +/- 15 pcm
  [GPU] batch  115/150 | k=1.00033  <k>=0.99979 +/- 15 pcm
  [GPU] batch  116/150 | k=1.00039  <k>=0.99980 +/- 15 pcm
  [GPU] batch  117/150 | k=1.00057  <k>=0.99981 +/- 15 pcm
  [GPU] batch  118/150 | k=0.99760  <k>=0.99978 +/- 15 pcm
  [GPU] batch  119/150 | k=0.99833  <k>=0.99977 +/- 14 pcm
  [GPU] batch  120/150 | k=1.00053  <k>=0.99978 +/- 14 pcm
  [GPU] batch  121/150 | k=1.00159  <k>=0.99980 +/- 14 pcm
  [GPU] batch  122/150 | k=1.00283  <k>=0.99983 +/- 15 pcm
  [GPU] batch  123/150 | k=0.99902  <k>=0.99982 +/- 14 pcm
  [GPU] batch  124/150 | k=0.99995  <k>=0.99982 +/- 14 pcm
  [GPU] batch  125/150 | k=1.00173  <k>=0.99984 +/- 14 pcm
  [GPU] batch  126/150 | k=1.00188  <k>=0.99986 +/- 14 pcm
  [GPU] batch  127/150 | k=1.00065  <k>=0.99987 +/- 14 pcm
  [GPU] batch  128/150 | k=1.00151  <k>=0.99989 +/- 14 pcm
  [GPU] batch  129/150 | k=1.00050  <k>=0.99989 +/- 14 pcm
  [GPU] batch  130/150 | k=1.00344  <k>=0.99993 +/- 14 pcm
  [GPU] batch  131/150 | k=1.00067  <k>=0.99994 +/- 14 pcm
  [GPU] batch  132/150 | k=1.00142  <k>=0.99995 +/- 14 pcm
  [GPU] batch  133/150 | k=1.00024  <k>=0.99995 +/- 14 pcm
  [GPU] batch  134/150 | k=0.99955  <k>=0.99995 +/- 14 pcm
  [GPU] batch  135/150 | k=0.99966  <k>=0.99995 +/- 14 pcm
  [GPU] batch  136/150 | k=1.00001  <k>=0.99995 +/- 14 pcm
  [GPU] batch  137/150 | k=1.00002  <k>=0.99995 +/- 13 pcm
  [GPU] batch  138/150 | k=0.99810  <k>=0.99993 +/- 13 pcm
  [GPU] batch  139/150 | k=0.99995  <k>=0.99993 +/- 13 pcm
  [GPU] batch  140/150 | k=0.99895  <k>=0.99992 +/- 13 pcm
  [GPU] batch  141/150 | k=1.00110  <k>=0.99993 +/- 13 pcm
  [GPU] batch  142/150 | k=0.99819  <k>=0.99992 +/- 13 pcm
  [GPU] batch  143/150 | k=0.99808  <k>=0.99990 +/- 13 pcm
  [GPU] batch  144/150 | k=0.99962  <k>=0.99990 +/- 13 pcm
  [GPU] batch  145/150 | k=0.99967  <k>=0.99990 +/- 13 pcm
  [GPU] batch  146/150 | k=0.99981  <k>=0.99990 +/- 13 pcm
  [GPU] batch  147/150 | k=0.99878  <k>=0.99989 +/- 13 pcm
  [GPU] batch  148/150 | k=0.99681  <k>=0.99986 +/- 13 pcm
  [GPU] batch  149/150 | k=0.99968  <k>=0.99986 +/- 13 pcm
  [GPU] batch  150/150 | k=0.99778  <k>=0.99984 +/- 13 pcm
  heu-met-fast-009_case-1 -- seed 2/5 done in 207.3s: k=0.99984 +/- 0.00013
  heu-met-fast-009_case-1 -- seed 3/5 (seed=44) starting
  GPU: WMP payload = 0.0 KB (0 / 25 nuclides covered)
  GPU auto-refill: picked factor=3.48 for particles_per_batch=200000
  [GPU] batch    1/150 | k=0.89446  (inactive)
  [GPU] batch    2/150 | k=0.98867  (inactive)
  [GPU] batch    3/150 | k=0.99025  (inactive)
  [GPU] batch    4/150 | k=0.99785  (inactive)
  [GPU] batch    5/150 | k=0.99748  (inactive)
  [GPU] batch    6/150 | k=0.99958  (inactive)
  [GPU] batch    7/150 | k=0.99978  (inactive)
  [GPU] batch    8/150 | k=1.00126  (inactive)
  [GPU] batch    9/150 | k=0.99919  (inactive)
  [GPU] batch   10/150 | k=0.99993  (inactive)
  [GPU] batch   11/150 | k=0.99811  (inactive)
  [GPU] batch   12/150 | k=0.99684  (inactive)
  [GPU] batch   13/150 | k=1.00164  (inactive)
  [GPU] batch   14/150 | k=1.00010  (inactive)
  [GPU] batch   15/150 | k=1.00077  (inactive)
  [GPU] batch   16/150 | k=1.00015  (inactive)
  [GPU] batch   17/150 | k=1.00124  (inactive)
  [GPU] batch   18/150 | k=0.99912  (inactive)
  [GPU] batch   19/150 | k=0.99856  (inactive)
  [GPU] batch   20/150 | k=0.99904  (inactive)
  [GPU] batch   21/150 | k=1.00028  (inactive)
  [GPU] batch   22/150 | k=0.99904  (inactive)
  [GPU] batch   23/150 | k=1.00207  (inactive)
  [GPU] batch   24/150 | k=0.99815  (inactive)
  [GPU] batch   25/150 | k=0.99790  (inactive)
  [GPU] batch   26/150 | k=1.00084  (inactive)
  [GPU] batch   27/150 | k=0.99922  (inactive)
  [GPU] batch   28/150 | k=1.00355  (inactive)
  [GPU] batch   29/150 | k=0.99864  (inactive)
  [GPU] batch   30/150 | k=0.99978  (inactive)
  [GPU] batch   31/150 | k=1.00133  (1st active)
  [GPU] batch   32/150 | k=0.99945  <k>=1.00039 +/- 94 pcm
  [GPU] batch   33/150 | k=1.00059  <k>=1.00045 +/- 55 pcm
  [GPU] batch   34/150 | k=1.00053  <k>=1.00047 +/- 39 pcm
  [GPU] batch   35/150 | k=1.00084  <k>=1.00055 +/- 31 pcm
  [GPU] batch   36/150 | k=0.99850  <k>=1.00021 +/- 42 pcm
  [GPU] batch   37/150 | k=1.00272  <k>=1.00057 +/- 51 pcm
  [GPU] batch   38/150 | k=0.99892  <k>=1.00036 +/- 48 pcm
  [GPU] batch   39/150 | k=0.99817  <k>=1.00012 +/- 49 pcm
  [GPU] batch   40/150 | k=1.00005  <k>=1.00011 +/- 44 pcm
  [GPU] batch   41/150 | k=0.99860  <k>=0.99997 +/- 42 pcm
  [GPU] batch   42/150 | k=1.00198  <k>=1.00014 +/- 42 pcm
  [GPU] batch   43/150 | k=1.00006  <k>=1.00013 +/- 39 pcm
  [GPU] batch   44/150 | k=0.99838  <k>=1.00001 +/- 38 pcm
  [GPU] batch   45/150 | k=0.99941  <k>=0.99997 +/- 35 pcm
  [GPU] batch   46/150 | k=0.99860  <k>=0.99988 +/- 34 pcm
  [GPU] batch   47/150 | k=1.00217  <k>=1.00002 +/- 35 pcm
  [GPU] batch   48/150 | k=0.99907  <k>=0.99996 +/- 33 pcm
  [GPU] batch   49/150 | k=0.99810  <k>=0.99987 +/- 33 pcm
  [GPU] batch   50/150 | k=0.99665  <k>=0.99971 +/- 35 pcm
  [GPU] batch   51/150 | k=1.00312  <k>=0.99987 +/- 37 pcm
  [GPU] batch   52/150 | k=1.00070  <k>=0.99991 +/- 36 pcm
  [GPU] batch   53/150 | k=1.00206  <k>=1.00000 +/- 35 pcm
  [GPU] batch   54/150 | k=1.00249  <k>=1.00010 +/- 35 pcm
  [GPU] batch   55/150 | k=0.99959  <k>=1.00008 +/- 34 pcm
  [GPU] batch   56/150 | k=0.99818  <k>=1.00001 +/- 33 pcm
  [GPU] batch   57/150 | k=1.00206  <k>=1.00009 +/- 33 pcm
  [GPU] batch   58/150 | k=0.99909  <k>=1.00005 +/- 32 pcm
  [GPU] batch   59/150 | k=0.99854  <k>=1.00000 +/- 31 pcm
  [GPU] batch   60/150 | k=1.00116  <k>=1.00004 +/- 31 pcm
  [GPU] batch   61/150 | k=1.00210  <k>=1.00010 +/- 30 pcm
  [GPU] batch   62/150 | k=1.00140  <k>=1.00014 +/- 30 pcm
  [GPU] batch   63/150 | k=0.99957  <k>=1.00013 +/- 29 pcm
  [GPU] batch   64/150 | k=0.99948  <k>=1.00011 +/- 28 pcm
  [GPU] batch   65/150 | k=0.99933  <k>=1.00009 +/- 27 pcm
  [GPU] batch   66/150 | k=0.99974  <k>=1.00008 +/- 27 pcm
  [GPU] batch   67/150 | k=0.99969  <k>=1.00007 +/- 26 pcm
  [GPU] batch   68/150 | k=1.00000  <k>=1.00006 +/- 25 pcm
  [GPU] batch   69/150 | k=1.00107  <k>=1.00009 +/- 25 pcm
  [GPU] batch   70/150 | k=1.00104  <k>=1.00011 +/- 24 pcm
  [GPU] batch   71/150 | k=1.00065  <k>=1.00013 +/- 24 pcm
  [GPU] batch   72/150 | k=0.99738  <k>=1.00006 +/- 24 pcm
  [GPU] batch   73/150 | k=1.00205  <k>=1.00011 +/- 24 pcm
  [GPU] batch   74/150 | k=1.00118  <k>=1.00013 +/- 23 pcm
  [GPU] batch   75/150 | k=1.00002  <k>=1.00013 +/- 23 pcm
  [GPU] batch   76/150 | k=0.99939  <k>=1.00011 +/- 22 pcm
  [GPU] batch   77/150 | k=0.99827  <k>=1.00007 +/- 22 pcm
  [GPU] batch   78/150 | k=0.99918  <k>=1.00006 +/- 22 pcm
  [GPU] batch   79/150 | k=0.99910  <k>=1.00004 +/- 22 pcm
  [GPU] batch   80/150 | k=1.00129  <k>=1.00006 +/- 21 pcm
  [GPU] batch   81/150 | k=0.99976  <k>=1.00006 +/- 21 pcm
  [GPU] batch   82/150 | k=1.00177  <k>=1.00009 +/- 21 pcm
  [GPU] batch   83/150 | k=1.00198  <k>=1.00012 +/- 21 pcm
  [GPU] batch   84/150 | k=1.00137  <k>=1.00015 +/- 20 pcm
  [GPU] batch   85/150 | k=1.00156  <k>=1.00017 +/- 20 pcm
  [GPU] batch   86/150 | k=1.00079  <k>=1.00018 +/- 20 pcm
  [GPU] batch   87/150 | k=0.99931  <k>=1.00017 +/- 20 pcm
  [GPU] batch   88/150 | k=1.00131  <k>=1.00019 +/- 19 pcm
  [GPU] batch   89/150 | k=0.99902  <k>=1.00017 +/- 19 pcm
  [GPU] batch   90/150 | k=0.99997  <k>=1.00017 +/- 19 pcm
  [GPU] batch   91/150 | k=1.00035  <k>=1.00017 +/- 18 pcm
  [GPU] batch   92/150 | k=1.00108  <k>=1.00018 +/- 18 pcm
  [GPU] batch   93/150 | k=1.00026  <k>=1.00018 +/- 18 pcm
  [GPU] batch   94/150 | k=1.00170  <k>=1.00021 +/- 18 pcm
  [GPU] batch   95/150 | k=0.99852  <k>=1.00018 +/- 18 pcm
  [GPU] batch   96/150 | k=0.99891  <k>=1.00016 +/- 18 pcm
  [GPU] batch   97/150 | k=0.99982  <k>=1.00016 +/- 17 pcm
  [GPU] batch   98/150 | k=1.00041  <k>=1.00016 +/- 17 pcm
  [GPU] batch   99/150 | k=0.99642  <k>=1.00011 +/- 18 pcm
  [GPU] batch  100/150 | k=0.99991  <k>=1.00010 +/- 17 pcm
  [GPU] batch  101/150 | k=0.99801  <k>=1.00007 +/- 17 pcm
  [GPU] batch  102/150 | k=0.99919  <k>=1.00006 +/- 17 pcm
  [GPU] batch  103/150 | k=1.00127  <k>=1.00008 +/- 17 pcm
  [GPU] batch  104/150 | k=1.00302  <k>=1.00012 +/- 17 pcm
  [GPU] batch  105/150 | k=0.99658  <k>=1.00007 +/- 18 pcm
  [GPU] batch  106/150 | k=0.99818  <k>=1.00005 +/- 18 pcm
  [GPU] batch  107/150 | k=0.99999  <k>=1.00005 +/- 17 pcm
  [GPU] batch  108/150 | k=0.99786  <k>=1.00002 +/- 17 pcm
  [GPU] batch  109/150 | k=1.00036  <k>=1.00002 +/- 17 pcm
  [GPU] batch  110/150 | k=0.99964  <k>=1.00002 +/- 17 pcm
  [GPU] batch  111/150 | k=1.00049  <k>=1.00002 +/- 17 pcm
  [GPU] batch  112/150 | k=0.99964  <k>=1.00002 +/- 17 pcm
  [GPU] batch  113/150 | k=0.99908  <k>=1.00001 +/- 16 pcm
  [GPU] batch  114/150 | k=1.00063  <k>=1.00001 +/- 16 pcm
  [GPU] batch  115/150 | k=0.99910  <k>=1.00000 +/- 16 pcm
  [GPU] batch  116/150 | k=0.99866  <k>=0.99999 +/- 16 pcm
  [GPU] batch  117/150 | k=0.99948  <k>=0.99998 +/- 16 pcm
  [GPU] batch  118/150 | k=0.99933  <k>=0.99997 +/- 16 pcm
  [GPU] batch  119/150 | k=0.99805  <k>=0.99995 +/- 16 pcm
  [GPU] batch  120/150 | k=1.00072  <k>=0.99996 +/- 15 pcm
  [GPU] batch  121/150 | k=0.99960  <k>=0.99996 +/- 15 pcm
  [GPU] batch  122/150 | k=1.00136  <k>=0.99997 +/- 15 pcm
  [GPU] batch  123/150 | k=1.00046  <k>=0.99998 +/- 15 pcm
  [GPU] batch  124/150 | k=0.99939  <k>=0.99997 +/- 15 pcm
  [GPU] batch  125/150 | k=0.99940  <k>=0.99997 +/- 15 pcm
  [GPU] batch  126/150 | k=0.99911  <k>=0.99996 +/- 15 pcm
  [GPU] batch  127/150 | k=0.99967  <k>=0.99995 +/- 14 pcm
  [GPU] batch  128/150 | k=1.00125  <k>=0.99997 +/- 14 pcm
  [GPU] batch  129/150 | k=1.00048  <k>=0.99997 +/- 14 pcm
  [GPU] batch  130/150 | k=1.00065  <k>=0.99998 +/- 14 pcm
  [GPU] batch  131/150 | k=1.00183  <k>=1.00000 +/- 14 pcm
  [GPU] batch  132/150 | k=1.00053  <k>=1.00000 +/- 14 pcm
  [GPU] batch  133/150 | k=0.99654  <k>=0.99997 +/- 14 pcm
  [GPU] batch  134/150 | k=0.99974  <k>=0.99997 +/- 14 pcm
  [GPU] batch  135/150 | k=0.99761  <k>=0.99994 +/- 14 pcm
  [GPU] batch  136/150 | k=0.99902  <k>=0.99994 +/- 14 pcm
  [GPU] batch  137/150 | k=0.99999  <k>=0.99994 +/- 14 pcm
  [GPU] batch  138/150 | k=1.00202  <k>=0.99996 +/- 14 pcm
  [GPU] batch  139/150 | k=1.00036  <k>=0.99996 +/- 14 pcm
  [GPU] batch  140/150 | k=1.00144  <k>=0.99997 +/- 14 pcm
  [GPU] batch  141/150 | k=0.99978  <k>=0.99997 +/- 14 pcm
  [GPU] batch  142/150 | k=0.99756  <k>=0.99995 +/- 14 pcm
  [GPU] batch  143/150 | k=1.00137  <k>=0.99996 +/- 14 pcm
  [GPU] batch  144/150 | k=1.00095  <k>=0.99997 +/- 13 pcm
  [GPU] batch  145/150 | k=1.00022  <k>=0.99997 +/- 13 pcm
  [GPU] batch  146/150 | k=0.99699  <k>=0.99995 +/- 13 pcm
  [GPU] batch  147/150 | k=0.99913  <k>=0.99994 +/- 13 pcm
  [GPU] batch  148/150 | k=1.00020  <k>=0.99994 +/- 13 pcm
  [GPU] batch  149/150 | k=1.00002  <k>=0.99994 +/- 13 pcm
  [GPU] batch  150/150 | k=0.99982  <k>=0.99994 +/- 13 pcm
  heu-met-fast-009_case-1 -- seed 3/5 done in 207.2s: k=0.99994 +/- 0.00013
  heu-met-fast-009_case-1 -- seed 4/5 (seed=45) starting
  GPU: WMP payload = 0.0 KB (0 / 25 nuclides covered)
  GPU auto-refill: picked factor=3.48 for particles_per_batch=200000
  [GPU] batch    1/150 | k=0.89589  (inactive)
  [GPU] batch    2/150 | k=0.98978  (inactive)
  [GPU] batch    3/150 | k=0.99066  (inactive)
  [GPU] batch    4/150 | k=0.99866  (inactive)
  [GPU] batch    5/150 | k=0.99747  (inactive)
  [GPU] batch    6/150 | k=1.00027  (inactive)
  [GPU] batch    7/150 | k=0.99968  (inactive)
  [GPU] batch    8/150 | k=0.99948  (inactive)
  [GPU] batch    9/150 | k=1.00054  (inactive)
  [GPU] batch   10/150 | k=0.99836  (inactive)
  [GPU] batch   11/150 | k=1.00155  (inactive)
  [GPU] batch   12/150 | k=0.99968  (inactive)
  [GPU] batch   13/150 | k=0.99879  (inactive)
  [GPU] batch   14/150 | k=1.00190  (inactive)
  [GPU] batch   15/150 | k=0.99667  (inactive)
  [GPU] batch   16/150 | k=0.99819  (inactive)
  [GPU] batch   17/150 | k=0.99856  (inactive)
  [GPU] batch   18/150 | k=0.99715  (inactive)
  [GPU] batch   19/150 | k=0.99915  (inactive)
  [GPU] batch   20/150 | k=1.00056  (inactive)
  [GPU] batch   21/150 | k=0.99995  (inactive)
  [GPU] batch   22/150 | k=0.99875  (inactive)
  [GPU] batch   23/150 | k=1.00233  (inactive)
  [GPU] batch   24/150 | k=0.99980  (inactive)
  [GPU] batch   25/150 | k=0.99850  (inactive)
  [GPU] batch   26/150 | k=0.99672  (inactive)
  [GPU] batch   27/150 | k=0.99918  (inactive)
  [GPU] batch   28/150 | k=0.99864  (inactive)
  [GPU] batch   29/150 | k=1.00293  (inactive)
  [GPU] batch   30/150 | k=1.00083  (inactive)
  [GPU] batch   31/150 | k=1.00252  (1st active)
  [GPU] batch   32/150 | k=0.99713  <k>=0.99982 +/- 269 pcm
  [GPU] batch   33/150 | k=1.00229  <k>=1.00065 +/- 176 pcm
  [GPU] batch   34/150 | k=1.00161  <k>=1.00089 +/- 127 pcm
  [GPU] batch   35/150 | k=0.99939  <k>=1.00059 +/- 103 pcm
  [GPU] batch   36/150 | k=0.99950  <k>=1.00041 +/- 86 pcm
  [GPU] batch   37/150 | k=0.99813  <k>=1.00008 +/- 79 pcm
  [GPU] batch   38/150 | k=1.00020  <k>=1.00010 +/- 69 pcm
  [GPU] batch   39/150 | k=0.99655  <k>=0.99970 +/- 72 pcm
  [GPU] batch   40/150 | k=1.00069  <k>=0.99980 +/- 65 pcm
  [GPU] batch   41/150 | k=1.00049  <k>=0.99986 +/- 60 pcm
  [GPU] batch   42/150 | k=0.99901  <k>=0.99979 +/- 55 pcm
  [GPU] batch   43/150 | k=1.00392  <k>=1.00011 +/- 60 pcm
  [GPU] batch   44/150 | k=1.00009  <k>=1.00011 +/- 55 pcm
  [GPU] batch   45/150 | k=0.99873  <k>=1.00002 +/- 52 pcm
  [GPU] batch   46/150 | k=0.99984  <k>=1.00001 +/- 49 pcm
  [GPU] batch   47/150 | k=1.00225  <k>=1.00014 +/- 48 pcm
  [GPU] batch   48/150 | k=0.99865  <k>=1.00005 +/- 46 pcm
  [GPU] batch   49/150 | k=0.99735  <k>=0.99991 +/- 46 pcm
  [GPU] batch   50/150 | k=0.99979  <k>=0.99991 +/- 43 pcm
  [GPU] batch   51/150 | k=1.00080  <k>=0.99995 +/- 41 pcm
  [GPU] batch   52/150 | k=0.99818  <k>=0.99987 +/- 40 pcm
  [GPU] batch   53/150 | k=0.99925  <k>=0.99984 +/- 39 pcm
  [GPU] batch   54/150 | k=1.00119  <k>=0.99990 +/- 37 pcm
  [GPU] batch   55/150 | k=0.99852  <k>=0.99984 +/- 36 pcm
  [GPU] batch   56/150 | k=0.99856  <k>=0.99979 +/- 35 pcm
  [GPU] batch   57/150 | k=0.99894  <k>=0.99976 +/- 34 pcm
  [GPU] batch   58/150 | k=0.99975  <k>=0.99976 +/- 33 pcm
  [GPU] batch   59/150 | k=1.00043  <k>=0.99978 +/- 32 pcm
  [GPU] batch   60/150 | k=1.00123  <k>=0.99983 +/- 31 pcm
  [GPU] batch   61/150 | k=0.99970  <k>=0.99983 +/- 30 pcm
  [GPU] batch   62/150 | k=0.99880  <k>=0.99980 +/- 29 pcm
  [GPU] batch   63/150 | k=0.99979  <k>=0.99980 +/- 28 pcm
  [GPU] batch   64/150 | k=1.00186  <k>=0.99986 +/- 28 pcm
  [GPU] batch   65/150 | k=0.99930  <k>=0.99984 +/- 27 pcm
  [GPU] batch   66/150 | k=0.99946  <k>=0.99983 +/- 27 pcm
  [GPU] batch   67/150 | k=1.00112  <k>=0.99986 +/- 26 pcm
  [GPU] batch   68/150 | k=1.00296  <k>=0.99995 +/- 27 pcm
  [GPU] batch   69/150 | k=1.00306  <k>=1.00003 +/- 27 pcm
  [GPU] batch   70/150 | k=0.99785  <k>=0.99997 +/- 27 pcm
  [GPU] batch   71/150 | k=1.00021  <k>=0.99998 +/- 26 pcm
  [GPU] batch   72/150 | k=0.99917  <k>=0.99996 +/- 26 pcm
  [GPU] batch   73/150 | k=0.99827  <k>=0.99992 +/- 25 pcm
  [GPU] batch   74/150 | k=0.99954  <k>=0.99991 +/- 25 pcm
  [GPU] batch   75/150 | k=0.99960  <k>=0.99990 +/- 24 pcm
  [GPU] batch   76/150 | k=1.00174  <k>=0.99994 +/- 24 pcm
  [GPU] batch   77/150 | k=0.99921  <k>=0.99993 +/- 24 pcm
  [GPU] batch   78/150 | k=1.00060  <k>=0.99994 +/- 23 pcm
  [GPU] batch   79/150 | k=1.00049  <k>=0.99995 +/- 23 pcm
  [GPU] batch   80/150 | k=0.99909  <k>=0.99994 +/- 22 pcm
  [GPU] batch   81/150 | k=1.00188  <k>=0.99997 +/- 22 pcm
  [GPU] batch   82/150 | k=1.00084  <k>=0.99999 +/- 22 pcm
  [GPU] batch   83/150 | k=0.99979  <k>=0.99999 +/- 22 pcm
  [GPU] batch   84/150 | k=1.00321  <k>=1.00005 +/- 22 pcm
  [GPU] batch   85/150 | k=1.00057  <k>=1.00006 +/- 22 pcm
  [GPU] batch   86/150 | k=0.99952  <k>=1.00005 +/- 21 pcm
  [GPU] batch   87/150 | k=1.00126  <k>=1.00007 +/- 21 pcm
  [GPU] batch   88/150 | k=1.00175  <k>=1.00010 +/- 21 pcm
  [GPU] batch   89/150 | k=0.99609  <k>=1.00003 +/- 21 pcm
  [GPU] batch   90/150 | k=1.00011  <k>=1.00003 +/- 21 pcm
  [GPU] batch   91/150 | k=0.99847  <k>=1.00000 +/- 21 pcm
  [GPU] batch   92/150 | k=0.99943  <k>=1.00000 +/- 21 pcm
  [GPU] batch   93/150 | k=1.00233  <k>=1.00003 +/- 21 pcm
  [GPU] batch   94/150 | k=1.00015  <k>=1.00003 +/- 20 pcm
  [GPU] batch   95/150 | k=1.00005  <k>=1.00003 +/- 20 pcm
  [GPU] batch   96/150 | k=1.00071  <k>=1.00004 +/- 20 pcm
  [GPU] batch   97/150 | k=1.00006  <k>=1.00004 +/- 19 pcm
  [GPU] batch   98/150 | k=0.99997  <k>=1.00004 +/- 19 pcm
  [GPU] batch   99/150 | k=0.99869  <k>=1.00002 +/- 19 pcm
  [GPU] batch  100/150 | k=0.99681  <k>=0.99998 +/- 19 pcm
  [GPU] batch  101/150 | k=1.00051  <k>=0.99999 +/- 19 pcm
  [GPU] batch  102/150 | k=0.99921  <k>=0.99998 +/- 19 pcm
  [GPU] batch  103/150 | k=0.99959  <k>=0.99997 +/- 18 pcm
  [GPU] batch  104/150 | k=0.99839  <k>=0.99995 +/- 18 pcm
  [GPU] batch  105/150 | k=0.99749  <k>=0.99992 +/- 18 pcm
  [GPU] batch  106/150 | k=1.00078  <k>=0.99993 +/- 18 pcm
  [GPU] batch  107/150 | k=0.99976  <k>=0.99992 +/- 18 pcm
  [GPU] batch  108/150 | k=0.99733  <k>=0.99989 +/- 18 pcm
  [GPU] batch  109/150 | k=0.99966  <k>=0.99989 +/- 18 pcm
  [GPU] batch  110/150 | k=1.00185  <k>=0.99991 +/- 18 pcm
  [GPU] batch  111/150 | k=0.99899  <k>=0.99990 +/- 18 pcm
  [GPU] batch  112/150 | k=0.99766  <k>=0.99987 +/- 18 pcm
  [GPU] batch  113/150 | k=0.99872  <k>=0.99986 +/- 17 pcm
  [GPU] batch  114/150 | k=1.00035  <k>=0.99987 +/- 17 pcm
  [GPU] batch  115/150 | k=0.99919  <k>=0.99986 +/- 17 pcm
  [GPU] batch  116/150 | k=1.00195  <k>=0.99988 +/- 17 pcm
  [GPU] batch  117/150 | k=0.99944  <k>=0.99988 +/- 17 pcm
  [GPU] batch  118/150 | k=1.00033  <k>=0.99988 +/- 17 pcm
  [GPU] batch  119/150 | k=0.99821  <k>=0.99986 +/- 17 pcm
  [GPU] batch  120/150 | k=1.00131  <k>=0.99988 +/- 16 pcm
  [GPU] batch  121/150 | k=1.00077  <k>=0.99989 +/- 16 pcm
  [GPU] batch  122/150 | k=0.99938  <k>=0.99988 +/- 16 pcm
  [GPU] batch  123/150 | k=1.00013  <k>=0.99989 +/- 16 pcm
  [GPU] batch  124/150 | k=0.99961  <k>=0.99988 +/- 16 pcm
  [GPU] batch  125/150 | k=1.00006  <k>=0.99989 +/- 16 pcm
  [GPU] batch  126/150 | k=0.99924  <k>=0.99988 +/- 15 pcm
  [GPU] batch  127/150 | k=0.99834  <k>=0.99986 +/- 15 pcm
  [GPU] batch  128/150 | k=1.00121  <k>=0.99988 +/- 15 pcm
  [GPU] batch  129/150 | k=1.00083  <k>=0.99989 +/- 15 pcm
  [GPU] batch  130/150 | k=1.00105  <k>=0.99990 +/- 15 pcm
  [GPU] batch  131/150 | k=1.00037  <k>=0.99990 +/- 15 pcm
  [GPU] batch  132/150 | k=1.00109  <k>=0.99991 +/- 15 pcm
  [GPU] batch  133/150 | k=0.99622  <k>=0.99988 +/- 15 pcm
  [GPU] batch  134/150 | k=1.00218  <k>=0.99990 +/- 15 pcm
  [GPU] batch  135/150 | k=1.00039  <k>=0.99991 +/- 15 pcm
  [GPU] batch  136/150 | k=1.00122  <k>=0.99992 +/- 15 pcm
  [GPU] batch  137/150 | k=1.00119  <k>=0.99993 +/- 15 pcm
  [GPU] batch  138/150 | k=1.00045  <k>=0.99993 +/- 15 pcm
  [GPU] batch  139/150 | k=0.99858  <k>=0.99992 +/- 15 pcm
  [GPU] batch  140/150 | k=1.00078  <k>=0.99993 +/- 14 pcm
  [GPU] batch  141/150 | k=0.99993  <k>=0.99993 +/- 14 pcm
  [GPU] batch  142/150 | k=0.99890  <k>=0.99992 +/- 14 pcm
  [GPU] batch  143/150 | k=1.00007  <k>=0.99992 +/- 14 pcm
  [GPU] batch  144/150 | k=1.00010  <k>=0.99992 +/- 14 pcm
  [GPU] batch  145/150 | k=0.99945  <k>=0.99992 +/- 14 pcm
  [GPU] batch  146/150 | k=0.99971  <k>=0.99992 +/- 14 pcm
  [GPU] batch  147/150 | k=0.99954  <k>=0.99991 +/- 14 pcm
  [GPU] batch  148/150 | k=0.99960  <k>=0.99991 +/- 14 pcm
  [GPU] batch  149/150 | k=0.99995  <k>=0.99991 +/- 13 pcm
  [GPU] batch  150/150 | k=0.99773  <k>=0.99989 +/- 13 pcm
  heu-met-fast-009_case-1 -- seed 4/5 done in 207.2s: k=0.99989 +/- 0.00013
  heu-met-fast-009_case-1 -- seed 5/5 (seed=46) starting
  GPU: WMP payload = 0.0 KB (0 / 25 nuclides covered)
  GPU auto-refill: picked factor=3.48 for particles_per_batch=200000
  [GPU] batch    1/150 | k=0.89419  (inactive)
  [GPU] batch    2/150 | k=0.98902  (inactive)
  [GPU] batch    3/150 | k=0.99262  (inactive)
  [GPU] batch    4/150 | k=0.99810  (inactive)
  [GPU] batch    5/150 | k=0.99902  (inactive)
  [GPU] batch    6/150 | k=0.99993  (inactive)
  [GPU] batch    7/150 | k=1.00056  (inactive)
  [GPU] batch    8/150 | k=0.99914  (inactive)
  [GPU] batch    9/150 | k=1.00025  (inactive)
  [GPU] batch   10/150 | k=0.99947  (inactive)
  [GPU] batch   11/150 | k=1.00138  (inactive)
  [GPU] batch   12/150 | k=1.00099  (inactive)
  [GPU] batch   13/150 | k=0.99921  (inactive)
  [GPU] batch   14/150 | k=0.99833  (inactive)
  [GPU] batch   15/150 | k=1.00012  (inactive)
  [GPU] batch   16/150 | k=0.99753  (inactive)
  [GPU] batch   17/150 | k=1.00151  (inactive)
  [GPU] batch   18/150 | k=0.99869  (inactive)
  [GPU] batch   19/150 | k=1.00058  (inactive)
  [GPU] batch   20/150 | k=0.99859  (inactive)
  [GPU] batch   21/150 | k=1.00101  (inactive)
  [GPU] batch   22/150 | k=0.99883  (inactive)
  [GPU] batch   23/150 | k=0.99853  (inactive)
  [GPU] batch   24/150 | k=0.99955  (inactive)
  [GPU] batch   25/150 | k=0.99869  (inactive)
  [GPU] batch   26/150 | k=0.99825  (inactive)
  [GPU] batch   27/150 | k=1.00092  (inactive)
  [GPU] batch   28/150 | k=0.99855  (inactive)
  [GPU] batch   29/150 | k=0.99895  (inactive)
  [GPU] batch   30/150 | k=1.00092  (inactive)
  [GPU] batch   31/150 | k=1.00069  (1st active)
  [GPU] batch   32/150 | k=0.99979  <k>=1.00024 +/- 45 pcm
  [GPU] batch   33/150 | k=1.00082  <k>=1.00043 +/- 32 pcm
  [GPU] batch   34/150 | k=1.00422  <k>=1.00138 +/- 97 pcm
  [GPU] batch   35/150 | k=1.00147  <k>=1.00140 +/- 75 pcm
  [GPU] batch   36/150 | k=1.00027  <k>=1.00121 +/- 64 pcm
  [GPU] batch   37/150 | k=1.00015  <k>=1.00106 +/- 56 pcm
  [GPU] batch   38/150 | k=0.99756  <k>=1.00062 +/- 66 pcm
  [GPU] batch   39/150 | k=1.00075  <k>=1.00064 +/- 58 pcm
  [GPU] batch   40/150 | k=0.99725  <k>=1.00030 +/- 62 pcm
  [GPU] batch   41/150 | k=0.99859  <k>=1.00014 +/- 58 pcm
  [GPU] batch   42/150 | k=1.00092  <k>=1.00021 +/- 53 pcm
  [GPU] batch   43/150 | k=0.99832  <k>=1.00006 +/- 51 pcm
  [GPU] batch   44/150 | k=1.00018  <k>=1.00007 +/- 47 pcm
  [GPU] batch   45/150 | k=1.00013  <k>=1.00007 +/- 44 pcm
  [GPU] batch   46/150 | k=0.99940  <k>=1.00003 +/- 42 pcm
  [GPU] batch   47/150 | k=0.99745  <k>=0.99988 +/- 42 pcm
  [GPU] batch   48/150 | k=0.99936  <k>=0.99985 +/- 40 pcm
  [GPU] batch   49/150 | k=0.99929  <k>=0.99982 +/- 38 pcm
  [GPU] batch   50/150 | k=0.99834  <k>=0.99975 +/- 36 pcm
  [GPU] batch   51/150 | k=0.99999  <k>=0.99976 +/- 35 pcm
  [GPU] batch   52/150 | k=1.00165  <k>=0.99984 +/- 34 pcm
  [GPU] batch   53/150 | k=1.00092  <k>=0.99989 +/- 33 pcm
  [GPU] batch   54/150 | k=1.00047  <k>=0.99992 +/- 32 pcm
  [GPU] batch   55/150 | k=0.99988  <k>=0.99991 +/- 30 pcm
  [GPU] batch   56/150 | k=1.00100  <k>=0.99996 +/- 29 pcm
  [GPU] batch   57/150 | k=1.00141  <k>=1.00001 +/- 29 pcm
  [GPU] batch   58/150 | k=0.99880  <k>=0.99997 +/- 28 pcm
  [GPU] batch   59/150 | k=1.00003  <k>=0.99997 +/- 27 pcm
  [GPU] batch   60/150 | k=1.00147  <k>=1.00002 +/- 27 pcm
  [GPU] batch   61/150 | k=1.00020  <k>=1.00002 +/- 26 pcm
  [GPU] batch   62/150 | k=0.99915  <k>=1.00000 +/- 25 pcm
  [GPU] batch   63/150 | k=0.99871  <k>=0.99996 +/- 25 pcm
  [GPU] batch   64/150 | k=1.00100  <k>=0.99999 +/- 24 pcm
  [GPU] batch   65/150 | k=1.00333  <k>=1.00008 +/- 25 pcm
  [GPU] batch   66/150 | k=1.00087  <k>=1.00011 +/- 25 pcm
  [GPU] batch   67/150 | k=1.00139  <k>=1.00014 +/- 24 pcm
  [GPU] batch   68/150 | k=0.99764  <k>=1.00008 +/- 25 pcm
  [GPU] batch   69/150 | k=1.00014  <k>=1.00008 +/- 24 pcm
  [GPU] batch   70/150 | k=1.00004  <k>=1.00008 +/- 23 pcm
  [GPU] batch   71/150 | k=1.00091  <k>=1.00010 +/- 23 pcm
  [GPU] batch   72/150 | k=0.99720  <k>=1.00003 +/- 23 pcm
  [GPU] batch   73/150 | k=1.00092  <k>=1.00005 +/- 23 pcm
  [GPU] batch   74/150 | k=0.99922  <k>=1.00003 +/- 22 pcm
  [GPU] batch   75/150 | k=0.99998  <k>=1.00003 +/- 22 pcm
  [GPU] batch   76/150 | k=1.00046  <k>=1.00004 +/- 21 pcm
  [GPU] batch   77/150 | k=1.00099  <k>=1.00006 +/- 21 pcm
  [GPU] batch   78/150 | k=1.00157  <k>=1.00009 +/- 21 pcm
  [GPU] batch   79/150 | k=1.00138  <k>=1.00012 +/- 21 pcm
  [GPU] batch   80/150 | k=1.00178  <k>=1.00015 +/- 20 pcm
  [GPU] batch   81/150 | k=0.99863  <k>=1.00012 +/- 20 pcm
  [GPU] batch   82/150 | k=1.00121  <k>=1.00014 +/- 20 pcm
  [GPU] batch   83/150 | k=0.99819  <k>=1.00010 +/- 20 pcm
  [GPU] batch   84/150 | k=1.00462  <k>=1.00019 +/- 21 pcm
  [GPU] batch   85/150 | k=0.99890  <k>=1.00016 +/- 21 pcm
  [GPU] batch   86/150 | k=0.99972  <k>=1.00016 +/- 21 pcm
  [GPU] batch   87/150 | k=1.00065  <k>=1.00016 +/- 20 pcm
  [GPU] batch   88/150 | k=0.99917  <k>=1.00015 +/- 20 pcm
  [GPU] batch   89/150 | k=0.99929  <k>=1.00013 +/- 20 pcm
  [GPU] batch   90/150 | k=0.99976  <k>=1.00013 +/- 19 pcm
  [GPU] batch   91/150 | k=0.99851  <k>=1.00010 +/- 19 pcm
  [GPU] batch   92/150 | k=1.00124  <k>=1.00012 +/- 19 pcm
  [GPU] batch   93/150 | k=1.00273  <k>=1.00016 +/- 19 pcm
  [GPU] batch   94/150 | k=1.00140  <k>=1.00018 +/- 19 pcm
  [GPU] batch   95/150 | k=1.00018  <k>=1.00018 +/- 19 pcm
  [GPU] batch   96/150 | k=0.99776  <k>=1.00014 +/- 19 pcm
  [GPU] batch   97/150 | k=1.00256  <k>=1.00018 +/- 19 pcm
  [GPU] batch   98/150 | k=1.00058  <k>=1.00018 +/- 19 pcm
  [GPU] batch   99/150 | k=0.99829  <k>=1.00016 +/- 19 pcm
  [GPU] batch  100/150 | k=1.00087  <k>=1.00017 +/- 18 pcm
  [GPU] batch  101/150 | k=0.99792  <k>=1.00014 +/- 18 pcm
  [GPU] batch  102/150 | k=0.99857  <k>=1.00011 +/- 18 pcm
  [GPU] batch  103/150 | k=1.00057  <k>=1.00012 +/- 18 pcm
  [GPU] batch  104/150 | k=1.00018  <k>=1.00012 +/- 18 pcm
  [GPU] batch  105/150 | k=1.00009  <k>=1.00012 +/- 17 pcm
  [GPU] batch  106/150 | k=0.99812  <k>=1.00009 +/- 17 pcm
  [GPU] batch  107/150 | k=1.00131  <k>=1.00011 +/- 17 pcm
  [GPU] batch  108/150 | k=0.99897  <k>=1.00010 +/- 17 pcm
  [GPU] batch  109/150 | k=0.99925  <k>=1.00008 +/- 17 pcm
  [GPU] batch  110/150 | k=0.99828  <k>=1.00006 +/- 17 pcm
  [GPU] batch  111/150 | k=1.00152  <k>=1.00008 +/- 17 pcm
  [GPU] batch  112/150 | k=1.00111  <k>=1.00009 +/- 17 pcm
  [GPU] batch  113/150 | k=1.00052  <k>=1.00010 +/- 16 pcm
  [GPU] batch  114/150 | k=1.00011  <k>=1.00010 +/- 16 pcm
  [GPU] batch  115/150 | k=0.99992  <k>=1.00010 +/- 16 pcm
  [GPU] batch  116/150 | k=0.99916  <k>=1.00008 +/- 16 pcm
  [GPU] batch  117/150 | k=1.00076  <k>=1.00009 +/- 16 pcm
  [GPU] batch  118/150 | k=1.00151  <k>=1.00011 +/- 16 pcm
  [GPU] batch  119/150 | k=0.99886  <k>=1.00009 +/- 15 pcm
  [GPU] batch  120/150 | k=0.99968  <k>=1.00009 +/- 15 pcm
  [GPU] batch  121/150 | k=1.00166  <k>=1.00011 +/- 15 pcm
  [GPU] batch  122/150 | k=0.99711  <k>=1.00007 +/- 15 pcm
  [GPU] batch  123/150 | k=0.99865  <k>=1.00006 +/- 15 pcm
  [GPU] batch  124/150 | k=0.99964  <k>=1.00005 +/- 15 pcm
  [GPU] batch  125/150 | k=0.99925  <k>=1.00005 +/- 15 pcm
  [GPU] batch  126/150 | k=0.99862  <k>=1.00003 +/- 15 pcm
  [GPU] batch  127/150 | k=0.99961  <k>=1.00003 +/- 15 pcm
  [GPU] batch  128/150 | k=0.99935  <k>=1.00002 +/- 15 pcm
  [GPU] batch  129/150 | k=0.99929  <k>=1.00001 +/- 15 pcm
  [GPU] batch  130/150 | k=1.00065  <k>=1.00002 +/- 14 pcm
  [GPU] batch  131/150 | k=1.00011  <k>=1.00002 +/- 14 pcm
  [GPU] batch  132/150 | k=0.99787  <k>=1.00000 +/- 14 pcm
  [GPU] batch  133/150 | k=1.00222  <k>=1.00002 +/- 14 pcm
  [GPU] batch  134/150 | k=1.00050  <k>=1.00003 +/- 14 pcm
  [GPU] batch  135/150 | k=1.00057  <k>=1.00003 +/- 14 pcm
  [GPU] batch  136/150 | k=0.99971  <k>=1.00003 +/- 14 pcm
  [GPU] batch  137/150 | k=1.00017  <k>=1.00003 +/- 14 pcm
  [GPU] batch  138/150 | k=1.00068  <k>=1.00003 +/- 14 pcm
  [GPU] batch  139/150 | k=1.00117  <k>=1.00005 +/- 14 pcm
  [GPU] batch  140/150 | k=1.00290  <k>=1.00007 +/- 14 pcm
  [GPU] batch  141/150 | k=1.00048  <k>=1.00007 +/- 14 pcm
  [GPU] batch  142/150 | k=0.99800  <k>=1.00006 +/- 14 pcm
  [GPU] batch  143/150 | k=1.00049  <k>=1.00006 +/- 13 pcm
  [GPU] batch  144/150 | k=1.00197  <k>=1.00008 +/- 13 pcm
  [GPU] batch  145/150 | k=0.99891  <k>=1.00007 +/- 13 pcm
  [GPU] batch  146/150 | k=0.99783  <k>=1.00005 +/- 13 pcm
  [GPU] batch  147/150 | k=1.00056  <k>=1.00005 +/- 13 pcm
  [GPU] batch  148/150 | k=1.00193  <k>=1.00007 +/- 13 pcm
  [GPU] batch  149/150 | k=0.99999  <k>=1.00007 +/- 13 pcm
  [GPU] batch  150/150 | k=1.00115  <k>=1.00008 +/- 13 pcm
  heu-met-fast-009_case-1 -- seed 5/5 done in 207.3s: k=1.00008 +/- 0.00013
heu-met-fast-009_case-1: PASS -- k=0.99996+/-0.00004, delta=+76pcm, bound=+/-300pcm, 0.51sigma, 1036.5s (5seed x 150b x 30i x 200000p) [30/375]
[3/347] heu-met-fast-009_case-2 starting (5seed x 150b x 30i x 200000p)
  heu-met-fast-009_case-2 -- seed 1/5 (seed=42) starting
  Loading E:\git\open_rust_mc\data\endfb-viii.1-hdf5\neutron\O16.h5 (rank=15)...
    AWR = 15.858 (6 temps, 3196 energy pts)
    Discrete levels: 8/8 (continuum=true, angle_dists=7)
    Elastic angular dist: 1636 energies, CM=true
    Total XS: summed 25 leaf reactions (no MT=3 available)
    MT=2  (elastic)  Table (3196 pts, 25.0 KB)
    MT=4  (inelastic) rank=15
    MT=16 (n,2n)     rank=15
    MT=102 (capture) rank=15
    MT=22 (n,nα)    rank=15
    MT=28 (n,np)    rank=15
    Missing channels: max=0.5240 b
    Total XS: summed 25 leaf reactions (no MT=3 available)
    Pointwise XS: 3196 energy pts × 7 channels = 174.8 KB
  Loading E:\git\open_rust_mc\data\endfb-viii.1-hdf5\neutron\O17.h5 (rank=15)...
    AWR = 16.853 (6 temps, 749 energy pts)
    Discrete levels: 13/13 (continuum=true, angle_dists=13)
    Elastic angular dist: 20 energies, CM=true
    Total XS: summed 21 leaf reactions (no MT=3 available)
    MT=2  (elastic)  Table (749 pts, 5.9 KB)
    MT=4  (inelastic) synthetic rank=15 (sum + CDF over 13 levels, CDF=20.4 KB)
    MT=16 (n,2n)     rank=15
    MT=102 (capture) rank=15
    MT=22 (n,nα)    rank=15
    MT=28 (n,np)    rank=15
    Missing channels: max=11.8251 b
    Total XS: summed 21 leaf reactions (no MT=3 available)
    Pointwise XS: 749 energy pts × 7 channels = 41.0 KB
  Thermal: c_Be_in_BeO  nuclides=["Be0", "Be9"]  energy_max=4.90 eV  AWR=8.935
  Temperatures: ["294K", "400K", "500K", "600K", "700K", "800K", "1000K", "1200K"]
    Continuous: 109 inc energies, 91816 E_out pts, 1469056 mu pts
    294K inelastic: 109 energies, type=incoherent_inelastic
    Continuous: 109 inc energies, 94138 E_out pts, 1506208 mu pts
    400K inelastic: 109 energies, type=incoherent_inelastic
    Continuous: 109 inc energies, 93852 E_out pts, 1501632 mu pts
    500K inelastic: 109 energies, type=incoherent_inelastic
    Continuous: 109 inc energies, 93564 E_out pts, 1497024 mu pts
    600K inelastic: 109 energies, type=incoherent_inelastic
    Continuous: 109 inc energies, 92609 E_out pts, 1481744 mu pts
    700K inelastic: 109 energies, type=incoherent_inelastic
    Continuous: 109 inc energies, 92336 E_out pts, 1477376 mu pts
    800K inelastic: 109 energies, type=incoherent_inelastic
    Continuous: 109 inc energies, 90805 E_out pts, 1452880 mu pts
    1000K inelastic: 109 energies, type=incoherent_inelastic
    Continuous: 109 inc energies, 89968 E_out pts, 1439488 mu pts
    1200K inelastic: 109 energies, type=incoherent_inelastic
    294K elastic: coherent, 2745 Bragg edges
    400K elastic: coherent, 2719 Bragg edges
    500K elastic: coherent, 2371 Bragg edges
    600K elastic: coherent, 2010 Bragg edges
    700K elastic: coherent, 1702 Bragg edges
    800K elastic: coherent, 1479 Bragg edges
    1000K elastic: coherent, 1140 Bragg edges
    1200K elastic: coherent, 912 Bragg edges
  Thermal: c_O_in_BeO  nuclides=["O0", "O16", "O17", "O18"]  energy_max=4.90 eV  AWR=15.858
  Temperatures: ["294K", "400K", "500K", "600K", "700K", "800K", "1000K", "1200K"]
    Continuous: 109 inc energies, 74879 E_out pts, 1198064 mu pts
    294K inelastic: 109 energies, type=incoherent_inelastic
    Continuous: 109 inc energies, 76572 E_out pts, 1225152 mu pts
    400K inelastic: 109 energies, type=incoherent_inelastic
    Continuous: 109 inc energies, 76504 E_out pts, 1224064 mu pts
    500K inelastic: 109 energies, type=incoherent_inelastic
    Continuous: 109 inc energies, 76264 E_out pts, 1220224 mu pts
    600K inelastic: 109 energies, type=incoherent_inelastic
    Continuous: 109 inc energies, 75792 E_out pts, 1212672 mu pts
    700K inelastic: 109 energies, type=incoherent_inelastic
    Continuous: 109 inc energies, 75571 E_out pts, 1209136 mu pts
    800K inelastic: 109 energies, type=incoherent_inelastic
    Continuous: 109 inc energies, 75611 E_out pts, 1209776 mu pts
    1000K inelastic: 109 energies, type=incoherent_inelastic
    Continuous: 109 inc energies, 75701 E_out pts, 1211216 mu pts
    1200K inelastic: 109 energies, type=incoherent_inelastic
    294K elastic: coherent, 2746 Bragg edges
    400K elastic: coherent, 2719 Bragg edges
    500K elastic: coherent, 2371 Bragg edges
    600K elastic: coherent, 2011 Bragg edges
    700K elastic: coherent, 1702 Bragg edges
    800K elastic: coherent, 1479 Bragg edges
    1000K elastic: coherent, 1140 Bragg edges
    1200K elastic: coherent, 912 Bragg edges
  GPU S(α,β) slot 0 (nuc 22): coherent elastic, 2745 Bragg edges
  GPU S(α,β) slot 0 (nuc 22): 109 inc energies, 91816 E_out pts, 1469056 mu pts
  GPU S(α,β) slot 1 (nuc 22): coherent elastic, 2719 Bragg edges
  GPU S(α,β) slot 1 (nuc 22): 109 inc energies, 94138 E_out pts, 1506208 mu pts
  GPU S(α,β) slot 2 (nuc 22): coherent elastic, 2371 Bragg edges
  GPU S(α,β) slot 2 (nuc 22): 109 inc energies, 93852 E_out pts, 1501632 mu pts
  GPU S(α,β) slot 3 (nuc 22): coherent elastic, 2010 Bragg edges
  GPU S(α,β) slot 3 (nuc 22): 109 inc energies, 93564 E_out pts, 1497024 mu pts
  GPU S(α,β) slot 4 (nuc 22): coherent elastic, 1702 Bragg edges
  GPU S(α,β) slot 4 (nuc 22): 109 inc energies, 92609 E_out pts, 1481744 mu pts
  GPU S(α,β) slot 5 (nuc 22): coherent elastic, 1479 Bragg edges
  GPU S(α,β) slot 5 (nuc 22): 109 inc energies, 92336 E_out pts, 1477376 mu pts
  GPU S(α,β) slot 6 (nuc 22): coherent elastic, 1140 Bragg edges
  GPU S(α,β) slot 6 (nuc 22): 109 inc energies, 90805 E_out pts, 1452880 mu pts
  GPU S(α,β) slot 7 (nuc 22): coherent elastic, 912 Bragg edges
  GPU S(α,β) slot 7 (nuc 22): 109 inc energies, 89968 E_out pts, 1439488 mu pts
  GPU S(α,β) slot 8 (nuc 23): coherent elastic, 2746 Bragg edges
  GPU S(α,β) slot 8 (nuc 23): 109 inc energies, 74879 E_out pts, 1198064 mu pts
  GPU S(α,β) slot 9 (nuc 23): coherent elastic, 2719 Bragg edges
  GPU S(α,β) slot 9 (nuc 23): 109 inc energies, 76572 E_out pts, 1225152 mu pts
  GPU S(α,β) slot 10 (nuc 23): coherent elastic, 2371 Bragg edges
  GPU S(α,β) slot 10 (nuc 23): 109 inc energies, 76504 E_out pts, 1224064 mu pts
  GPU S(α,β) slot 11 (nuc 23): coherent elastic, 2011 Bragg edges
  GPU S(α,β) slot 11 (nuc 23): 109 inc energies, 76264 E_out pts, 1220224 mu pts
  GPU S(α,β) slot 12 (nuc 23): coherent elastic, 1702 Bragg edges
  GPU S(α,β) slot 12 (nuc 23): 109 inc energies, 75792 E_out pts, 1212672 mu pts
  GPU S(α,β) slot 13 (nuc 23): coherent elastic, 1479 Bragg edges
  GPU S(α,β) slot 13 (nuc 23): 109 inc energies, 75571 E_out pts, 1209136 mu pts
  GPU S(α,β) slot 14 (nuc 23): coherent elastic, 1140 Bragg edges
  GPU S(α,β) slot 14 (nuc 23): 109 inc energies, 75611 E_out pts, 1209776 mu pts
  GPU S(α,β) slot 15 (nuc 23): coherent elastic, 912 Bragg edges
  GPU S(α,β) slot 15 (nuc 23): 109 inc energies, 75701 E_out pts, 1211216 mu pts
  GPU S(α,β) slot 16 (nuc 24): coherent elastic, 2746 Bragg edges
  GPU S(α,β) slot 16 (nuc 24): 109 inc energies, 74879 E_out pts, 1198064 mu pts
  GPU S(α,β) slot 17 (nuc 24): coherent elastic, 2719 Bragg edges
  GPU S(α,β) slot 17 (nuc 24): 109 inc energies, 76572 E_out pts, 1225152 mu pts
  GPU S(α,β) slot 18 (nuc 24): coherent elastic, 2371 Bragg edges
  GPU S(α,β) slot 18 (nuc 24): 109 inc energies, 76504 E_out pts, 1224064 mu pts
  GPU S(α,β) slot 19 (nuc 24): coherent elastic, 2011 Bragg edges
  GPU S(α,β) slot 19 (nuc 24): 109 inc energies, 76264 E_out pts, 1220224 mu pts
  GPU S(α,β) slot 20 (nuc 24): coherent elastic, 1702 Bragg edges
  GPU S(α,β) slot 20 (nuc 24): 109 inc energies, 75792 E_out pts, 1212672 mu pts
  GPU S(α,β) slot 21 (nuc 24): coherent elastic, 1479 Bragg edges
  GPU S(α,β) slot 21 (nuc 24): 109 inc energies, 75571 E_out pts, 1209136 mu pts
  GPU S(α,β) slot 22 (nuc 24): coherent elastic, 1140 Bragg edges
  GPU S(α,β) slot 22 (nuc 24): 109 inc energies, 75611 E_out pts, 1209776 mu pts
  GPU S(α,β) slot 23 (nuc 24): coherent elastic, 912 Bragg edges
  GPU S(α,β) slot 23 (nuc 24): 109 inc energies, 75701 E_out pts, 1211216 mu pts
  GPU: WMP payload = 0.0 KB (0 / 25 nuclides covered)
  GPU auto-refill: picked factor=3.48 for particles_per_batch=200000
  [GPU] batch    1/150 | k=0.96562  (inactive)
  [GPU] batch    2/150 | k=0.97834  (inactive)
  [GPU] batch    3/150 | k=0.98833  (inactive)
  [GPU] batch    4/150 | k=0.99407  (inactive)
  [GPU] batch    5/150 | k=0.99663  (inactive)
  [GPU] batch    6/150 | k=0.99678  (inactive)
  [GPU] batch    7/150 | k=0.99812  (inactive)
  [GPU] batch    8/150 | k=0.99878  (inactive)
  [GPU] batch    9/150 | k=0.99658  (inactive)
  [GPU] batch   10/150 | k=0.99862  (inactive)
  [GPU] batch   11/150 | k=0.99716  (inactive)
  [GPU] batch   12/150 | k=0.99580  (inactive)
  [GPU] batch   13/150 | k=0.99692  (inactive)
  [GPU] batch   14/150 | k=0.99864  (inactive)
  [GPU] batch   15/150 | k=0.99585  (inactive)
  [GPU] batch   16/150 | k=0.99928  (inactive)
  [GPU] batch   17/150 | k=0.99673  (inactive)
  [GPU] batch   18/150 | k=0.99778  (inactive)
  [GPU] batch   19/150 | k=0.99673  (inactive)
  [GPU] batch   20/150 | k=1.00030  (inactive)
  [GPU] batch   21/150 | k=0.99720  (inactive)
  [GPU] batch   22/150 | k=0.99901  (inactive)
  [GPU] batch   23/150 | k=0.99853  (inactive)
  [GPU] batch   24/150 | k=0.99897  (inactive)
  [GPU] batch   25/150 | k=0.99638  (inactive)
  [GPU] batch   26/150 | k=0.99964  (inactive)
  [GPU] batch   27/150 | k=0.99973  (inactive)
  [GPU] batch   28/150 | k=0.99552  (inactive)
  [GPU] batch   29/150 | k=0.99930  (inactive)
  [GPU] batch   30/150 | k=0.99723  (inactive)
  [GPU] batch   31/150 | k=1.00020  (1st active)
  [GPU] batch   32/150 | k=0.99775  <k>=0.99898 +/- 122 pcm
  [GPU] batch   33/150 | k=0.99901  <k>=0.99899 +/- 71 pcm
  [GPU] batch   34/150 | k=0.99788  <k>=0.99871 +/- 57 pcm
  [GPU] batch   35/150 | k=0.99810  <k>=0.99859 +/- 46 pcm
  [GPU] batch   36/150 | k=0.99704  <k>=0.99833 +/- 46 pcm
  [GPU] batch   37/150 | k=0.99816  <k>=0.99831 +/- 39 pcm
  [GPU] batch   38/150 | k=0.99821  <k>=0.99829 +/- 33 pcm
  [GPU] batch   39/150 | k=0.99845  <k>=0.99831 +/- 30 pcm
  [GPU] batch   40/150 | k=0.99571  <k>=0.99805 +/- 37 pcm
  [GPU] batch   41/150 | k=0.99917  <k>=0.99815 +/- 35 pcm
  [GPU] batch   42/150 | k=0.99638  <k>=0.99800 +/- 35 pcm
  [GPU] batch   43/150 | k=0.99638  <k>=0.99788 +/- 35 pcm
  [GPU] batch   44/150 | k=0.99928  <k>=0.99798 +/- 34 pcm
  [GPU] batch   45/150 | k=0.99869  <k>=0.99803 +/- 32 pcm
  [GPU] batch   46/150 | k=0.99845  <k>=0.99805 +/- 30 pcm
  [GPU] batch   47/150 | k=1.00053  <k>=0.99820 +/- 32 pcm
  [GPU] batch   48/150 | k=0.99926  <k>=0.99826 +/- 30 pcm
  [GPU] batch   49/150 | k=0.99649  <k>=0.99817 +/- 30 pcm
  [GPU] batch   50/150 | k=0.99934  <k>=0.99822 +/- 29 pcm
  [GPU] batch   51/150 | k=0.99992  <k>=0.99831 +/- 29 pcm
  [GPU] batch   52/150 | k=0.99836  <k>=0.99831 +/- 28 pcm
  [GPU] batch   53/150 | k=0.99813  <k>=0.99830 +/- 26 pcm
  [GPU] batch   54/150 | k=1.00089  <k>=0.99841 +/- 27 pcm
  [GPU] batch   55/150 | k=0.99529  <k>=0.99828 +/- 29 pcm
  [GPU] batch   56/150 | k=0.99648  <k>=0.99821 +/- 29 pcm
  [GPU] batch   57/150 | k=1.00075  <k>=0.99831 +/- 29 pcm
  [GPU] batch   58/150 | k=0.99906  <k>=0.99833 +/- 28 pcm
  [GPU] batch   59/150 | k=0.99894  <k>=0.99836 +/- 27 pcm
  [GPU] batch   60/150 | k=0.99958  <k>=0.99840 +/- 27 pcm
  [GPU] batch   61/150 | k=0.99928  <k>=0.99842 +/- 26 pcm
  [GPU] batch   62/150 | k=0.99758  <k>=0.99840 +/- 25 pcm
  [GPU] batch   63/150 | k=0.99739  <k>=0.99837 +/- 25 pcm
  [GPU] batch   64/150 | k=0.99854  <k>=0.99837 +/- 24 pcm
  [GPU] batch   65/150 | k=0.99691  <k>=0.99833 +/- 24 pcm
  [GPU] batch   66/150 | k=0.99598  <k>=0.99827 +/- 24 pcm
  [GPU] batch   67/150 | k=0.99748  <k>=0.99824 +/- 23 pcm
  [GPU] batch   68/150 | k=0.99531  <k>=0.99817 +/- 24 pcm
  [GPU] batch   69/150 | k=0.99560  <k>=0.99810 +/- 24 pcm
  [GPU] batch   70/150 | k=0.99752  <k>=0.99809 +/- 24 pcm
  [GPU] batch   71/150 | k=0.99680  <k>=0.99806 +/- 23 pcm
  [GPU] batch   72/150 | k=0.99583  <k>=0.99800 +/- 23 pcm
  [GPU] batch   73/150 | k=0.99328  <k>=0.99789 +/- 25 pcm
  [GPU] batch   74/150 | k=0.99833  <k>=0.99790 +/- 25 pcm
  [GPU] batch   75/150 | k=0.99616  <k>=0.99786 +/- 25 pcm
  [GPU] batch   76/150 | k=0.99733  <k>=0.99785 +/- 24 pcm
  [GPU] batch   77/150 | k=0.99780  <k>=0.99785 +/- 24 pcm
  [GPU] batch   78/150 | k=0.99791  <k>=0.99785 +/- 23 pcm
  [GPU] batch   79/150 | k=0.99649  <k>=0.99782 +/- 23 pcm
  [GPU] batch   80/150 | k=0.99797  <k>=0.99783 +/- 22 pcm
  [GPU] batch   81/150 | k=0.99732  <k>=0.99782 +/- 22 pcm
  [GPU] batch   82/150 | k=0.99669  <k>=0.99780 +/- 22 pcm
  [GPU] batch   83/150 | k=0.99609  <k>=0.99776 +/- 21 pcm
  [GPU] batch   84/150 | k=0.99893  <k>=0.99778 +/- 21 pcm
  [GPU] batch   85/150 | k=0.99637  <k>=0.99776 +/- 21 pcm
  [GPU] batch   86/150 | k=0.99631  <k>=0.99773 +/- 21 pcm
  [GPU] batch   87/150 | k=0.99859  <k>=0.99775 +/- 20 pcm
  [GPU] batch   88/150 | k=1.00017  <k>=0.99779 +/- 20 pcm
  [GPU] batch   89/150 | k=0.99763  <k>=0.99779 +/- 20 pcm
  [GPU] batch   90/150 | k=0.99986  <k>=0.99782 +/- 20 pcm
  [GPU] batch   91/150 | k=0.99670  <k>=0.99780 +/- 20 pcm
  [GPU] batch   92/150 | k=0.99757  <k>=0.99780 +/- 19 pcm
  [GPU] batch   93/150 | k=0.99619  <k>=0.99777 +/- 19 pcm
  [GPU] batch   94/150 | k=0.99856  <k>=0.99779 +/- 19 pcm
  [GPU] batch   95/150 | k=0.99905  <k>=0.99781 +/- 19 pcm
  [GPU] batch   96/150 | k=0.99731  <k>=0.99780 +/- 19 pcm
  [GPU] batch   97/150 | k=0.99973  <k>=0.99783 +/- 19 pcm
  [GPU] batch   98/150 | k=0.99716  <k>=0.99782 +/- 18 pcm
  [GPU] batch   99/150 | k=0.99669  <k>=0.99780 +/- 18 pcm
  [GPU] batch  100/150 | k=0.99820  <k>=0.99781 +/- 18 pcm
  [GPU] batch  101/150 | k=0.99995  <k>=0.99784 +/- 18 pcm
  [GPU] batch  102/150 | k=0.99800  <k>=0.99784 +/- 18 pcm
  [GPU] batch  103/150 | k=1.00091  <k>=0.99788 +/- 18 pcm
  [GPU] batch  104/150 | k=0.99744  <k>=0.99788 +/- 18 pcm
  [GPU] batch  105/150 | k=0.99649  <k>=0.99786 +/- 17 pcm
  [GPU] batch  106/150 | k=0.99955  <k>=0.99788 +/- 17 pcm
  [GPU] batch  107/150 | k=0.99724  <k>=0.99787 +/- 17 pcm
  [GPU] batch  108/150 | k=0.99425  <k>=0.99782 +/- 18 pcm
  [GPU] batch  109/150 | k=0.99634  <k>=0.99781 +/- 17 pcm
  [GPU] batch  110/150 | k=0.99782  <k>=0.99781 +/- 17 pcm
  [GPU] batch  111/150 | k=0.99442  <k>=0.99776 +/- 18 pcm
  [GPU] batch  112/150 | k=0.99720  <k>=0.99776 +/- 17 pcm
  [GPU] batch  113/150 | k=0.99825  <k>=0.99776 +/- 17 pcm
  [GPU] batch  114/150 | k=0.99637  <k>=0.99775 +/- 17 pcm
  [GPU] batch  115/150 | k=0.99639  <k>=0.99773 +/- 17 pcm
  [GPU] batch  116/150 | k=0.99576  <k>=0.99771 +/- 17 pcm
  [GPU] batch  117/150 | k=1.00007  <k>=0.99774 +/- 17 pcm
  [GPU] batch  118/150 | k=0.99760  <k>=0.99773 +/- 17 pcm
  [GPU] batch  119/150 | k=0.99725  <k>=0.99773 +/- 17 pcm
  [GPU] batch  120/150 | k=0.99806  <k>=0.99773 +/- 16 pcm
  [GPU] batch  121/150 | k=0.99973  <k>=0.99775 +/- 16 pcm
  [GPU] batch  122/150 | k=0.99951  <k>=0.99777 +/- 16 pcm
  [GPU] batch  123/150 | k=0.99624  <k>=0.99776 +/- 16 pcm
  [GPU] batch  124/150 | k=0.99865  <k>=0.99777 +/- 16 pcm
  [GPU] batch  125/150 | k=0.99916  <k>=0.99778 +/- 16 pcm
  [GPU] batch  126/150 | k=0.99736  <k>=0.99778 +/- 16 pcm
  [GPU] batch  127/150 | k=0.99775  <k>=0.99778 +/- 16 pcm
  [GPU] batch  128/150 | k=0.99637  <k>=0.99776 +/- 15 pcm
  [GPU] batch  129/150 | k=0.99848  <k>=0.99777 +/- 15 pcm
  [GPU] batch  130/150 | k=0.99812  <k>=0.99777 +/- 15 pcm
  [GPU] batch  131/150 | k=0.99823  <k>=0.99778 +/- 15 pcm
  [GPU] batch  132/150 | k=0.99592  <k>=0.99776 +/- 15 pcm
  [GPU] batch  133/150 | k=0.99580  <k>=0.99774 +/- 15 pcm
  [GPU] batch  134/150 | k=0.99825  <k>=0.99774 +/- 15 pcm
  [GPU] batch  135/150 | k=0.99625  <k>=0.99773 +/- 15 pcm
  [GPU] batch  136/150 | k=0.99631  <k>=0.99772 +/- 15 pcm
  [GPU] batch  137/150 | k=0.99977  <k>=0.99774 +/- 15 pcm
  [GPU] batch  138/150 | k=0.99604  <k>=0.99772 +/- 15 pcm
  [GPU] batch  139/150 | k=0.99623  <k>=0.99771 +/- 15 pcm
  [GPU] batch  140/150 | k=0.99786  <k>=0.99771 +/- 14 pcm
  [GPU] batch  141/150 | k=0.99920  <k>=0.99772 +/- 14 pcm
  [GPU] batch  142/150 | k=0.99708  <k>=0.99772 +/- 14 pcm
  [GPU] batch  143/150 | k=0.99815  <k>=0.99772 +/- 14 pcm
  [GPU] batch  144/150 | k=0.99779  <k>=0.99772 +/- 14 pcm
  [GPU] batch  145/150 | k=1.00089  <k>=0.99775 +/- 14 pcm
  [GPU] batch  146/150 | k=0.99872  <k>=0.99776 +/- 14 pcm
  [GPU] batch  147/150 | k=0.99760  <k>=0.99775 +/- 14 pcm
  [GPU] batch  148/150 | k=0.99752  <k>=0.99775 +/- 14 pcm
  [GPU] batch  149/150 | k=0.99729  <k>=0.99775 +/- 14 pcm
  [GPU] batch  150/150 | k=0.99728  <k>=0.99775 +/- 14 pcm
  heu-met-fast-009_case-2 -- seed 1/5 done in 201.3s: k=0.99775 +/- 0.00014
  heu-met-fast-009_case-2 -- seed 2/5 (seed=43) starting
  GPU S(α,β) slot 0 (nuc 22): coherent elastic, 2745 Bragg edges
  GPU S(α,β) slot 0 (nuc 22): 109 inc energies, 91816 E_out pts, 1469056 mu pts
  GPU S(α,β) slot 1 (nuc 22): coherent elastic, 2719 Bragg edges
  GPU S(α,β) slot 1 (nuc 22): 109 inc energies, 94138 E_out pts, 1506208 mu pts
  GPU S(α,β) slot 2 (nuc 22): coherent elastic, 2371 Bragg edges
  GPU S(α,β) slot 2 (nuc 22): 109 inc energies, 93852 E_out pts, 1501632 mu pts
  GPU S(α,β) slot 3 (nuc 22): coherent elastic, 2010 Bragg edges
  GPU S(α,β) slot 3 (nuc 22): 109 inc energies, 93564 E_out pts, 1497024 mu pts
  GPU S(α,β) slot 4 (nuc 22): coherent elastic, 1702 Bragg edges
  GPU S(α,β) slot 4 (nuc 22): 109 inc energies, 92609 E_out pts, 1481744 mu pts
  GPU S(α,β) slot 5 (nuc 22): coherent elastic, 1479 Bragg edges
  GPU S(α,β) slot 5 (nuc 22): 109 inc energies, 92336 E_out pts, 1477376 mu pts
  GPU S(α,β) slot 6 (nuc 22): coherent elastic, 1140 Bragg edges
  GPU S(α,β) slot 6 (nuc 22): 109 inc energies, 90805 E_out pts, 1452880 mu pts
  GPU S(α,β) slot 7 (nuc 22): coherent elastic, 912 Bragg edges
  GPU S(α,β) slot 7 (nuc 22): 109 inc energies, 89968 E_out pts, 1439488 mu pts
  GPU S(α,β) slot 8 (nuc 23): coherent elastic, 2746 Bragg edges
  GPU S(α,β) slot 8 (nuc 23): 109 inc energies, 74879 E_out pts, 1198064 mu pts
  GPU S(α,β) slot 9 (nuc 23): coherent elastic, 2719 Bragg edges
  GPU S(α,β) slot 9 (nuc 23): 109 inc energies, 76572 E_out pts, 1225152 mu pts
  GPU S(α,β) slot 10 (nuc 23): coherent elastic, 2371 Bragg edges
  GPU S(α,β) slot 10 (nuc 23): 109 inc energies, 76504 E_out pts, 1224064 mu pts
  GPU S(α,β) slot 11 (nuc 23): coherent elastic, 2011 Bragg edges
  GPU S(α,β) slot 11 (nuc 23): 109 inc energies, 76264 E_out pts, 1220224 mu pts
  GPU S(α,β) slot 12 (nuc 23): coherent elastic, 1702 Bragg edges
  GPU S(α,β) slot 12 (nuc 23): 109 inc energies, 75792 E_out pts, 1212672 mu pts
  GPU S(α,β) slot 13 (nuc 23): coherent elastic, 1479 Bragg edges
  GPU S(α,β) slot 13 (nuc 23): 109 inc energies, 75571 E_out pts, 1209136 mu pts
  GPU S(α,β) slot 14 (nuc 23): coherent elastic, 1140 Bragg edges
  GPU S(α,β) slot 14 (nuc 23): 109 inc energies, 75611 E_out pts, 1209776 mu pts
  GPU S(α,β) slot 15 (nuc 23): coherent elastic, 912 Bragg edges
  GPU S(α,β) slot 15 (nuc 23): 109 inc energies, 75701 E_out pts, 1211216 mu pts
  GPU S(α,β) slot 16 (nuc 24): coherent elastic, 2746 Bragg edges
  GPU S(α,β) slot 16 (nuc 24): 109 inc energies, 74879 E_out pts, 1198064 mu pts
  GPU S(α,β) slot 17 (nuc 24): coherent elastic, 2719 Bragg edges
  GPU S(α,β) slot 17 (nuc 24): 109 inc energies, 76572 E_out pts, 1225152 mu pts
  GPU S(α,β) slot 18 (nuc 24): coherent elastic, 2371 Bragg edges
  GPU S(α,β) slot 18 (nuc 24): 109 inc energies, 76504 E_out pts, 1224064 mu pts
  GPU S(α,β) slot 19 (nuc 24): coherent elastic, 2011 Bragg edges
  GPU S(α,β) slot 19 (nuc 24): 109 inc energies, 76264 E_out pts, 1220224 mu pts
  GPU S(α,β) slot 20 (nuc 24): coherent elastic, 1702 Bragg edges
  GPU S(α,β) slot 20 (nuc 24): 109 inc energies, 75792 E_out pts, 1212672 mu pts
  GPU S(α,β) slot 21 (nuc 24): coherent elastic, 1479 Bragg edges
  GPU S(α,β) slot 21 (nuc 24): 109 inc energies, 75571 E_out pts, 1209136 mu pts
  GPU S(α,β) slot 22 (nuc 24): coherent elastic, 1140 Bragg edges
  GPU S(α,β) slot 22 (nuc 24): 109 inc energies, 75611 E_out pts, 1209776 mu pts
  GPU S(α,β) slot 23 (nuc 24): coherent elastic, 912 Bragg edges
  GPU S(α,β) slot 23 (nuc 24): 109 inc energies, 75701 E_out pts, 1211216 mu pts
  GPU: WMP payload = 0.0 KB (0 / 25 nuclides covered)
  GPU auto-refill: picked factor=3.48 for particles_per_batch=200000
  [GPU] batch    1/150 | k=0.96153  (inactive)
  [GPU] batch    2/150 | k=0.97675  (inactive)
  [GPU] batch    3/150 | k=0.98627  (inactive)
  [GPU] batch    4/150 | k=0.99476  (inactive)
  [GPU] batch    5/150 | k=0.99564  (inactive)
  [GPU] batch    6/150 | k=0.99760  (inactive)
  [GPU] batch    7/150 | k=0.99590  (inactive)
  [GPU] batch    8/150 | k=0.99524  (inactive)
  [GPU] batch    9/150 | k=0.99693  (inactive)
  [GPU] batch   10/150 | k=0.99823  (inactive)
  [GPU] batch   11/150 | k=0.99804  (inactive)
  [GPU] batch   12/150 | k=0.99696  (inactive)
  [GPU] batch   13/150 | k=0.99694  (inactive)
  [GPU] batch   14/150 | k=0.99857  (inactive)
  [GPU] batch   15/150 | k=1.00007  (inactive)
  [GPU] batch   16/150 | k=0.99750  (inactive)
  [GPU] batch   17/150 | k=0.99864  (inactive)
  [GPU] batch   18/150 | k=0.99612  (inactive)
  [GPU] batch   19/150 | k=0.99632  (inactive)
  [GPU] batch   20/150 | k=0.99701  (inactive)
  [GPU] batch   21/150 | k=0.99607  (inactive)
  [GPU] batch   22/150 | k=0.99579  (inactive)
  [GPU] batch   23/150 | k=0.99650  (inactive)
  [GPU] batch   24/150 | k=0.99849  (inactive)
  [GPU] batch   25/150 | k=0.99732  (inactive)
  [GPU] batch   26/150 | k=0.99757  (inactive)
  [GPU] batch   27/150 | k=0.99865  (inactive)
  [GPU] batch   28/150 | k=0.99766  (inactive)
  [GPU] batch   29/150 | k=0.99795  (inactive)
  [GPU] batch   30/150 | k=0.99901  (inactive)
  [GPU] batch   31/150 | k=0.99781  (1st active)
  [GPU] batch   32/150 | k=0.99673  <k>=0.99727 +/- 54 pcm
  [GPU] batch   33/150 | k=0.99870  <k>=0.99775 +/- 57 pcm
  [GPU] batch   34/150 | k=1.00004  <k>=0.99832 +/- 70 pcm
  [GPU] batch   35/150 | k=0.99656  <k>=0.99797 +/- 65 pcm
  [GPU] batch   36/150 | k=0.99789  <k>=0.99795 +/- 53 pcm
  [GPU] batch   37/150 | k=1.00016  <k>=0.99827 +/- 55 pcm
  [GPU] batch   38/150 | k=0.99909  <k>=0.99837 +/- 48 pcm
  [GPU] batch   39/150 | k=0.99810  <k>=0.99834 +/- 43 pcm
  [GPU] batch   40/150 | k=0.99609  <k>=0.99812 +/- 44 pcm
  [GPU] batch   41/150 | k=0.99696  <k>=0.99801 +/- 42 pcm
  [GPU] batch   42/150 | k=0.99502  <k>=0.99776 +/- 45 pcm
  [GPU] batch   43/150 | k=0.99909  <k>=0.99786 +/- 43 pcm
  [GPU] batch   44/150 | k=0.99705  <k>=0.99781 +/- 40 pcm
  [GPU] batch   45/150 | k=0.99919  <k>=0.99790 +/- 39 pcm
  [GPU] batch   46/150 | k=0.99689  <k>=0.99784 +/- 37 pcm
  [GPU] batch   47/150 | k=0.99856  <k>=0.99788 +/- 35 pcm
  [GPU] batch   48/150 | k=0.99868  <k>=0.99792 +/- 33 pcm
  [GPU] batch   49/150 | k=0.99756  <k>=0.99790 +/- 31 pcm
  [GPU] batch   50/150 | k=0.99790  <k>=0.99790 +/- 30 pcm
  [GPU] batch   51/150 | k=0.99881  <k>=0.99795 +/- 28 pcm
  [GPU] batch   52/150 | k=0.99900  <k>=0.99799 +/- 28 pcm
  [GPU] batch   53/150 | k=0.99514  <k>=0.99787 +/- 29 pcm
  [GPU] batch   54/150 | k=0.99907  <k>=0.99792 +/- 28 pcm
  [GPU] batch   55/150 | k=0.99913  <k>=0.99797 +/- 28 pcm
  [GPU] batch   56/150 | k=0.99691  <k>=0.99793 +/- 27 pcm
  [GPU] batch   57/150 | k=0.99619  <k>=0.99786 +/- 27 pcm
  [GPU] batch   58/150 | k=0.99913  <k>=0.99791 +/- 26 pcm
  [GPU] batch   59/150 | k=0.99865  <k>=0.99793 +/- 25 pcm
  [GPU] batch   60/150 | k=0.99996  <k>=0.99800 +/- 25 pcm
  [GPU] batch   61/150 | k=0.99864  <k>=0.99802 +/- 25 pcm
  [GPU] batch   62/150 | k=0.99961  <k>=0.99807 +/- 24 pcm
  [GPU] batch   63/150 | k=0.99820  <k>=0.99808 +/- 24 pcm
  [GPU] batch   64/150 | k=0.99632  <k>=0.99802 +/- 23 pcm
  [GPU] batch   65/150 | k=0.99867  <k>=0.99804 +/- 23 pcm
  [GPU] batch   66/150 | k=0.99802  <k>=0.99804 +/- 22 pcm
  [GPU] batch   67/150 | k=0.99810  <k>=0.99804 +/- 22 pcm
  [GPU] batch   68/150 | k=0.99629  <k>=0.99800 +/- 22 pcm
  [GPU] batch   69/150 | k=0.99695  <k>=0.99797 +/- 21 pcm
  [GPU] batch   70/150 | k=1.00018  <k>=0.99803 +/- 21 pcm
  [GPU] batch   71/150 | k=1.00103  <k>=0.99810 +/- 22 pcm
  [GPU] batch   72/150 | k=0.99799  <k>=0.99810 +/- 22 pcm
  [GPU] batch   73/150 | k=0.99692  <k>=0.99807 +/- 21 pcm
  [GPU] batch   74/150 | k=0.99814  <k>=0.99807 +/- 21 pcm
  [GPU] batch   75/150 | k=0.99607  <k>=0.99803 +/- 21 pcm
  [GPU] batch   76/150 | k=0.99827  <k>=0.99803 +/- 20 pcm
  [GPU] batch   77/150 | k=0.99800  <k>=0.99803 +/- 20 pcm
  [GPU] batch   78/150 | k=0.99668  <k>=0.99800 +/- 20 pcm
  [GPU] batch   79/150 | k=0.99660  <k>=0.99797 +/- 19 pcm
  [GPU] batch   80/150 | k=0.99914  <k>=0.99800 +/- 19 pcm
  [GPU] batch   81/150 | k=0.99671  <k>=0.99797 +/- 19 pcm
  [GPU] batch   82/150 | k=0.99684  <k>=0.99795 +/- 19 pcm
  [GPU] batch   83/150 | k=0.99862  <k>=0.99796 +/- 18 pcm
  [GPU] batch   84/150 | k=0.99987  <k>=0.99800 +/- 18 pcm
  [GPU] batch   85/150 | k=0.99538  <k>=0.99795 +/- 19 pcm
  [GPU] batch   86/150 | k=0.99664  <k>=0.99793 +/- 18 pcm
  [GPU] batch   87/150 | k=1.00046  <k>=0.99797 +/- 19 pcm
  [GPU] batch   88/150 | k=0.99518  <k>=0.99792 +/- 19 pcm
  [GPU] batch   89/150 | k=0.99838  <k>=0.99793 +/- 19 pcm
  [GPU] batch   90/150 | k=0.99757  <k>=0.99793 +/- 18 pcm
  [GPU] batch   91/150 | k=0.99709  <k>=0.99791 +/- 18 pcm
  [GPU] batch   92/150 | k=0.99626  <k>=0.99789 +/- 18 pcm
  [GPU] batch   93/150 | k=0.99880  <k>=0.99790 +/- 18 pcm
  [GPU] batch   94/150 | k=0.99804  <k>=0.99790 +/- 18 pcm
  [GPU] batch   95/150 | k=0.99975  <k>=0.99793 +/- 17 pcm
  [GPU] batch   96/150 | k=0.99873  <k>=0.99794 +/- 17 pcm
  [GPU] batch   97/150 | k=0.99741  <k>=0.99793 +/- 17 pcm
  [GPU] batch   98/150 | k=0.99678  <k>=0.99792 +/- 17 pcm
  [GPU] batch   99/150 | k=0.99651  <k>=0.99790 +/- 17 pcm
  [GPU] batch  100/150 | k=0.99625  <k>=0.99787 +/- 17 pcm
  [GPU] batch  101/150 | k=0.99721  <k>=0.99786 +/- 16 pcm
  [GPU] batch  102/150 | k=0.99507  <k>=0.99783 +/- 17 pcm
  [GPU] batch  103/150 | k=0.99788  <k>=0.99783 +/- 16 pcm
  [GPU] batch  104/150 | k=0.99849  <k>=0.99784 +/- 16 pcm
  [GPU] batch  105/150 | k=0.99599  <k>=0.99781 +/- 16 pcm
  [GPU] batch  106/150 | k=0.99847  <k>=0.99782 +/- 16 pcm
  [GPU] batch  107/150 | k=0.99715  <k>=0.99781 +/- 16 pcm
  [GPU] batch  108/150 | k=0.99830  <k>=0.99782 +/- 16 pcm
  [GPU] batch  109/150 | k=0.99363  <k>=0.99776 +/- 16 pcm
  [GPU] batch  110/150 | k=0.99477  <k>=0.99773 +/- 17 pcm
  [GPU] batch  111/150 | k=0.99922  <k>=0.99774 +/- 16 pcm
  [GPU] batch  112/150 | k=0.99681  <k>=0.99773 +/- 16 pcm
  [GPU] batch  113/150 | k=0.99978  <k>=0.99776 +/- 16 pcm
  [GPU] batch  114/150 | k=0.99857  <k>=0.99777 +/- 16 pcm
  [GPU] batch  115/150 | k=0.99821  <k>=0.99777 +/- 16 pcm
  [GPU] batch  116/150 | k=0.99855  <k>=0.99778 +/- 16 pcm
  [GPU] batch  117/150 | k=0.99864  <k>=0.99779 +/- 16 pcm
  [GPU] batch  118/150 | k=0.99774  <k>=0.99779 +/- 15 pcm
  [GPU] batch  119/150 | k=0.99657  <k>=0.99778 +/- 15 pcm
  [GPU] batch  120/150 | k=0.99730  <k>=0.99777 +/- 15 pcm
  [GPU] batch  121/150 | k=0.99798  <k>=0.99777 +/- 15 pcm
  [GPU] batch  122/150 | k=0.99722  <k>=0.99777 +/- 15 pcm
  [GPU] batch  123/150 | k=0.99842  <k>=0.99778 +/- 15 pcm
  [GPU] batch  124/150 | k=0.99804  <k>=0.99778 +/- 15 pcm
  [GPU] batch  125/150 | k=0.99628  <k>=0.99776 +/- 14 pcm
  [GPU] batch  126/150 | k=0.99773  <k>=0.99776 +/- 14 pcm
  [GPU] batch  127/150 | k=0.99932  <k>=0.99778 +/- 14 pcm
  [GPU] batch  128/150 | k=0.99728  <k>=0.99777 +/- 14 pcm
  [GPU] batch  129/150 | k=0.99602  <k>=0.99776 +/- 14 pcm
  [GPU] batch  130/150 | k=0.99768  <k>=0.99775 +/- 14 pcm
  [GPU] batch  131/150 | k=0.99970  <k>=0.99777 +/- 14 pcm
  [GPU] batch  132/150 | k=0.99783  <k>=0.99777 +/- 14 pcm
  [GPU] batch  133/150 | k=0.99605  <k>=0.99776 +/- 14 pcm
  [GPU] batch  134/150 | k=0.99793  <k>=0.99776 +/- 14 pcm
  [GPU] batch  135/150 | k=0.99769  <k>=0.99776 +/- 14 pcm
  [GPU] batch  136/150 | k=0.99671  <k>=0.99775 +/- 13 pcm
  [GPU] batch  137/150 | k=0.99805  <k>=0.99775 +/- 13 pcm
  [GPU] batch  138/150 | k=0.99983  <k>=0.99777 +/- 13 pcm
  [GPU] batch  139/150 | k=0.99918  <k>=0.99778 +/- 13 pcm
  [GPU] batch  140/150 | k=0.99877  <k>=0.99779 +/- 13 pcm
  [GPU] batch  141/150 | k=1.00029  <k>=0.99782 +/- 13 pcm
  [GPU] batch  142/150 | k=0.99711  <k>=0.99781 +/- 13 pcm
  [GPU] batch  143/150 | k=0.99704  <k>=0.99780 +/- 13 pcm
  [GPU] batch  144/150 | k=0.99918  <k>=0.99781 +/- 13 pcm
  [GPU] batch  145/150 | k=0.99676  <k>=0.99781 +/- 13 pcm
  [GPU] batch  146/150 | k=0.99832  <k>=0.99781 +/- 13 pcm
  [GPU] batch  147/150 | k=0.99742  <k>=0.99781 +/- 13 pcm
  [GPU] batch  148/150 | k=0.99537  <k>=0.99779 +/- 13 pcm
  [GPU] batch  149/150 | k=0.99820  <k>=0.99779 +/- 13 pcm
  [GPU] batch  150/150 | k=0.99767  <k>=0.99779 +/- 13 pcm
  heu-met-fast-009_case-2 -- seed 2/5 done in 201.7s: k=0.99779 +/- 0.00013
  heu-met-fast-009_case-2 -- seed 3/5 (seed=44) starting
  GPU S(α,β) slot 0 (nuc 22): coherent elastic, 2745 Bragg edges
  GPU S(α,β) slot 0 (nuc 22): 109 inc energies, 91816 E_out pts, 1469056 mu pts
  GPU S(α,β) slot 1 (nuc 22): coherent elastic, 2719 Bragg edges
  GPU S(α,β) slot 1 (nuc 22): 109 inc energies, 94138 E_out pts, 1506208 mu pts
  GPU S(α,β) slot 2 (nuc 22): coherent elastic, 2371 Bragg edges
  GPU S(α,β) slot 2 (nuc 22): 109 inc energies, 93852 E_out pts, 1501632 mu pts
  GPU S(α,β) slot 3 (nuc 22): coherent elastic, 2010 Bragg edges
  GPU S(α,β) slot 3 (nuc 22): 109 inc energies, 93564 E_out pts, 1497024 mu pts
  GPU S(α,β) slot 4 (nuc 22): coherent elastic, 1702 Bragg edges
  GPU S(α,β) slot 4 (nuc 22): 109 inc energies, 92609 E_out pts, 1481744 mu pts
  GPU S(α,β) slot 5 (nuc 22): coherent elastic, 1479 Bragg edges
  GPU S(α,β) slot 5 (nuc 22): 109 inc energies, 92336 E_out pts, 1477376 mu pts
  GPU S(α,β) slot 6 (nuc 22): coherent elastic, 1140 Bragg edges
  GPU S(α,β) slot 6 (nuc 22): 109 inc energies, 90805 E_out pts, 1452880 mu pts
  GPU S(α,β) slot 7 (nuc 22): coherent elastic, 912 Bragg edges
  GPU S(α,β) slot 7 (nuc 22): 109 inc energies, 89968 E_out pts, 1439488 mu pts
  GPU S(α,β) slot 8 (nuc 23): coherent elastic, 2746 Bragg edges
  GPU S(α,β) slot 8 (nuc 23): 109 inc energies, 74879 E_out pts, 1198064 mu pts
  GPU S(α,β) slot 9 (nuc 23): coherent elastic, 2719 Bragg edges
  GPU S(α,β) slot 9 (nuc 23): 109 inc energies, 76572 E_out pts, 1225152 mu pts
  GPU S(α,β) slot 10 (nuc 23): coherent elastic, 2371 Bragg edges
  GPU S(α,β) slot 10 (nuc 23): 109 inc energies, 76504 E_out pts, 1224064 mu pts
  GPU S(α,β) slot 11 (nuc 23): coherent elastic, 2011 Bragg edges
  GPU S(α,β) slot 11 (nuc 23): 109 inc energies, 76264 E_out pts, 1220224 mu pts
  GPU S(α,β) slot 12 (nuc 23): coherent elastic, 1702 Bragg edges
  GPU S(α,β) slot 12 (nuc 23): 109 inc energies, 75792 E_out pts, 1212672 mu pts
  GPU S(α,β) slot 13 (nuc 23): coherent elastic, 1479 Bragg edges
  GPU S(α,β) slot 13 (nuc 23): 109 inc energies, 75571 E_out pts, 1209136 mu pts
  GPU S(α,β) slot 14 (nuc 23): coherent elastic, 1140 Bragg edges
  GPU S(α,β) slot 14 (nuc 23): 109 inc energies, 75611 E_out pts, 1209776 mu pts
  GPU S(α,β) slot 15 (nuc 23): coherent elastic, 912 Bragg edges
  GPU S(α,β) slot 15 (nuc 23): 109 inc energies, 75701 E_out pts, 1211216 mu pts
  GPU S(α,β) slot 16 (nuc 24): coherent elastic, 2746 Bragg edges
  GPU S(α,β) slot 16 (nuc 24): 109 inc energies, 74879 E_out pts, 1198064 mu pts
  GPU S(α,β) slot 17 (nuc 24): coherent elastic, 2719 Bragg edges
  GPU S(α,β) slot 17 (nuc 24): 109 inc energies, 76572 E_out pts, 1225152 mu pts
  GPU S(α,β) slot 18 (nuc 24): coherent elastic, 2371 Bragg edges
  GPU S(α,β) slot 18 (nuc 24): 109 inc energies, 76504 E_out pts, 1224064 mu pts
  GPU S(α,β) slot 19 (nuc 24): coherent elastic, 2011 Bragg edges
  GPU S(α,β) slot 19 (nuc 24): 109 inc energies, 76264 E_out pts, 1220224 mu pts
  GPU S(α,β) slot 20 (nuc 24): coherent elastic, 1702 Bragg edges
  GPU S(α,β) slot 20 (nuc 24): 109 inc energies, 75792 E_out pts, 1212672 mu pts
  GPU S(α,β) slot 21 (nuc 24): coherent elastic, 1479 Bragg edges
  GPU S(α,β) slot 21 (nuc 24): 109 inc energies, 75571 E_out pts, 1209136 mu pts
  GPU S(α,β) slot 22 (nuc 24): coherent elastic, 1140 Bragg edges
  GPU S(α,β) slot 22 (nuc 24): 109 inc energies, 75611 E_out pts, 1209776 mu pts
  GPU S(α,β) slot 23 (nuc 24): coherent elastic, 912 Bragg edges
  GPU S(α,β) slot 23 (nuc 24): 109 inc energies, 75701 E_out pts, 1211216 mu pts
  GPU: WMP payload = 0.0 KB (0 / 25 nuclides covered)
  GPU auto-refill: picked factor=3.48 for particles_per_batch=200000
  [GPU] batch    1/150 | k=0.96351  (inactive)
  [GPU] batch    2/150 | k=0.97638  (inactive)
  [GPU] batch    3/150 | k=0.98871  (inactive)
  [GPU] batch    4/150 | k=0.99380  (inactive)
  [GPU] batch    5/150 | k=0.99526  (inactive)
  [GPU] batch    6/150 | k=0.99745  (inactive)
  [GPU] batch    7/150 | k=0.99703  (inactive)
  [GPU] batch    8/150 | k=0.99679  (inactive)
  [GPU] batch    9/150 | k=0.99710  (inactive)
  [GPU] batch   10/150 | k=0.99856  (inactive)
  [GPU] batch   11/150 | k=0.99829  (inactive)
  [GPU] batch   12/150 | k=0.99609  (inactive)
  [GPU] batch   13/150 | k=0.99674  (inactive)
  [GPU] batch   14/150 | k=0.99666  (inactive)
  [GPU] batch   15/150 | k=0.99797  (inactive)
  [GPU] batch   16/150 | k=0.99816  (inactive)
  [GPU] batch   17/150 | k=0.99915  (inactive)
  [GPU] batch   18/150 | k=0.99591  (inactive)
  [GPU] batch   19/150 | k=0.99594  (inactive)
  [GPU] batch   20/150 | k=0.99867  (inactive)
  [GPU] batch   21/150 | k=1.00019  (inactive)
  [GPU] batch   22/150 | k=0.99559  (inactive)
  [GPU] batch   23/150 | k=0.99947  (inactive)
  [GPU] batch   24/150 | k=0.99820  (inactive)
  [GPU] batch   25/150 | k=0.99776  (inactive)
  [GPU] batch   26/150 | k=0.99588  (inactive)
  [GPU] batch   27/150 | k=0.99760  (inactive)
  [GPU] batch   28/150 | k=0.99686  (inactive)
  [GPU] batch   29/150 | k=0.99561  (inactive)
  [GPU] batch   30/150 | k=0.99971  (inactive)
  [GPU] batch   31/150 | k=0.99774  (1st active)
  [GPU] batch   32/150 | k=1.00093  <k>=0.99934 +/- 159 pcm
  [GPU] batch   33/150 | k=0.99886  <k>=0.99918 +/- 93 pcm
  [GPU] batch   34/150 | k=0.99926  <k>=0.99920 +/- 66 pcm
  [GPU] batch   35/150 | k=0.99794  <k>=0.99895 +/- 57 pcm
  [GPU] batch   36/150 | k=0.99754  <k>=0.99871 +/- 52 pcm
  [GPU] batch   37/150 | k=0.99769  <k>=0.99856 +/- 46 pcm
  [GPU] batch   38/150 | k=0.99561  <k>=0.99820 +/- 55 pcm
  [GPU] batch   39/150 | k=0.99842  <k>=0.99822 +/- 48 pcm
  [GPU] batch   40/150 | k=0.99885  <k>=0.99828 +/- 44 pcm
  [GPU] batch   41/150 | k=0.99612  <k>=0.99809 +/- 44 pcm
  [GPU] batch   42/150 | k=0.99918  <k>=0.99818 +/- 41 pcm
  [GPU] batch   43/150 | k=0.99767  <k>=0.99814 +/- 38 pcm
  [GPU] batch   44/150 | k=0.99929  <k>=0.99822 +/- 36 pcm
  [GPU] batch   45/150 | k=0.99870  <k>=0.99825 +/- 34 pcm
  [GPU] batch   46/150 | k=0.99797  <k>=0.99823 +/- 32 pcm
  [GPU] batch   47/150 | k=0.99956  <k>=0.99831 +/- 31 pcm
  [GPU] batch   48/150 | k=0.99863  <k>=0.99833 +/- 29 pcm
  [GPU] batch   49/150 | k=0.99692  <k>=0.99826 +/- 29 pcm
  [GPU] batch   50/150 | k=0.99731  <k>=0.99821 +/- 27 pcm
  [GPU] batch   51/150 | k=0.99752  <k>=0.99818 +/- 26 pcm
  [GPU] batch   52/150 | k=0.99803  <k>=0.99817 +/- 25 pcm
  [GPU] batch   53/150 | k=0.99965  <k>=0.99823 +/- 25 pcm
  [GPU] batch   54/150 | k=0.99945  <k>=0.99828 +/- 24 pcm
  [GPU] batch   55/150 | k=0.99624  <k>=0.99820 +/- 25 pcm
  [GPU] batch   56/150 | k=1.00033  <k>=0.99828 +/- 25 pcm
  [GPU] batch   57/150 | k=1.00078  <k>=0.99838 +/- 26 pcm
  [GPU] batch   58/150 | k=0.99620  <k>=0.99830 +/- 26 pcm
  [GPU] batch   59/150 | k=0.99869  <k>=0.99831 +/- 25 pcm
  [GPU] batch   60/150 | k=0.99789  <k>=0.99830 +/- 24 pcm
  [GPU] batch   61/150 | k=0.99842  <k>=0.99830 +/- 24 pcm
  [GPU] batch   62/150 | k=0.99881  <k>=0.99832 +/- 23 pcm
  [GPU] batch   63/150 | k=0.99991  <k>=0.99837 +/- 23 pcm
  [GPU] batch   64/150 | k=0.99698  <k>=0.99833 +/- 22 pcm
  [GPU] batch   65/150 | k=0.99835  <k>=0.99833 +/- 22 pcm
  [GPU] batch   66/150 | k=0.99807  <k>=0.99832 +/- 21 pcm
  [GPU] batch   67/150 | k=0.99874  <k>=0.99833 +/- 21 pcm
  [GPU] batch   68/150 | k=0.99734  <k>=0.99830 +/- 20 pcm
  [GPU] batch   69/150 | k=0.99715  <k>=0.99827 +/- 20 pcm
  [GPU] batch   70/150 | k=0.99900  <k>=0.99829 +/- 20 pcm
  [GPU] batch   71/150 | k=0.99807  <k>=0.99829 +/- 19 pcm
  [GPU] batch   72/150 | k=0.99719  <k>=0.99826 +/- 19 pcm
  [GPU] batch   73/150 | k=0.99971  <k>=0.99830 +/- 19 pcm
  [GPU] batch   74/150 | k=0.99734  <k>=0.99827 +/- 18 pcm
  [GPU] batch   75/150 | k=0.99779  <k>=0.99826 +/- 18 pcm
  [GPU] batch   76/150 | k=0.99774  <k>=0.99825 +/- 18 pcm
  [GPU] batch   77/150 | k=0.99800  <k>=0.99825 +/- 17 pcm
  [GPU] batch   78/150 | k=0.99726  <k>=0.99823 +/- 17 pcm
  [GPU] batch   79/150 | k=0.99746  <k>=0.99821 +/- 17 pcm
  [GPU] batch   80/150 | k=0.99761  <k>=0.99820 +/- 16 pcm
  [GPU] batch   81/150 | k=0.99645  <k>=0.99816 +/- 16 pcm
  [GPU] batch   82/150 | k=1.00043  <k>=0.99821 +/- 17 pcm
  [GPU] batch   83/150 | k=0.99717  <k>=0.99819 +/- 17 pcm
  [GPU] batch   84/150 | k=0.99749  <k>=0.99817 +/- 16 pcm
  [GPU] batch   85/150 | k=0.99809  <k>=0.99817 +/- 16 pcm
  [GPU] batch   86/150 | k=0.99797  <k>=0.99817 +/- 16 pcm
  [GPU] batch   87/150 | k=0.99653  <k>=0.99814 +/- 16 pcm
  [GPU] batch   88/150 | k=0.99852  <k>=0.99815 +/- 15 pcm
  [GPU] batch   89/150 | k=0.99820  <k>=0.99815 +/- 15 pcm
  [GPU] batch   90/150 | k=0.99855  <k>=0.99815 +/- 15 pcm
  [GPU] batch   91/150 | k=0.99519  <k>=0.99811 +/- 15 pcm
  [GPU] batch   92/150 | k=0.99542  <k>=0.99806 +/- 16 pcm
  [GPU] batch   93/150 | k=0.99707  <k>=0.99805 +/- 16 pcm
  [GPU] batch   94/150 | k=0.99623  <k>=0.99802 +/- 16 pcm
  [GPU] batch   95/150 | k=0.99723  <k>=0.99801 +/- 15 pcm
  [GPU] batch   96/150 | k=0.99813  <k>=0.99801 +/- 15 pcm
  [GPU] batch   97/150 | k=0.99687  <k>=0.99799 +/- 15 pcm
  [GPU] batch   98/150 | k=0.99761  <k>=0.99799 +/- 15 pcm
  [GPU] batch   99/150 | k=0.99948  <k>=0.99801 +/- 15 pcm
  [GPU] batch  100/150 | k=0.99892  <k>=0.99802 +/- 15 pcm
  [GPU] batch  101/150 | k=0.99845  <k>=0.99803 +/- 14 pcm
  [GPU] batch  102/150 | k=0.99681  <k>=0.99801 +/- 14 pcm
  [GPU] batch  103/150 | k=0.99873  <k>=0.99802 +/- 14 pcm
  [GPU] batch  104/150 | k=0.99985  <k>=0.99804 +/- 14 pcm
  [GPU] batch  105/150 | k=0.99631  <k>=0.99802 +/- 14 pcm
  [GPU] batch  106/150 | k=0.99715  <k>=0.99801 +/- 14 pcm
  [GPU] batch  107/150 | k=0.99750  <k>=0.99800 +/- 14 pcm
  [GPU] batch  108/150 | k=0.99816  <k>=0.99801 +/- 14 pcm
  [GPU] batch  109/150 | k=0.99771  <k>=0.99800 +/- 14 pcm
  [GPU] batch  110/150 | k=0.99835  <k>=0.99801 +/- 13 pcm
  [GPU] batch  111/150 | k=0.99725  <k>=0.99800 +/- 13 pcm
  [GPU] batch  112/150 | k=0.99691  <k>=0.99798 +/- 13 pcm
  [GPU] batch  113/150 | k=0.99571  <k>=0.99796 +/- 13 pcm
  [GPU] batch  114/150 | k=0.99747  <k>=0.99795 +/- 13 pcm
  [GPU] batch  115/150 | k=0.99921  <k>=0.99796 +/- 13 pcm
  [GPU] batch  116/150 | k=0.99694  <k>=0.99795 +/- 13 pcm
  [GPU] batch  117/150 | k=0.99917  <k>=0.99797 +/- 13 pcm
  [GPU] batch  118/150 | k=0.99730  <k>=0.99796 +/- 13 pcm
  [GPU] batch  119/150 | k=0.99666  <k>=0.99794 +/- 13 pcm
  [GPU] batch  120/150 | k=0.99975  <k>=0.99796 +/- 13 pcm
  [GPU] batch  121/150 | k=0.99928  <k>=0.99798 +/- 13 pcm
  [GPU] batch  122/150 | k=0.99508  <k>=0.99795 +/- 13 pcm
  [GPU] batch  123/150 | k=0.99677  <k>=0.99793 +/- 13 pcm
  [GPU] batch  124/150 | k=0.99642  <k>=0.99792 +/- 13 pcm
  [GPU] batch  125/150 | k=0.99584  <k>=0.99790 +/- 13 pcm
  [GPU] batch  126/150 | k=0.99712  <k>=0.99789 +/- 13 pcm
  [GPU] batch  127/150 | k=0.99915  <k>=0.99790 +/- 13 pcm
  [GPU] batch  128/150 | k=0.99892  <k>=0.99791 +/- 13 pcm
  [GPU] batch  129/150 | k=0.99757  <k>=0.99791 +/- 12 pcm
  [GPU] batch  130/150 | k=0.99797  <k>=0.99791 +/- 12 pcm
  [GPU] batch  131/150 | k=0.99853  <k>=0.99792 +/- 12 pcm
  [GPU] batch  132/150 | k=0.99785  <k>=0.99791 +/- 12 pcm
  [GPU] batch  133/150 | k=0.99613  <k>=0.99790 +/- 12 pcm
  [GPU] batch  134/150 | k=0.99781  <k>=0.99790 +/- 12 pcm
  [GPU] batch  135/150 | k=0.99740  <k>=0.99789 +/- 12 pcm
  [GPU] batch  136/150 | k=0.99721  <k>=0.99789 +/- 12 pcm
  [GPU] batch  137/150 | k=0.99778  <k>=0.99788 +/- 12 pcm
  [GPU] batch  138/150 | k=0.99748  <k>=0.99788 +/- 12 pcm
  [GPU] batch  139/150 | k=0.99658  <k>=0.99787 +/- 12 pcm
  [GPU] batch  140/150 | k=0.99837  <k>=0.99787 +/- 11 pcm
  [GPU] batch  141/150 | k=0.99937  <k>=0.99789 +/- 11 pcm
  [GPU] batch  142/150 | k=0.99880  <k>=0.99790 +/- 11 pcm
  [GPU] batch  143/150 | k=0.99900  <k>=0.99790 +/- 11 pcm
  [GPU] batch  144/150 | k=0.99918  <k>=0.99792 +/- 11 pcm
  [GPU] batch  145/150 | k=0.99624  <k>=0.99790 +/- 11 pcm
  [GPU] batch  146/150 | k=0.99727  <k>=0.99790 +/- 11 pcm
  [GPU] batch  147/150 | k=0.99924  <k>=0.99791 +/- 11 pcm
  [GPU] batch  148/150 | k=0.99552  <k>=0.99789 +/- 11 pcm
  [GPU] batch  149/150 | k=0.99638  <k>=0.99787 +/- 11 pcm
  [GPU] batch  150/150 | k=0.99816  <k>=0.99788 +/- 11 pcm
  heu-met-fast-009_case-2 -- seed 3/5 done in 201.4s: k=0.99788 +/- 0.00011
  heu-met-fast-009_case-2 -- seed 4/5 (seed=45) starting
  GPU S(α,β) slot 0 (nuc 22): coherent elastic, 2745 Bragg edges
  GPU S(α,β) slot 0 (nuc 22): 109 inc energies, 91816 E_out pts, 1469056 mu pts
  GPU S(α,β) slot 1 (nuc 22): coherent elastic, 2719 Bragg edges
  GPU S(α,β) slot 1 (nuc 22): 109 inc energies, 94138 E_out pts, 1506208 mu pts
  GPU S(α,β) slot 2 (nuc 22): coherent elastic, 2371 Bragg edges
  GPU S(α,β) slot 2 (nuc 22): 109 inc energies, 93852 E_out pts, 1501632 mu pts
  GPU S(α,β) slot 3 (nuc 22): coherent elastic, 2010 Bragg edges
  GPU S(α,β) slot 3 (nuc 22): 109 inc energies, 93564 E_out pts, 1497024 mu pts
  GPU S(α,β) slot 4 (nuc 22): coherent elastic, 1702 Bragg edges
  GPU S(α,β) slot 4 (nuc 22): 109 inc energies, 92609 E_out pts, 1481744 mu pts
  GPU S(α,β) slot 5 (nuc 22): coherent elastic, 1479 Bragg edges
  GPU S(α,β) slot 5 (nuc 22): 109 inc energies, 92336 E_out pts, 1477376 mu pts
  GPU S(α,β) slot 6 (nuc 22): coherent elastic, 1140 Bragg edges
  GPU S(α,β) slot 6 (nuc 22): 109 inc energies, 90805 E_out pts, 1452880 mu pts
  GPU S(α,β) slot 7 (nuc 22): coherent elastic, 912 Bragg edges
  GPU S(α,β) slot 7 (nuc 22): 109 inc energies, 89968 E_out pts, 1439488 mu pts
  GPU S(α,β) slot 8 (nuc 23): coherent elastic, 2746 Bragg edges
  GPU S(α,β) slot 8 (nuc 23): 109 inc energies, 74879 E_out pts, 1198064 mu pts
  GPU S(α,β) slot 9 (nuc 23): coherent elastic, 2719 Bragg edges
  GPU S(α,β) slot 9 (nuc 23): 109 inc energies, 76572 E_out pts, 1225152 mu pts
  GPU S(α,β) slot 10 (nuc 23): coherent elastic, 2371 Bragg edges
  GPU S(α,β) slot 10 (nuc 23): 109 inc energies, 76504 E_out pts, 1224064 mu pts
  GPU S(α,β) slot 11 (nuc 23): coherent elastic, 2011 Bragg edges
  GPU S(α,β) slot 11 (nuc 23): 109 inc energies, 76264 E_out pts, 1220224 mu pts
  GPU S(α,β) slot 12 (nuc 23): coherent elastic, 1702 Bragg edges
  GPU S(α,β) slot 12 (nuc 23): 109 inc energies, 75792 E_out pts, 1212672 mu pts
  GPU S(α,β) slot 13 (nuc 23): coherent elastic, 1479 Bragg edges
  GPU S(α,β) slot 13 (nuc 23): 109 inc energies, 75571 E_out pts, 1209136 mu pts
  GPU S(α,β) slot 14 (nuc 23): coherent elastic, 1140 Bragg edges
  GPU S(α,β) slot 14 (nuc 23): 109 inc energies, 75611 E_out pts, 1209776 mu pts
  GPU S(α,β) slot 15 (nuc 23): coherent elastic, 912 Bragg edges
  GPU S(α,β) slot 15 (nuc 23): 109 inc energies, 75701 E_out pts, 1211216 mu pts
  GPU S(α,β) slot 16 (nuc 24): coherent elastic, 2746 Bragg edges
  GPU S(α,β) slot 16 (nuc 24): 109 inc energies, 74879 E_out pts, 1198064 mu pts
  GPU S(α,β) slot 17 (nuc 24): coherent elastic, 2719 Bragg edges
  GPU S(α,β) slot 17 (nuc 24): 109 inc energies, 76572 E_out pts, 1225152 mu pts
  GPU S(α,β) slot 18 (nuc 24): coherent elastic, 2371 Bragg edges
  GPU S(α,β) slot 18 (nuc 24): 109 inc energies, 76504 E_out pts, 1224064 mu pts
  GPU S(α,β) slot 19 (nuc 24): coherent elastic, 2011 Bragg edges
  GPU S(α,β) slot 19 (nuc 24): 109 inc energies, 76264 E_out pts, 1220224 mu pts
  GPU S(α,β) slot 20 (nuc 24): coherent elastic, 1702 Bragg edges
  GPU S(α,β) slot 20 (nuc 24): 109 inc energies, 75792 E_out pts, 1212672 mu pts
  GPU S(α,β) slot 21 (nuc 24): coherent elastic, 1479 Bragg edges
  GPU S(α,β) slot 21 (nuc 24): 109 inc energies, 75571 E_out pts, 1209136 mu pts
  GPU S(α,β) slot 22 (nuc 24): coherent elastic, 1140 Bragg edges
  GPU S(α,β) slot 22 (nuc 24): 109 inc energies, 75611 E_out pts, 1209776 mu pts
  GPU S(α,β) slot 23 (nuc 24): coherent elastic, 912 Bragg edges
  GPU S(α,β) slot 23 (nuc 24): 109 inc energies, 75701 E_out pts, 1211216 mu pts
  GPU: WMP payload = 0.0 KB (0 / 25 nuclides covered)
  GPU auto-refill: picked factor=3.48 for particles_per_batch=200000
  [GPU] batch    1/150 | k=0.96503  (inactive)
  [GPU] batch    2/150 | k=0.97565  (inactive)
  [GPU] batch    3/150 | k=0.98877  (inactive)
  [GPU] batch    4/150 | k=0.99380  (inactive)
  [GPU] batch    5/150 | k=0.99426  (inactive)
  [GPU] batch    6/150 | k=0.99568  (inactive)
  [GPU] batch    7/150 | k=0.99760  (inactive)
  [GPU] batch    8/150 | k=0.99658  (inactive)
  [GPU] batch    9/150 | k=0.99672  (inactive)
  [GPU] batch   10/150 | k=0.99866  (inactive)
  [GPU] batch   11/150 | k=0.99808  (inactive)
  [GPU] batch   12/150 | k=0.99681  (inactive)
  [GPU] batch   13/150 | k=0.99964  (inactive)
  [GPU] batch   14/150 | k=0.99967  (inactive)
  [GPU] batch   15/150 | k=0.99732  (inactive)
  [GPU] batch   16/150 | k=0.99677  (inactive)
  [GPU] batch   17/150 | k=0.99567  (inactive)
  [GPU] batch   18/150 | k=0.99848  (inactive)
  [GPU] batch   19/150 | k=0.99898  (inactive)
  [GPU] batch   20/150 | k=0.99741  (inactive)
  [GPU] batch   21/150 | k=0.99861  (inactive)
  [GPU] batch   22/150 | k=0.99924  (inactive)
  [GPU] batch   23/150 | k=0.99868  (inactive)
  [GPU] batch   24/150 | k=0.99750  (inactive)
  [GPU] batch   25/150 | k=0.99510  (inactive)
  [GPU] batch   26/150 | k=0.99672  (inactive)
  [GPU] batch   27/150 | k=0.99513  (inactive)
  [GPU] batch   28/150 | k=0.99710  (inactive)
  [GPU] batch   29/150 | k=0.99886  (inactive)
  [GPU] batch   30/150 | k=0.99911  (inactive)
  [GPU] batch   31/150 | k=0.99683  (1st active)
  [GPU] batch   32/150 | k=0.99575  <k>=0.99629 +/- 54 pcm
  [GPU] batch   33/150 | k=1.00128  <k>=0.99795 +/- 169 pcm
  [GPU] batch   34/150 | k=0.99994  <k>=0.99845 +/- 130 pcm
  [GPU] batch   35/150 | k=0.99733  <k>=0.99822 +/- 103 pcm
  [GPU] batch   36/150 | k=0.99759  <k>=0.99812 +/- 85 pcm
  [GPU] batch   37/150 | k=1.00181  <k>=0.99865 +/- 89 pcm
  [GPU] batch   38/150 | k=0.99785  <k>=0.99855 +/- 78 pcm
  [GPU] batch   39/150 | k=0.99692  <k>=0.99837 +/- 71 pcm
  [GPU] batch   40/150 | k=0.99813  <k>=0.99834 +/- 63 pcm
  [GPU] batch   41/150 | k=0.99582  <k>=0.99811 +/- 62 pcm
  [GPU] batch   42/150 | k=0.99536  <k>=0.99788 +/- 61 pcm
  [GPU] batch   43/150 | k=1.00070  <k>=0.99810 +/- 60 pcm
  [GPU] batch   44/150 | k=0.99939  <k>=0.99819 +/- 56 pcm
  [GPU] batch   45/150 | k=0.99892  <k>=0.99824 +/- 53 pcm
  [GPU] batch   46/150 | k=0.99773  <k>=0.99821 +/- 49 pcm
  [GPU] batch   47/150 | k=0.99846  <k>=0.99822 +/- 46 pcm
  [GPU] batch   48/150 | k=0.99899  <k>=0.99827 +/- 44 pcm
  [GPU] batch   49/150 | k=0.99815  <k>=0.99826 +/- 42 pcm
  [GPU] batch   50/150 | k=0.99895  <k>=0.99829 +/- 40 pcm
  [GPU] batch   51/150 | k=0.99610  <k>=0.99819 +/- 39 pcm
  [GPU] batch   52/150 | k=0.99776  <k>=0.99817 +/- 37 pcm
  [GPU] batch   53/150 | k=0.99720  <k>=0.99813 +/- 36 pcm
  [GPU] batch   54/150 | k=0.99709  <k>=0.99808 +/- 35 pcm
  [GPU] batch   55/150 | k=0.99550  <k>=0.99798 +/- 35 pcm
  [GPU] batch   56/150 | k=0.99707  <k>=0.99795 +/- 34 pcm
  [GPU] batch   57/150 | k=0.99680  <k>=0.99790 +/- 33 pcm
  [GPU] batch   58/150 | k=0.99732  <k>=0.99788 +/- 32 pcm
  [GPU] batch   59/150 | k=0.99670  <k>=0.99784 +/- 31 pcm
  [GPU] batch   60/150 | k=0.99867  <k>=0.99787 +/- 30 pcm
  [GPU] batch   61/150 | k=0.99717  <k>=0.99785 +/- 29 pcm
  [GPU] batch   62/150 | k=0.99799  <k>=0.99785 +/- 28 pcm
  [GPU] batch   63/150 | k=0.99937  <k>=0.99790 +/- 27 pcm
  [GPU] batch   64/150 | k=0.99579  <k>=0.99784 +/- 27 pcm
  [GPU] batch   65/150 | k=0.99800  <k>=0.99784 +/- 27 pcm
  [GPU] batch   66/150 | k=1.00002  <k>=0.99790 +/- 27 pcm
  [GPU] batch   67/150 | k=0.99690  <k>=0.99787 +/- 26 pcm
  [GPU] batch   68/150 | k=0.99715  <k>=0.99785 +/- 25 pcm
  [GPU] batch   69/150 | k=0.99805  <k>=0.99786 +/- 25 pcm
  [GPU] batch   70/150 | k=0.99913  <k>=0.99789 +/- 24 pcm
  [GPU] batch   71/150 | k=1.00177  <k>=0.99799 +/- 25 pcm
  [GPU] batch   72/150 | k=0.99835  <k>=0.99799 +/- 25 pcm
  [GPU] batch   73/150 | k=0.99855  <k>=0.99801 +/- 24 pcm
  [GPU] batch   74/150 | k=0.99818  <k>=0.99801 +/- 24 pcm
  [GPU] batch   75/150 | k=0.99929  <k>=0.99804 +/- 23 pcm
  [GPU] batch   76/150 | k=0.99760  <k>=0.99803 +/- 23 pcm
  [GPU] batch   77/150 | k=0.99613  <k>=0.99799 +/- 23 pcm
  [GPU] batch   78/150 | k=0.99831  <k>=0.99800 +/- 22 pcm
  [GPU] batch   79/150 | k=0.99731  <k>=0.99798 +/- 22 pcm
  [GPU] batch   80/150 | k=0.99792  <k>=0.99798 +/- 21 pcm
  [GPU] batch   81/150 | k=0.99896  <k>=0.99800 +/- 21 pcm
  [GPU] batch   82/150 | k=0.99941  <k>=0.99803 +/- 21 pcm
  [GPU] batch   83/150 | k=0.99995  <k>=0.99806 +/- 21 pcm
  [GPU] batch   84/150 | k=0.99690  <k>=0.99804 +/- 21 pcm
  [GPU] batch   85/150 | k=0.99813  <k>=0.99804 +/- 20 pcm
  [GPU] batch   86/150 | k=0.99683  <k>=0.99802 +/- 20 pcm
  [GPU] batch   87/150 | k=0.99888  <k>=0.99804 +/- 20 pcm
  [GPU] batch   88/150 | k=0.99885  <k>=0.99805 +/- 19 pcm
  [GPU] batch   89/150 | k=0.99827  <k>=0.99805 +/- 19 pcm
  [GPU] batch   90/150 | k=0.99751  <k>=0.99805 +/- 19 pcm
  [GPU] batch   91/150 | k=0.99803  <k>=0.99805 +/- 18 pcm
  [GPU] batch   92/150 | k=0.99887  <k>=0.99806 +/- 18 pcm
  [GPU] batch   93/150 | k=0.99851  <k>=0.99807 +/- 18 pcm
  [GPU] batch   94/150 | k=0.99886  <k>=0.99808 +/- 18 pcm
  [GPU] batch   95/150 | k=0.99911  <k>=0.99809 +/- 17 pcm
  [GPU] batch   96/150 | k=0.99668  <k>=0.99807 +/- 17 pcm
  [GPU] batch   97/150 | k=0.99872  <k>=0.99808 +/- 17 pcm
  [GPU] batch   98/150 | k=0.99799  <k>=0.99808 +/- 17 pcm
  [GPU] batch   99/150 | k=0.99791  <k>=0.99808 +/- 17 pcm
  [GPU] batch  100/150 | k=0.99894  <k>=0.99809 +/- 16 pcm
  [GPU] batch  101/150 | k=0.99945  <k>=0.99811 +/- 16 pcm
  [GPU] batch  102/150 | k=0.99974  <k>=0.99813 +/- 16 pcm
  [GPU] batch  103/150 | k=0.99695  <k>=0.99812 +/- 16 pcm
  [GPU] batch  104/150 | k=0.99947  <k>=0.99813 +/- 16 pcm
  [GPU] batch  105/150 | k=1.00005  <k>=0.99816 +/- 16 pcm
  [GPU] batch  106/150 | k=0.99793  <k>=0.99816 +/- 16 pcm
  [GPU] batch  107/150 | k=0.99884  <k>=0.99817 +/- 16 pcm
  [GPU] batch  108/150 | k=0.99765  <k>=0.99816 +/- 15 pcm
  [GPU] batch  109/150 | k=0.99781  <k>=0.99815 +/- 15 pcm
  [GPU] batch  110/150 | k=0.99773  <k>=0.99815 +/- 15 pcm
  [GPU] batch  111/150 | k=0.99909  <k>=0.99816 +/- 15 pcm
  [GPU] batch  112/150 | k=0.99698  <k>=0.99815 +/- 15 pcm
  [GPU] batch  113/150 | k=0.99796  <k>=0.99814 +/- 15 pcm
  [GPU] batch  114/150 | k=0.99541  <k>=0.99811 +/- 15 pcm
  [GPU] batch  115/150 | k=0.99779  <k>=0.99811 +/- 15 pcm
  [GPU] batch  116/150 | k=0.99495  <k>=0.99807 +/- 15 pcm
  [GPU] batch  117/150 | k=0.99980  <k>=0.99809 +/- 15 pcm
  [GPU] batch  118/150 | k=0.99750  <k>=0.99808 +/- 15 pcm
  [GPU] batch  119/150 | k=0.99721  <k>=0.99807 +/- 15 pcm
  [GPU] batch  120/150 | k=0.99934  <k>=0.99809 +/- 14 pcm
  [GPU] batch  121/150 | k=0.99858  <k>=0.99809 +/- 14 pcm
  [GPU] batch  122/150 | k=0.99725  <k>=0.99808 +/- 14 pcm
  [GPU] batch  123/150 | k=0.99816  <k>=0.99809 +/- 14 pcm
  [GPU] batch  124/150 | k=0.99936  <k>=0.99810 +/- 14 pcm
  [GPU] batch  125/150 | k=0.99843  <k>=0.99810 +/- 14 pcm
  [GPU] batch  126/150 | k=0.99768  <k>=0.99810 +/- 14 pcm
  [GPU] batch  127/150 | k=0.99852  <k>=0.99810 +/- 14 pcm
  [GPU] batch  128/150 | k=0.99871  <k>=0.99811 +/- 13 pcm
  [GPU] batch  129/150 | k=0.99695  <k>=0.99810 +/- 13 pcm
  [GPU] batch  130/150 | k=0.99721  <k>=0.99809 +/- 13 pcm
  [GPU] batch  131/150 | k=0.99657  <k>=0.99807 +/- 13 pcm
  [GPU] batch  132/150 | k=0.99739  <k>=0.99807 +/- 13 pcm
  [GPU] batch  133/150 | k=0.99603  <k>=0.99805 +/- 13 pcm
  [GPU] batch  134/150 | k=0.99793  <k>=0.99805 +/- 13 pcm
  [GPU] batch  135/150 | k=0.99746  <k>=0.99804 +/- 13 pcm
  [GPU] batch  136/150 | k=0.99651  <k>=0.99803 +/- 13 pcm
  [GPU] batch  137/150 | k=0.99954  <k>=0.99804 +/- 13 pcm
  [GPU] batch  138/150 | k=0.99767  <k>=0.99804 +/- 13 pcm
  [GPU] batch  139/150 | k=0.99763  <k>=0.99803 +/- 13 pcm
  [GPU] batch  140/150 | k=0.99882  <k>=0.99804 +/- 12 pcm
  [GPU] batch  141/150 | k=0.99784  <k>=0.99804 +/- 12 pcm
  [GPU] batch  142/150 | k=0.99858  <k>=0.99804 +/- 12 pcm
  [GPU] batch  143/150 | k=0.99792  <k>=0.99804 +/- 12 pcm
  [GPU] batch  144/150 | k=0.99848  <k>=0.99805 +/- 12 pcm
  [GPU] batch  145/150 | k=0.99556  <k>=0.99802 +/- 12 pcm
  [GPU] batch  146/150 | k=0.99957  <k>=0.99804 +/- 12 pcm
  [GPU] batch  147/150 | k=0.99821  <k>=0.99804 +/- 12 pcm
  [GPU] batch  148/150 | k=0.99717  <k>=0.99803 +/- 12 pcm
  [GPU] batch  149/150 | k=0.99611  <k>=0.99802 +/- 12 pcm
  [GPU] batch  150/150 | k=0.99879  <k>=0.99802 +/- 12 pcm
  heu-met-fast-009_case-2 -- seed 4/5 done in 201.7s: k=0.99802 +/- 0.00012
  heu-met-fast-009_case-2 -- seed 5/5 (seed=46) starting
  GPU S(α,β) slot 0 (nuc 22): coherent elastic, 2745 Bragg edges
  GPU S(α,β) slot 0 (nuc 22): 109 inc energies, 91816 E_out pts, 1469056 mu pts
  GPU S(α,β) slot 1 (nuc 22): coherent elastic, 2719 Bragg edges
  GPU S(α,β) slot 1 (nuc 22): 109 inc energies, 94138 E_out pts, 1506208 mu pts
  GPU S(α,β) slot 2 (nuc 22): coherent elastic, 2371 Bragg edges
  GPU S(α,β) slot 2 (nuc 22): 109 inc energies, 93852 E_out pts, 1501632 mu pts
  GPU S(α,β) slot 3 (nuc 22): coherent elastic, 2010 Bragg edges
  GPU S(α,β) slot 3 (nuc 22): 109 inc energies, 93564 E_out pts, 1497024 mu pts
  GPU S(α,β) slot 4 (nuc 22): coherent elastic, 1702 Bragg edges
  GPU S(α,β) slot 4 (nuc 22): 109 inc energies, 92609 E_out pts, 1481744 mu pts
  GPU S(α,β) slot 5 (nuc 22): coherent elastic, 1479 Bragg edges
  GPU S(α,β) slot 5 (nuc 22): 109 inc energies, 92336 E_out pts, 1477376 mu pts
  GPU S(α,β) slot 6 (nuc 22): coherent elastic, 1140 Bragg edges
  GPU S(α,β) slot 6 (nuc 22): 109 inc energies, 90805 E_out pts, 1452880 mu pts
  GPU S(α,β) slot 7 (nuc 22): coherent elastic, 912 Bragg edges
  GPU S(α,β) slot 7 (nuc 22): 109 inc energies, 89968 E_out pts, 1439488 mu pts
  GPU S(α,β) slot 8 (nuc 23): coherent elastic, 2746 Bragg edges
  GPU S(α,β) slot 8 (nuc 23): 109 inc energies, 74879 E_out pts, 1198064 mu pts
  GPU S(α,β) slot 9 (nuc 23): coherent elastic, 2719 Bragg edges
  GPU S(α,β) slot 9 (nuc 23): 109 inc energies, 76572 E_out pts, 1225152 mu pts
  GPU S(α,β) slot 10 (nuc 23): coherent elastic, 2371 Bragg edges
  GPU S(α,β) slot 10 (nuc 23): 109 inc energies, 76504 E_out pts, 1224064 mu pts
  GPU S(α,β) slot 11 (nuc 23): coherent elastic, 2011 Bragg edges
  GPU S(α,β) slot 11 (nuc 23): 109 inc energies, 76264 E_out pts, 1220224 mu pts
  GPU S(α,β) slot 12 (nuc 23): coherent elastic, 1702 Bragg edges
  GPU S(α,β) slot 12 (nuc 23): 109 inc energies, 75792 E_out pts, 1212672 mu pts
  GPU S(α,β) slot 13 (nuc 23): coherent elastic, 1479 Bragg edges
  GPU S(α,β) slot 13 (nuc 23): 109 inc energies, 75571 E_out pts, 1209136 mu pts
  GPU S(α,β) slot 14 (nuc 23): coherent elastic, 1140 Bragg edges
  GPU S(α,β) slot 14 (nuc 23): 109 inc energies, 75611 E_out pts, 1209776 mu pts
  GPU S(α,β) slot 15 (nuc 23): coherent elastic, 912 Bragg edges
  GPU S(α,β) slot 15 (nuc 23): 109 inc energies, 75701 E_out pts, 1211216 mu pts
  GPU S(α,β) slot 16 (nuc 24): coherent elastic, 2746 Bragg edges
  GPU S(α,β) slot 16 (nuc 24): 109 inc energies, 74879 E_out pts, 1198064 mu pts
  GPU S(α,β) slot 17 (nuc 24): coherent elastic, 2719 Bragg edges
  GPU S(α,β) slot 17 (nuc 24): 109 inc energies, 76572 E_out pts, 1225152 mu pts
  GPU S(α,β) slot 18 (nuc 24): coherent elastic, 2371 Bragg edges
  GPU S(α,β) slot 18 (nuc 24): 109 inc energies, 76504 E_out pts, 1224064 mu pts
  GPU S(α,β) slot 19 (nuc 24): coherent elastic, 2011 Bragg edges
  GPU S(α,β) slot 19 (nuc 24): 109 inc energies, 76264 E_out pts, 1220224 mu pts
  GPU S(α,β) slot 20 (nuc 24): coherent elastic, 1702 Bragg edges
  GPU S(α,β) slot 20 (nuc 24): 109 inc energies, 75792 E_out pts, 1212672 mu pts
  GPU S(α,β) slot 21 (nuc 24): coherent elastic, 1479 Bragg edges
  GPU S(α,β) slot 21 (nuc 24): 109 inc energies, 75571 E_out pts, 1209136 mu pts
  GPU S(α,β) slot 22 (nuc 24): coherent elastic, 1140 Bragg edges
  GPU S(α,β) slot 22 (nuc 24): 109 inc energies, 75611 E_out pts, 1209776 mu pts
  GPU S(α,β) slot 23 (nuc 24): coherent elastic, 912 Bragg edges
  GPU S(α,β) slot 23 (nuc 24): 109 inc energies, 75701 E_out pts, 1211216 mu pts
  GPU: WMP payload = 0.0 KB (0 / 25 nuclides covered)
  GPU auto-refill: picked factor=3.48 for particles_per_batch=200000
  [GPU] batch    1/150 | k=0.96557  (inactive)
  [GPU] batch    2/150 | k=0.97930  (inactive)
  [GPU] batch    3/150 | k=0.99031  (inactive)
  [GPU] batch    4/150 | k=0.99107  (inactive)
  [GPU] batch    5/150 | k=0.99647  (inactive)
  [GPU] batch    6/150 | k=0.99809  (inactive)
  [GPU] batch    7/150 | k=0.99791  (inactive)
  [GPU] batch    8/150 | k=0.99643  (inactive)
  [GPU] batch    9/150 | k=0.99803  (inactive)
  [GPU] batch   10/150 | k=0.99663  (inactive)
  [GPU] batch   11/150 | k=0.99722  (inactive)
  [GPU] batch   12/150 | k=0.99731  (inactive)
  [GPU] batch   13/150 | k=0.99712  (inactive)
  [GPU] batch   14/150 | k=1.00047  (inactive)
  [GPU] batch   15/150 | k=0.99818  (inactive)
  [GPU] batch   16/150 | k=1.00022  (inactive)
  [GPU] batch   17/150 | k=0.99912  (inactive)
  [GPU] batch   18/150 | k=0.99744  (inactive)
  [GPU] batch   19/150 | k=0.99963  (inactive)
  [GPU] batch   20/150 | k=0.99659  (inactive)
  [GPU] batch   21/150 | k=0.99786  (inactive)
  [GPU] batch   22/150 | k=0.99613  (inactive)
  [GPU] batch   23/150 | k=0.99714  (inactive)
  [GPU] batch   24/150 | k=1.00108  (inactive)
  [GPU] batch   25/150 | k=0.99656  (inactive)
  [GPU] batch   26/150 | k=0.99824  (inactive)
  [GPU] batch   27/150 | k=0.99774  (inactive)
  [GPU] batch   28/150 | k=0.99934  (inactive)
  [GPU] batch   29/150 | k=0.99754  (inactive)
  [GPU] batch   30/150 | k=0.99731  (inactive)
  [GPU] batch   31/150 | k=0.99820  (1st active)
  [GPU] batch   32/150 | k=0.99782  <k>=0.99801 +/- 19 pcm
  [GPU] batch   33/150 | k=0.99594  <k>=0.99732 +/- 70 pcm
  [GPU] batch   34/150 | k=0.99975  <k>=0.99793 +/- 78 pcm
  [GPU] batch   35/150 | k=0.99868  <k>=0.99808 +/- 62 pcm
  [GPU] batch   36/150 | k=0.99837  <k>=0.99813 +/- 51 pcm
  [GPU] batch   37/150 | k=1.00056  <k>=0.99848 +/- 56 pcm
  [GPU] batch   38/150 | k=0.99712  <k>=0.99831 +/- 51 pcm
  [GPU] batch   39/150 | k=0.99792  <k>=0.99826 +/- 45 pcm
  [GPU] batch   40/150 | k=0.99736  <k>=0.99817 +/- 41 pcm
  [GPU] batch   41/150 | k=0.99687  <k>=0.99805 +/- 39 pcm
  [GPU] batch   42/150 | k=0.99721  <k>=0.99798 +/- 37 pcm
  [GPU] batch   43/150 | k=0.99931  <k>=0.99808 +/- 35 pcm
  [GPU] batch   44/150 | k=0.99713  <k>=0.99802 +/- 33 pcm
  [GPU] batch   45/150 | k=0.99798  <k>=0.99801 +/- 31 pcm
  [GPU] batch   46/150 | k=1.00001  <k>=0.99814 +/- 32 pcm
  [GPU] batch   47/150 | k=0.99935  <k>=0.99821 +/- 30 pcm
  [GPU] batch   48/150 | k=0.99765  <k>=0.99818 +/- 29 pcm
  [GPU] batch   49/150 | k=0.99515  <k>=0.99802 +/- 32 pcm
  [GPU] batch   50/150 | k=0.99719  <k>=0.99798 +/- 30 pcm
  [GPU] batch   51/150 | k=0.99801  <k>=0.99798 +/- 29 pcm
  [GPU] batch   52/150 | k=0.99712  <k>=0.99794 +/- 28 pcm
  [GPU] batch   53/150 | k=0.99824  <k>=0.99795 +/- 27 pcm
  [GPU] batch   54/150 | k=0.99927  <k>=0.99801 +/- 26 pcm
  [GPU] batch   55/150 | k=1.00020  <k>=0.99810 +/- 26 pcm
  [GPU] batch   56/150 | k=0.99964  <k>=0.99816 +/- 26 pcm
  [GPU] batch   57/150 | k=0.99756  <k>=0.99813 +/- 25 pcm
  [GPU] batch   58/150 | k=0.99953  <k>=0.99818 +/- 25 pcm
  [GPU] batch   59/150 | k=0.99492  <k>=0.99807 +/- 26 pcm
  [GPU] batch   60/150 | k=0.99732  <k>=0.99805 +/- 26 pcm
  [GPU] batch   61/150 | k=0.99825  <k>=0.99805 +/- 25 pcm
  [GPU] batch   62/150 | k=0.99818  <k>=0.99806 +/- 24 pcm
  [GPU] batch   63/150 | k=0.99834  <k>=0.99807 +/- 23 pcm
  [GPU] batch   64/150 | k=0.99705  <k>=0.99804 +/- 23 pcm
  [GPU] batch   65/150 | k=0.99667  <k>=0.99800 +/- 22 pcm
  [GPU] batch   66/150 | k=0.99793  <k>=0.99799 +/- 22 pcm
  [GPU] batch   67/150 | k=0.99855  <k>=0.99801 +/- 21 pcm
  [GPU] batch   68/150 | k=0.99807  <k>=0.99801 +/- 21 pcm
  [GPU] batch   69/150 | k=0.99796  <k>=0.99801 +/- 20 pcm
  [GPU] batch   70/150 | k=0.99846  <k>=0.99802 +/- 20 pcm
  [GPU] batch   71/150 | k=0.99786  <k>=0.99802 +/- 19 pcm
  [GPU] batch   72/150 | k=0.99863  <k>=0.99803 +/- 19 pcm
  [GPU] batch   73/150 | k=0.99819  <k>=0.99804 +/- 18 pcm
  [GPU] batch   74/150 | k=0.99962  <k>=0.99807 +/- 18 pcm
  [GPU] batch   75/150 | k=0.99730  <k>=0.99805 +/- 18 pcm
  [GPU] batch   76/150 | k=0.99623  <k>=0.99802 +/- 18 pcm
  [GPU] batch   77/150 | k=0.99662  <k>=0.99799 +/- 18 pcm
  [GPU] batch   78/150 | k=0.99669  <k>=0.99796 +/- 18 pcm
  [GPU] batch   79/150 | k=0.99603  <k>=0.99792 +/- 18 pcm
  [GPU] batch   80/150 | k=0.99872  <k>=0.99794 +/- 18 pcm
  [GPU] batch   81/150 | k=0.99573  <k>=0.99789 +/- 18 pcm
  [GPU] batch   82/150 | k=0.99695  <k>=0.99787 +/- 17 pcm
  [GPU] batch   83/150 | k=0.99750  <k>=0.99787 +/- 17 pcm
  [GPU] batch   84/150 | k=0.99900  <k>=0.99789 +/- 17 pcm
  [GPU] batch   85/150 | k=0.99669  <k>=0.99787 +/- 17 pcm
  [GPU] batch   86/150 | k=0.99618  <k>=0.99784 +/- 17 pcm
  [GPU] batch   87/150 | k=0.99668  <k>=0.99782 +/- 17 pcm
  [GPU] batch   88/150 | k=0.99695  <k>=0.99780 +/- 16 pcm
  [GPU] batch   89/150 | k=0.99721  <k>=0.99779 +/- 16 pcm
  [GPU] batch   90/150 | k=0.99879  <k>=0.99781 +/- 16 pcm
  [GPU] batch   91/150 | k=0.99693  <k>=0.99779 +/- 16 pcm
  [GPU] batch   92/150 | k=0.99708  <k>=0.99778 +/- 16 pcm
  [GPU] batch   93/150 | k=1.00005  <k>=0.99782 +/- 16 pcm
  [GPU] batch   94/150 | k=0.99696  <k>=0.99780 +/- 16 pcm
  [GPU] batch   95/150 | k=0.99812  <k>=0.99781 +/- 15 pcm
  [GPU] batch   96/150 | k=0.99741  <k>=0.99780 +/- 15 pcm
  [GPU] batch   97/150 | k=0.99639  <k>=0.99778 +/- 15 pcm
  [GPU] batch   98/150 | k=0.99832  <k>=0.99779 +/- 15 pcm
  [GPU] batch   99/150 | k=0.99559  <k>=0.99776 +/- 15 pcm
  [GPU] batch  100/150 | k=0.99570  <k>=0.99773 +/- 15 pcm
  [GPU] batch  101/150 | k=0.99874  <k>=0.99774 +/- 15 pcm
  [GPU] batch  102/150 | k=0.99706  <k>=0.99773 +/- 15 pcm
  [GPU] batch  103/150 | k=1.00032  <k>=0.99777 +/- 15 pcm
  [GPU] batch  104/150 | k=0.99613  <k>=0.99775 +/- 15 pcm
  [GPU] batch  105/150 | k=0.99817  <k>=0.99775 +/- 15 pcm
  [GPU] batch  106/150 | k=0.99885  <k>=0.99777 +/- 15 pcm
  [GPU] batch  107/150 | k=0.99545  <k>=0.99774 +/- 15 pcm
  [GPU] batch  108/150 | k=0.99770  <k>=0.99774 +/- 14 pcm
  [GPU] batch  109/150 | k=0.99796  <k>=0.99774 +/- 14 pcm
  [GPU] batch  110/150 | k=0.99914  <k>=0.99776 +/- 14 pcm
  [GPU] batch  111/150 | k=0.99742  <k>=0.99775 +/- 14 pcm
  [GPU] batch  112/150 | k=0.99887  <k>=0.99777 +/- 14 pcm
  [GPU] batch  113/150 | k=0.99796  <k>=0.99777 +/- 14 pcm
  [GPU] batch  114/150 | k=0.99877  <k>=0.99778 +/- 14 pcm
  [GPU] batch  115/150 | k=0.99912  <k>=0.99780 +/- 14 pcm
  [GPU] batch  116/150 | k=0.99863  <k>=0.99781 +/- 13 pcm
  [GPU] batch  117/150 | k=1.00059  <k>=0.99784 +/- 14 pcm
  [GPU] batch  118/150 | k=0.99960  <k>=0.99786 +/- 14 pcm
  [GPU] batch  119/150 | k=0.99963  <k>=0.99788 +/- 14 pcm
  [GPU] batch  120/150 | k=0.99923  <k>=0.99789 +/- 14 pcm
  [GPU] batch  121/150 | k=0.99645  <k>=0.99788 +/- 14 pcm
  [GPU] batch  122/150 | k=0.99819  <k>=0.99788 +/- 13 pcm
  [GPU] batch  123/150 | k=0.99760  <k>=0.99788 +/- 13 pcm
  [GPU] batch  124/150 | k=0.99827  <k>=0.99788 +/- 13 pcm
  [GPU] batch  125/150 | k=0.99832  <k>=0.99789 +/- 13 pcm
  [GPU] batch  126/150 | k=0.99754  <k>=0.99788 +/- 13 pcm
  [GPU] batch  127/150 | k=1.00050  <k>=0.99791 +/- 13 pcm
  [GPU] batch  128/150 | k=0.99549  <k>=0.99788 +/- 13 pcm
  [GPU] batch  129/150 | k=0.99627  <k>=0.99787 +/- 13 pcm
  [GPU] batch  130/150 | k=0.99905  <k>=0.99788 +/- 13 pcm
  [GPU] batch  131/150 | k=0.99749  <k>=0.99788 +/- 13 pcm
  [GPU] batch  132/150 | k=0.99775  <k>=0.99787 +/- 13 pcm
  [GPU] batch  133/150 | k=0.99619  <k>=0.99786 +/- 13 pcm
  [GPU] batch  134/150 | k=1.00063  <k>=0.99789 +/- 13 pcm
  [GPU] batch  135/150 | k=0.99492  <k>=0.99786 +/- 13 pcm
  [GPU] batch  136/150 | k=0.99834  <k>=0.99786 +/- 13 pcm
  [GPU] batch  137/150 | k=0.99577  <k>=0.99784 +/- 13 pcm
  [GPU] batch  138/150 | k=0.99785  <k>=0.99784 +/- 13 pcm
  [GPU] batch  139/150 | k=0.99703  <k>=0.99783 +/- 13 pcm
  [GPU] batch  140/150 | k=0.99602  <k>=0.99782 +/- 13 pcm
  [GPU] batch  141/150 | k=0.99553  <k>=0.99780 +/- 13 pcm
  [GPU] batch  142/150 | k=0.99874  <k>=0.99781 +/- 13 pcm
  [GPU] batch  143/150 | k=0.99896  <k>=0.99782 +/- 13 pcm
  [GPU] batch  144/150 | k=0.99879  <k>=0.99782 +/- 13 pcm
  [GPU] batch  145/150 | k=0.99789  <k>=0.99783 +/- 12 pcm
  [GPU] batch  146/150 | k=0.99862  <k>=0.99783 +/- 12 pcm
  [GPU] batch  147/150 | k=0.99838  <k>=0.99784 +/- 12 pcm
  [GPU] batch  148/150 | k=0.99530  <k>=0.99782 +/- 12 pcm
  [GPU] batch  149/150 | k=0.99787  <k>=0.99782 +/- 12 pcm
  [GPU] batch  150/150 | k=0.99798  <k>=0.99782 +/- 12 pcm
  heu-met-fast-009_case-2 -- seed 5/5 done in 201.5s: k=0.99782 +/- 0.00012
heu-met-fast-009_case-2: PASS -- k=0.99785+/-0.00005, delta=-135pcm, bound=+/-300pcm, 0.90sigma, 1007.6s (5seed x 150b x 30i x 200000p) [31/375]
[4/347] heu-met-fast-011 starting (5seed x 150b x 30i x 200000p)
  heu-met-fast-011 -- seed 1/5 (seed=42) starting
  Thermal: c_H_in_CH2  nuclides=[]  energy_max=4.90 eV  AWR=0.999
  Temperatures: ["77K", "196K", "233K", "294K", "300K", "303K", "313K", "323K", "333K", "343K", "350K"]
    Continuous: 109 inc energies, 51971 E_out pts, 831536 mu pts
    77K inelastic: 109 energies, type=incoherent_inelastic
    Continuous: 109 inc energies, 64589 E_out pts, 1033424 mu pts
    196K inelastic: 109 energies, type=incoherent_inelastic
    Continuous: 109 inc energies, 67675 E_out pts, 1082800 mu pts
    233K inelastic: 109 energies, type=incoherent_inelastic
    Continuous: 109 inc energies, 67906 E_out pts, 1086496 mu pts
    294K inelastic: 109 energies, type=incoherent_inelastic
    Continuous: 109 inc energies, 67322 E_out pts, 1077152 mu pts
    300K inelastic: 109 energies, type=incoherent_inelastic
    Continuous: 109 inc energies, 67392 E_out pts, 1078272 mu pts
    303K inelastic: 109 energies, type=incoherent_inelastic
    Continuous: 109 inc energies, 66658 E_out pts, 1066528 mu pts
    313K inelastic: 109 energies, type=incoherent_inelastic
    Continuous: 109 inc energies, 66372 E_out pts, 1061952 mu pts
    323K inelastic: 109 energies, type=incoherent_inelastic
    Continuous: 109 inc energies, 66313 E_out pts, 1061008 mu pts
    333K inelastic: 109 energies, type=incoherent_inelastic
    Continuous: 109 inc energies, 66428 E_out pts, 1062848 mu pts
    343K inelastic: 109 energies, type=incoherent_inelastic
    Continuous: 109 inc energies, 66037 E_out pts, 1056592 mu pts
    350K inelastic: 109 energies, type=incoherent_inelastic
    77K elastic: incoherent, σ_b=81.8 b, W'=12.5036 eV⁻¹
    196K elastic: incoherent, σ_b=81.8 b, W'=20.3428 eV⁻¹
    233K elastic: incoherent, σ_b=81.8 b, W'=22.9667 eV⁻¹
    294K elastic: incoherent, σ_b=81.8 b, W'=27.3469 eV⁻¹
    300K elastic: incoherent, σ_b=81.8 b, W'=27.8142 eV⁻¹
    303K elastic: incoherent, σ_b=81.8 b, W'=28.0336 eV⁻¹
    313K elastic: incoherent, σ_b=81.8 b, W'=28.7659 eV⁻¹
    323K elastic: incoherent, σ_b=81.8 b, W'=29.5000 eV⁻¹
    333K elastic: incoherent, σ_b=81.8 b, W'=30.2358 eV⁻¹
    343K elastic: incoherent, σ_b=81.8 b, W'=30.9733 eV⁻¹
    350K elastic: incoherent, σ_b=81.8 b, W'=31.4905 eV⁻¹
  GPU S(α,β) slot 0 (nuc 22): incoherent elastic, σ_b=81.81 b, W'=12.5036 eV⁻¹
  GPU S(α,β) slot 0 (nuc 22): 109 inc energies, 51971 E_out pts, 831536 mu pts
  GPU S(α,β) slot 1 (nuc 22): incoherent elastic, σ_b=81.81 b, W'=20.3428 eV⁻¹
  GPU S(α,β) slot 1 (nuc 22): 109 inc energies, 64589 E_out pts, 1033424 mu pts
  GPU S(α,β) slot 2 (nuc 22): incoherent elastic, σ_b=81.81 b, W'=22.9667 eV⁻¹
  GPU S(α,β) slot 2 (nuc 22): 109 inc energies, 67675 E_out pts, 1082800 mu pts
  GPU S(α,β) slot 3 (nuc 22): incoherent elastic, σ_b=81.81 b, W'=27.3469 eV⁻¹
  GPU S(α,β) slot 3 (nuc 22): 109 inc energies, 67906 E_out pts, 1086496 mu pts
  GPU S(α,β) slot 4 (nuc 22): incoherent elastic, σ_b=81.81 b, W'=27.8142 eV⁻¹
  GPU S(α,β) slot 4 (nuc 22): 109 inc energies, 67322 E_out pts, 1077152 mu pts
  GPU S(α,β) slot 5 (nuc 22): incoherent elastic, σ_b=81.81 b, W'=28.0336 eV⁻¹
  GPU S(α,β) slot 5 (nuc 22): 109 inc energies, 67392 E_out pts, 1078272 mu pts
  GPU S(α,β) slot 6 (nuc 22): incoherent elastic, σ_b=81.81 b, W'=28.7659 eV⁻¹
  GPU S(α,β) slot 6 (nuc 22): 109 inc energies, 66658 E_out pts, 1066528 mu pts
  GPU S(α,β) slot 7 (nuc 22): incoherent elastic, σ_b=81.81 b, W'=29.5000 eV⁻¹
  GPU S(α,β) slot 7 (nuc 22): 109 inc energies, 66372 E_out pts, 1061952 mu pts
  GPU S(α,β) slot 8 (nuc 22): incoherent elastic, σ_b=81.81 b, W'=30.2358 eV⁻¹
  GPU S(α,β) slot 8 (nuc 22): 109 inc energies, 66313 E_out pts, 1061008 mu pts
  GPU S(α,β) slot 9 (nuc 22): incoherent elastic, σ_b=81.81 b, W'=30.9733 eV⁻¹
  GPU S(α,β) slot 9 (nuc 22): 109 inc energies, 66428 E_out pts, 1062848 mu pts
  GPU S(α,β) slot 10 (nuc 22): incoherent elastic, σ_b=81.81 b, W'=31.4905 eV⁻¹
  GPU S(α,β) slot 10 (nuc 22): 109 inc energies, 66037 E_out pts, 1056592 mu pts
  GPU: WMP payload = 0.0 KB (0 / 23 nuclides covered)
  GPU auto-refill: picked factor=3.48 for particles_per_batch=200000
  [GPU] batch    1/150 | k=1.00056  (inactive)
  [GPU] batch    2/150 | k=0.99098  (inactive)
  [GPU] batch    3/150 | k=0.99413  (inactive)
  [GPU] batch    4/150 | k=0.99836  (inactive)
  [GPU] batch    5/150 | k=0.99725  (inactive)
  [GPU] batch    6/150 | k=0.99720  (inactive)
  [GPU] batch    7/150 | k=0.99882  (inactive)
  [GPU] batch    8/150 | k=0.99631  (inactive)
  [GPU] batch    9/150 | k=0.99706  (inactive)
  [GPU] batch   10/150 | k=0.99822  (inactive)
  [GPU] batch   11/150 | k=0.99658  (inactive)
  [GPU] batch   12/150 | k=0.99609  (inactive)
  [GPU] batch   13/150 | k=0.99698  (inactive)
  [GPU] batch   14/150 | k=0.99915  (inactive)
  [GPU] batch   15/150 | k=0.99527  (inactive)
  [GPU] batch   16/150 | k=0.99607  (inactive)
  [GPU] batch   17/150 | k=1.00036  (inactive)
  [GPU] batch   18/150 | k=0.99576  (inactive)
  [GPU] batch   19/150 | k=0.99816  (inactive)
  [GPU] batch   20/150 | k=0.99607  (inactive)
  [GPU] batch   21/150 | k=0.99524  (inactive)
  [GPU] batch   22/150 | k=0.99659  (inactive)
  [GPU] batch   23/150 | k=0.99520  (inactive)
  [GPU] batch   24/150 | k=0.99804  (inactive)
  [GPU] batch   25/150 | k=0.99693  (inactive)
  [GPU] batch   26/150 | k=0.99492  (inactive)
  [GPU] batch   27/150 | k=0.99839  (inactive)
  [GPU] batch   28/150 | k=0.99519  (inactive)
  [GPU] batch   29/150 | k=0.99581  (inactive)
  [GPU] batch   30/150 | k=0.99800  (inactive)
  [GPU] batch   31/150 | k=0.99934  (1st active)
  [GPU] batch   32/150 | k=0.99492  <k>=0.99713 +/- 221 pcm
  [GPU] batch   33/150 | k=0.99760  <k>=0.99729 +/- 129 pcm
  [GPU] batch   34/150 | k=0.99603  <k>=0.99697 +/- 96 pcm
  [GPU] batch   35/150 | k=0.99842  <k>=0.99726 +/- 80 pcm
  [GPU] batch   36/150 | k=0.99697  <k>=0.99721 +/- 65 pcm
  [GPU] batch   37/150 | k=0.99810  <k>=0.99734 +/- 57 pcm
  [GPU] batch   38/150 | k=0.99807  <k>=0.99743 +/- 50 pcm
  [GPU] batch   39/150 | k=0.99829  <k>=0.99753 +/- 45 pcm
  [GPU] batch   40/150 | k=0.99828  <k>=0.99760 +/- 41 pcm
  [GPU] batch   41/150 | k=0.99682  <k>=0.99753 +/- 38 pcm
  [GPU] batch   42/150 | k=0.99682  <k>=0.99747 +/- 35 pcm
  [GPU] batch   43/150 | k=0.99630  <k>=0.99738 +/- 33 pcm
  [GPU] batch   44/150 | k=0.99927  <k>=0.99752 +/- 34 pcm
  [GPU] batch   45/150 | k=0.99549  <k>=0.99738 +/- 34 pcm
  [GPU] batch   46/150 | k=0.99726  <k>=0.99737 +/- 32 pcm
  [GPU] batch   47/150 | k=0.99946  <k>=0.99750 +/- 32 pcm
  [GPU] batch   48/150 | k=0.99615  <k>=0.99742 +/- 32 pcm
  [GPU] batch   49/150 | k=0.99470  <k>=0.99728 +/- 33 pcm
  [GPU] batch   50/150 | k=0.99772  <k>=0.99730 +/- 31 pcm
  [GPU] batch   51/150 | k=0.99377  <k>=0.99713 +/- 34 pcm
  [GPU] batch   52/150 | k=0.99591  <k>=0.99708 +/- 33 pcm
  [GPU] batch   53/150 | k=0.99880  <k>=0.99715 +/- 33 pcm
  [GPU] batch   54/150 | k=0.99640  <k>=0.99712 +/- 31 pcm
  [GPU] batch   55/150 | k=0.99599  <k>=0.99708 +/- 30 pcm
  [GPU] batch   56/150 | k=0.99639  <k>=0.99705 +/- 29 pcm
  [GPU] batch   57/150 | k=0.99577  <k>=0.99700 +/- 29 pcm
  [GPU] batch   58/150 | k=0.99787  <k>=0.99703 +/- 28 pcm
  [GPU] batch   59/150 | k=0.99631  <k>=0.99701 +/- 27 pcm
  [GPU] batch   60/150 | k=0.99693  <k>=0.99701 +/- 26 pcm
  [GPU] batch   61/150 | k=0.99776  <k>=0.99703 +/- 25 pcm
  [GPU] batch   62/150 | k=0.99562  <k>=0.99699 +/- 25 pcm
  [GPU] batch   63/150 | k=0.99841  <k>=0.99703 +/- 24 pcm
  [GPU] batch   64/150 | k=0.99696  <k>=0.99703 +/- 24 pcm
  [GPU] batch   65/150 | k=0.99580  <k>=0.99699 +/- 23 pcm
  [GPU] batch   66/150 | k=1.00007  <k>=0.99708 +/- 24 pcm
  [GPU] batch   67/150 | k=0.99604  <k>=0.99705 +/- 24 pcm
  [GPU] batch   68/150 | k=0.99605  <k>=0.99702 +/- 23 pcm
  [GPU] batch   69/150 | k=0.99565  <k>=0.99699 +/- 23 pcm
  [GPU] batch   70/150 | k=0.99889  <k>=0.99704 +/- 23 pcm
  [GPU] batch   71/150 | k=0.99634  <k>=0.99702 +/- 22 pcm
  [GPU] batch   72/150 | k=0.99700  <k>=0.99702 +/- 22 pcm
  [GPU] batch   73/150 | k=0.99652  <k>=0.99701 +/- 21 pcm
  [GPU] batch   74/150 | k=0.99917  <k>=0.99706 +/- 21 pcm
  [GPU] batch   75/150 | k=0.99646  <k>=0.99704 +/- 21 pcm
  [GPU] batch   76/150 | k=0.99618  <k>=0.99702 +/- 21 pcm
  [GPU] batch   77/150 | k=0.99661  <k>=0.99701 +/- 20 pcm
  [GPU] batch   78/150 | k=0.99622  <k>=0.99700 +/- 20 pcm
  [GPU] batch   79/150 | k=0.99636  <k>=0.99698 +/- 19 pcm
  [GPU] batch   80/150 | k=0.99798  <k>=0.99700 +/- 19 pcm
  [GPU] batch   81/150 | k=0.99513  <k>=0.99697 +/- 19 pcm
  [GPU] batch   82/150 | k=0.99723  <k>=0.99697 +/- 19 pcm
  [GPU] batch   83/150 | k=0.99656  <k>=0.99697 +/- 18 pcm
  [GPU] batch   84/150 | k=0.99716  <k>=0.99697 +/- 18 pcm
  [GPU] batch   85/150 | k=0.99850  <k>=0.99700 +/- 18 pcm
  [GPU] batch   86/150 | k=0.99702  <k>=0.99700 +/- 18 pcm
  [GPU] batch   87/150 | k=0.99807  <k>=0.99702 +/- 17 pcm
  [GPU] batch   88/150 | k=0.99865  <k>=0.99704 +/- 17 pcm
  [GPU] batch   89/150 | k=0.99685  <k>=0.99704 +/- 17 pcm
  [GPU] batch   90/150 | k=0.99960  <k>=0.99708 +/- 17 pcm
  [GPU] batch   91/150 | k=0.99715  <k>=0.99708 +/- 17 pcm
  [GPU] batch   92/150 | k=0.99671  <k>=0.99708 +/- 17 pcm
  [GPU] batch   93/150 | k=0.99798  <k>=0.99709 +/- 17 pcm
  [GPU] batch   94/150 | k=0.99751  <k>=0.99710 +/- 16 pcm
  [GPU] batch   95/150 | k=1.00056  <k>=0.99715 +/- 17 pcm
  [GPU] batch   96/150 | k=0.99697  <k>=0.99715 +/- 17 pcm
  [GPU] batch   97/150 | k=0.99484  <k>=0.99712 +/- 17 pcm
  [GPU] batch   98/150 | k=0.99880  <k>=0.99714 +/- 17 pcm
  [GPU] batch   99/150 | k=0.99881  <k>=0.99716 +/- 17 pcm
  [GPU] batch  100/150 | k=0.99772  <k>=0.99717 +/- 16 pcm
  [GPU] batch  101/150 | k=0.99786  <k>=0.99718 +/- 16 pcm
  [GPU] batch  102/150 | k=0.99639  <k>=0.99717 +/- 16 pcm
  [GPU] batch  103/150 | k=0.99555  <k>=0.99715 +/- 16 pcm
  [GPU] batch  104/150 | k=0.99599  <k>=0.99713 +/- 16 pcm
  [GPU] batch  105/150 | k=0.99491  <k>=0.99710 +/- 16 pcm
  [GPU] batch  106/150 | k=0.99552  <k>=0.99708 +/- 16 pcm
  [GPU] batch  107/150 | k=1.00022  <k>=0.99712 +/- 16 pcm
  [GPU] batch  108/150 | k=0.99680  <k>=0.99712 +/- 16 pcm
  [GPU] batch  109/150 | k=0.99712  <k>=0.99712 +/- 16 pcm
  [GPU] batch  110/150 | k=0.99607  <k>=0.99711 +/- 16 pcm
  [GPU] batch  111/150 | k=0.99972  <k>=0.99714 +/- 16 pcm
  [GPU] batch  112/150 | k=0.99533  <k>=0.99712 +/- 16 pcm
  [GPU] batch  113/150 | k=0.99814  <k>=0.99713 +/- 16 pcm
  [GPU] batch  114/150 | k=0.99474  <k>=0.99710 +/- 16 pcm
  [GPU] batch  115/150 | k=0.99626  <k>=0.99709 +/- 15 pcm
  [GPU] batch  116/150 | k=0.99458  <k>=0.99706 +/- 16 pcm
  [GPU] batch  117/150 | k=0.99881  <k>=0.99708 +/- 16 pcm
  [GPU] batch  118/150 | k=0.99770  <k>=0.99709 +/- 15 pcm
  [GPU] batch  119/150 | k=0.99588  <k>=0.99707 +/- 15 pcm
  [GPU] batch  120/150 | k=0.99624  <k>=0.99707 +/- 15 pcm
  [GPU] batch  121/150 | k=0.99507  <k>=0.99704 +/- 15 pcm
  [GPU] batch  122/150 | k=0.99855  <k>=0.99706 +/- 15 pcm
  [GPU] batch  123/150 | k=0.99441  <k>=0.99703 +/- 15 pcm
  [GPU] batch  124/150 | k=0.99820  <k>=0.99704 +/- 15 pcm
  [GPU] batch  125/150 | k=0.99696  <k>=0.99704 +/- 15 pcm
  [GPU] batch  126/150 | k=0.99872  <k>=0.99706 +/- 15 pcm
  [GPU] batch  127/150 | k=1.00031  <k>=0.99709 +/- 15 pcm
  [GPU] batch  128/150 | k=0.99581  <k>=0.99708 +/- 15 pcm
  [GPU] batch  129/150 | k=0.99850  <k>=0.99710 +/- 15 pcm
  [GPU] batch  130/150 | k=0.99677  <k>=0.99709 +/- 15 pcm
  [GPU] batch  131/150 | k=0.99778  <k>=0.99710 +/- 15 pcm
  [GPU] batch  132/150 | k=0.99761  <k>=0.99710 +/- 14 pcm
  [GPU] batch  133/150 | k=0.99722  <k>=0.99710 +/- 14 pcm
  [GPU] batch  134/150 | k=0.99804  <k>=0.99711 +/- 14 pcm
  [GPU] batch  135/150 | k=0.99631  <k>=0.99711 +/- 14 pcm
  [GPU] batch  136/150 | k=0.99906  <k>=0.99712 +/- 14 pcm
  [GPU] batch  137/150 | k=0.99684  <k>=0.99712 +/- 14 pcm
  [GPU] batch  138/150 | k=0.99729  <k>=0.99712 +/- 14 pcm
  [GPU] batch  139/150 | k=0.99596  <k>=0.99711 +/- 14 pcm
  [GPU] batch  140/150 | k=0.99497  <k>=0.99709 +/- 14 pcm
  [GPU] batch  141/150 | k=0.99764  <k>=0.99710 +/- 14 pcm
  [GPU] batch  142/150 | k=0.99487  <k>=0.99708 +/- 14 pcm
  [GPU] batch  143/150 | k=0.99718  <k>=0.99708 +/- 14 pcm
  [GPU] batch  144/150 | k=0.99793  <k>=0.99709 +/- 13 pcm
  [GPU] batch  145/150 | k=0.99642  <k>=0.99708 +/- 13 pcm
  [GPU] batch  146/150 | k=0.99841  <k>=0.99709 +/- 13 pcm
  [GPU] batch  147/150 | k=0.99915  <k>=0.99711 +/- 13 pcm
  [GPU] batch  148/150 | k=0.99680  <k>=0.99711 +/- 13 pcm
  [GPU] batch  149/150 | k=0.99770  <k>=0.99711 +/- 13 pcm
  [GPU] batch  150/150 | k=0.99912  <k>=0.99713 +/- 13 pcm
  heu-met-fast-011 -- seed 1/5 done in 1038.5s: k=0.99713 +/- 0.00013
  heu-met-fast-011 -- seed 2/5 (seed=43) starting
  GPU S(α,β) slot 0 (nuc 22): incoherent elastic, σ_b=81.81 b, W'=12.5036 eV⁻¹
  GPU S(α,β) slot 0 (nuc 22): 109 inc energies, 51971 E_out pts, 831536 mu pts
  GPU S(α,β) slot 1 (nuc 22): incoherent elastic, σ_b=81.81 b, W'=20.3428 eV⁻¹
  GPU S(α,β) slot 1 (nuc 22): 109 inc energies, 64589 E_out pts, 1033424 mu pts
  GPU S(α,β) slot 2 (nuc 22): incoherent elastic, σ_b=81.81 b, W'=22.9667 eV⁻¹
  GPU S(α,β) slot 2 (nuc 22): 109 inc energies, 67675 E_out pts, 1082800 mu pts
  GPU S(α,β) slot 3 (nuc 22): incoherent elastic, σ_b=81.81 b, W'=27.3469 eV⁻¹
  GPU S(α,β) slot 3 (nuc 22): 109 inc energies, 67906 E_out pts, 1086496 mu pts
  GPU S(α,β) slot 4 (nuc 22): incoherent elastic, σ_b=81.81 b, W'=27.8142 eV⁻¹
  GPU S(α,β) slot 4 (nuc 22): 109 inc energies, 67322 E_out pts, 1077152 mu pts
  GPU S(α,β) slot 5 (nuc 22): incoherent elastic, σ_b=81.81 b, W'=28.0336 eV⁻¹
  GPU S(α,β) slot 5 (nuc 22): 109 inc energies, 67392 E_out pts, 1078272 mu pts
  GPU S(α,β) slot 6 (nuc 22): incoherent elastic, σ_b=81.81 b, W'=28.7659 eV⁻¹
  GPU S(α,β) slot 6 (nuc 22): 109 inc energies, 66658 E_out pts, 1066528 mu pts
  GPU S(α,β) slot 7 (nuc 22): incoherent elastic, σ_b=81.81 b, W'=29.5000 eV⁻¹
  GPU S(α,β) slot 7 (nuc 22): 109 inc energies, 66372 E_out pts, 1061952 mu pts
  GPU S(α,β) slot 8 (nuc 22): incoherent elastic, σ_b=81.81 b, W'=30.2358 eV⁻¹
  GPU S(α,β) slot 8 (nuc 22): 109 inc energies, 66313 E_out pts, 1061008 mu pts
  GPU S(α,β) slot 9 (nuc 22): incoherent elastic, σ_b=81.81 b, W'=30.9733 eV⁻¹
  GPU S(α,β) slot 9 (nuc 22): 109 inc energies, 66428 E_out pts, 1062848 mu pts
  GPU S(α,β) slot 10 (nuc 22): incoherent elastic, σ_b=81.81 b, W'=31.4905 eV⁻¹
  GPU S(α,β) slot 10 (nuc 22): 109 inc energies, 66037 E_out pts, 1056592 mu pts
  GPU: WMP payload = 0.0 KB (0 / 23 nuclides covered)
  GPU auto-refill: picked factor=3.48 for particles_per_batch=200000
  [GPU] batch    1/150 | k=1.00182  (inactive)
  [GPU] batch    2/150 | k=0.99086  (inactive)
  [GPU] batch    3/150 | k=0.99573  (inactive)
  [GPU] batch    4/150 | k=0.99708  (inactive)
  [GPU] batch    5/150 | k=0.99695  (inactive)
  [GPU] batch    6/150 | k=0.99369  (inactive)
  [GPU] batch    7/150 | k=0.99723  (inactive)
  [GPU] batch    8/150 | k=0.99724  (inactive)
  [GPU] batch    9/150 | k=0.99841  (inactive)
  [GPU] batch   10/150 | k=0.99694  (inactive)
  [GPU] batch   11/150 | k=0.99888  (inactive)
  [GPU] batch   12/150 | k=0.99718  (inactive)
  [GPU] batch   13/150 | k=1.00146  (inactive)
  [GPU] batch   14/150 | k=0.99588  (inactive)
  [GPU] batch   15/150 | k=0.99700  (inactive)
  [GPU] batch   16/150 | k=0.99818  (inactive)
  [GPU] batch   17/150 | k=0.99943  (inactive)
  [GPU] batch   18/150 | k=1.00017  (inactive)
  [GPU] batch   19/150 | k=0.99617  (inactive)
  [GPU] batch   20/150 | k=0.99698  (inactive)
  [GPU] batch   21/150 | k=0.99477  (inactive)
  [GPU] batch   22/150 | k=0.99743  (inactive)
  [GPU] batch   23/150 | k=0.99629  (inactive)
  [GPU] batch   24/150 | k=0.99831  (inactive)
  [GPU] batch   25/150 | k=0.99744  (inactive)
  [GPU] batch   26/150 | k=0.99852  (inactive)
  [GPU] batch   27/150 | k=0.99842  (inactive)
  [GPU] batch   28/150 | k=0.99731  (inactive)
  [GPU] batch   29/150 | k=0.99643  (inactive)
  [GPU] batch   30/150 | k=0.99777  (inactive)
  [GPU] batch   31/150 | k=0.99630  (1st active)
  [GPU] batch   32/150 | k=0.99761  <k>=0.99696 +/- 65 pcm
  [GPU] batch   33/150 | k=0.99787  <k>=0.99726 +/- 49 pcm
  [GPU] batch   34/150 | k=0.99843  <k>=0.99755 +/- 45 pcm
  [GPU] batch   35/150 | k=0.99867  <k>=0.99778 +/- 41 pcm
  [GPU] batch   36/150 | k=0.99697  <k>=0.99764 +/- 36 pcm
  [GPU] batch   37/150 | k=0.99658  <k>=0.99749 +/- 34 pcm
  [GPU] batch   38/150 | k=0.99642  <k>=0.99736 +/- 33 pcm
  [GPU] batch   39/150 | k=0.99795  <k>=0.99742 +/- 29 pcm
  [GPU] batch   40/150 | k=0.99353  <k>=0.99703 +/- 47 pcm
  [GPU] batch   41/150 | k=0.99700  <k>=0.99703 +/- 43 pcm
  [GPU] batch   42/150 | k=0.99507  <k>=0.99687 +/- 42 pcm
  [GPU] batch   43/150 | k=0.99804  <k>=0.99696 +/- 40 pcm
  [GPU] batch   44/150 | k=0.99662  <k>=0.99693 +/- 37 pcm
  [GPU] batch   45/150 | k=0.99642  <k>=0.99690 +/- 35 pcm
  [GPU] batch   46/150 | k=0.99869  <k>=0.99701 +/- 34 pcm
  [GPU] batch   47/150 | k=1.00023  <k>=0.99720 +/- 37 pcm
  [GPU] batch   48/150 | k=0.99731  <k>=0.99721 +/- 35 pcm
  [GPU] batch   49/150 | k=0.99562  <k>=0.99712 +/- 34 pcm
  [GPU] batch   50/150 | k=0.99851  <k>=0.99719 +/- 33 pcm
  [GPU] batch   51/150 | k=0.99774  <k>=0.99722 +/- 32 pcm
  [GPU] batch   52/150 | k=0.99632  <k>=0.99718 +/- 31 pcm
  [GPU] batch   53/150 | k=0.99888  <k>=0.99725 +/- 30 pcm
  [GPU] batch   54/150 | k=0.99854  <k>=0.99731 +/- 29 pcm
  [GPU] batch   55/150 | k=0.99777  <k>=0.99732 +/- 28 pcm
  [GPU] batch   56/150 | k=0.99377  <k>=0.99719 +/- 30 pcm
  [GPU] batch   57/150 | k=0.99483  <k>=0.99710 +/- 30 pcm
  [GPU] batch   58/150 | k=0.99607  <k>=0.99706 +/- 30 pcm
  [GPU] batch   59/150 | k=0.99486  <k>=0.99699 +/- 30 pcm
  [GPU] batch   60/150 | k=0.99656  <k>=0.99697 +/- 29 pcm
  [GPU] batch   61/150 | k=0.99849  <k>=0.99702 +/- 28 pcm
  [GPU] batch   62/150 | k=0.99836  <k>=0.99706 +/- 27 pcm
  [GPU] batch   63/150 | k=0.99548  <k>=0.99702 +/- 27 pcm
  [GPU] batch   64/150 | k=0.99480  <k>=0.99695 +/- 27 pcm
  [GPU] batch   65/150 | k=0.99837  <k>=0.99699 +/- 27 pcm
  [GPU] batch   66/150 | k=0.99639  <k>=0.99697 +/- 26 pcm
  [GPU] batch   67/150 | k=0.99551  <k>=0.99693 +/- 26 pcm
  [GPU] batch   68/150 | k=1.00002  <k>=0.99702 +/- 26 pcm
  [GPU] batch   69/150 | k=0.99598  <k>=0.99699 +/- 26 pcm
  [GPU] batch   70/150 | k=0.99883  <k>=0.99704 +/- 25 pcm
  [GPU] batch   71/150 | k=0.99678  <k>=0.99703 +/- 25 pcm
  [GPU] batch   72/150 | k=0.99530  <k>=0.99699 +/- 24 pcm
  [GPU] batch   73/150 | k=0.99843  <k>=0.99702 +/- 24 pcm
  [GPU] batch   74/150 | k=0.99636  <k>=0.99701 +/- 24 pcm
  [GPU] batch   75/150 | k=0.99664  <k>=0.99700 +/- 23 pcm
  [GPU] batch   76/150 | k=0.99621  <k>=0.99698 +/- 23 pcm
  [GPU] batch   77/150 | k=0.99709  <k>=0.99698 +/- 22 pcm
  [GPU] batch   78/150 | k=0.99704  <k>=0.99698 +/- 22 pcm
  [GPU] batch   79/150 | k=0.99641  <k>=0.99697 +/- 21 pcm
  [GPU] batch   80/150 | k=0.99510  <k>=0.99694 +/- 21 pcm
  [GPU] batch   81/150 | k=0.99614  <k>=0.99692 +/- 21 pcm
  [GPU] batch   82/150 | k=0.99693  <k>=0.99692 +/- 20 pcm
  [GPU] batch   83/150 | k=0.99964  <k>=0.99697 +/- 21 pcm
  [GPU] batch   84/150 | k=0.99724  <k>=0.99698 +/- 20 pcm
  [GPU] batch   85/150 | k=0.99501  <k>=0.99694 +/- 20 pcm
  [GPU] batch   86/150 | k=0.99775  <k>=0.99696 +/- 20 pcm
  [GPU] batch   87/150 | k=1.00038  <k>=0.99702 +/- 20 pcm
  [GPU] batch   88/150 | k=0.99866  <k>=0.99704 +/- 20 pcm
  [GPU] batch   89/150 | k=0.99804  <k>=0.99706 +/- 20 pcm
  [GPU] batch   90/150 | k=0.99881  <k>=0.99709 +/- 20 pcm
  [GPU] batch   91/150 | k=0.99840  <k>=0.99711 +/- 20 pcm
  [GPU] batch   92/150 | k=0.99772  <k>=0.99712 +/- 19 pcm
  [GPU] batch   93/150 | k=0.99762  <k>=0.99713 +/- 19 pcm
  [GPU] batch   94/150 | k=0.99701  <k>=0.99713 +/- 19 pcm
  [GPU] batch   95/150 | k=0.99602  <k>=0.99711 +/- 19 pcm
  [GPU] batch   96/150 | k=0.99725  <k>=0.99711 +/- 18 pcm
  [GPU] batch   97/150 | k=0.99624  <k>=0.99710 +/- 18 pcm
  [GPU] batch   98/150 | k=0.99788  <k>=0.99711 +/- 18 pcm
  [GPU] batch   99/150 | k=0.99731  <k>=0.99711 +/- 18 pcm
  [GPU] batch  100/150 | k=0.99568  <k>=0.99709 +/- 17 pcm
  [GPU] batch  101/150 | k=0.99737  <k>=0.99710 +/- 17 pcm
  [GPU] batch  102/150 | k=0.99820  <k>=0.99711 +/- 17 pcm
  [GPU] batch  103/150 | k=0.99768  <k>=0.99712 +/- 17 pcm
  [GPU] batch  104/150 | k=0.99585  <k>=0.99710 +/- 17 pcm
  [GPU] batch  105/150 | k=0.99730  <k>=0.99711 +/- 16 pcm
  [GPU] batch  106/150 | k=0.99559  <k>=0.99709 +/- 16 pcm
  [GPU] batch  107/150 | k=1.00035  <k>=0.99713 +/- 17 pcm
  [GPU] batch  108/150 | k=0.99870  <k>=0.99715 +/- 17 pcm
  [GPU] batch  109/150 | k=0.99502  <k>=0.99712 +/- 17 pcm
  [GPU] batch  110/150 | k=0.99794  <k>=0.99713 +/- 16 pcm
  [GPU] batch  111/150 | k=0.99597  <k>=0.99712 +/- 16 pcm
  [GPU] batch  112/150 | k=0.99775  <k>=0.99712 +/- 16 pcm
  [GPU] batch  113/150 | k=0.99671  <k>=0.99712 +/- 16 pcm
  [GPU] batch  114/150 | k=0.99696  <k>=0.99712 +/- 16 pcm
  [GPU] batch  115/150 | k=0.99696  <k>=0.99712 +/- 16 pcm
  [GPU] batch  116/150 | k=0.99740  <k>=0.99712 +/- 15 pcm
  [GPU] batch  117/150 | k=0.99807  <k>=0.99713 +/- 15 pcm
  [GPU] batch  118/150 | k=0.99590  <k>=0.99712 +/- 15 pcm
  [GPU] batch  119/150 | k=0.99712  <k>=0.99712 +/- 15 pcm
  [GPU] batch  120/150 | k=0.99580  <k>=0.99710 +/- 15 pcm
  [GPU] batch  121/150 | k=0.99724  <k>=0.99710 +/- 15 pcm
  [GPU] batch  122/150 | k=0.99664  <k>=0.99710 +/- 15 pcm
  [GPU] batch  123/150 | k=0.99461  <k>=0.99707 +/- 15 pcm
  [GPU] batch  124/150 | k=0.99668  <k>=0.99707 +/- 15 pcm
  [GPU] batch  125/150 | k=0.99703  <k>=0.99707 +/- 14 pcm
  [GPU] batch  126/150 | k=0.99741  <k>=0.99707 +/- 14 pcm
  [GPU] batch  127/150 | k=0.99681  <k>=0.99707 +/- 14 pcm
  [GPU] batch  128/150 | k=0.99740  <k>=0.99707 +/- 14 pcm
  [GPU] batch  129/150 | k=0.99524  <k>=0.99705 +/- 14 pcm
  [GPU] batch  130/150 | k=0.99605  <k>=0.99704 +/- 14 pcm
  [GPU] batch  131/150 | k=0.99746  <k>=0.99705 +/- 14 pcm
  [GPU] batch  132/150 | k=0.99641  <k>=0.99704 +/- 14 pcm
  [GPU] batch  133/150 | k=0.99546  <k>=0.99703 +/- 14 pcm
  [GPU] batch  134/150 | k=0.99779  <k>=0.99703 +/- 13 pcm
  [GPU] batch  135/150 | k=0.99698  <k>=0.99703 +/- 13 pcm
  [GPU] batch  136/150 | k=0.99748  <k>=0.99704 +/- 13 pcm
  [GPU] batch  137/150 | k=0.99504  <k>=0.99702 +/- 13 pcm
  [GPU] batch  138/150 | k=0.99614  <k>=0.99701 +/- 13 pcm
  [GPU] batch  139/150 | k=0.99861  <k>=0.99702 +/- 13 pcm
  [GPU] batch  140/150 | k=0.99841  <k>=0.99704 +/- 13 pcm
  [GPU] batch  141/150 | k=0.99681  <k>=0.99703 +/- 13 pcm
  [GPU] batch  142/150 | k=0.99597  <k>=0.99703 +/- 13 pcm
  [GPU] batch  143/150 | k=0.99586  <k>=0.99701 +/- 13 pcm
  [GPU] batch  144/150 | k=0.99552  <k>=0.99700 +/- 13 pcm
  [GPU] batch  145/150 | k=0.99801  <k>=0.99701 +/- 13 pcm
  [GPU] batch  146/150 | k=0.99674  <k>=0.99701 +/- 12 pcm
  [GPU] batch  147/150 | k=0.99615  <k>=0.99700 +/- 12 pcm
  [GPU] batch  148/150 | k=0.99579  <k>=0.99699 +/- 12 pcm
  [GPU] batch  149/150 | k=0.99641  <k>=0.99699 +/- 12 pcm
  [GPU] batch  150/150 | k=0.99570  <k>=0.99697 +/- 12 pcm
  heu-met-fast-011 -- seed 2/5 done in 1029.1s: k=0.99697 +/- 0.00012
  heu-met-fast-011 -- seed 3/5 (seed=44) starting
  GPU S(α,β) slot 0 (nuc 22): incoherent elastic, σ_b=81.81 b, W'=12.5036 eV⁻¹
  GPU S(α,β) slot 0 (nuc 22): 109 inc energies, 51971 E_out pts, 831536 mu pts
  GPU S(α,β) slot 1 (nuc 22): incoherent elastic, σ_b=81.81 b, W'=20.3428 eV⁻¹
  GPU S(α,β) slot 1 (nuc 22): 109 inc energies, 64589 E_out pts, 1033424 mu pts
  GPU S(α,β) slot 2 (nuc 22): incoherent elastic, σ_b=81.81 b, W'=22.9667 eV⁻¹
  GPU S(α,β) slot 2 (nuc 22): 109 inc energies, 67675 E_out pts, 1082800 mu pts
  GPU S(α,β) slot 3 (nuc 22): incoherent elastic, σ_b=81.81 b, W'=27.3469 eV⁻¹
  GPU S(α,β) slot 3 (nuc 22): 109 inc energies, 67906 E_out pts, 1086496 mu pts
  GPU S(α,β) slot 4 (nuc 22): incoherent elastic, σ_b=81.81 b, W'=27.8142 eV⁻¹
  GPU S(α,β) slot 4 (nuc 22): 109 inc energies, 67322 E_out pts, 1077152 mu pts
  GPU S(α,β) slot 5 (nuc 22): incoherent elastic, σ_b=81.81 b, W'=28.0336 eV⁻¹
  GPU S(α,β) slot 5 (nuc 22): 109 inc energies, 67392 E_out pts, 1078272 mu pts
  GPU S(α,β) slot 6 (nuc 22): incoherent elastic, σ_b=81.81 b, W'=28.7659 eV⁻¹
  GPU S(α,β) slot 6 (nuc 22): 109 inc energies, 66658 E_out pts, 1066528 mu pts
  GPU S(α,β) slot 7 (nuc 22): incoherent elastic, σ_b=81.81 b, W'=29.5000 eV⁻¹
  GPU S(α,β) slot 7 (nuc 22): 109 inc energies, 66372 E_out pts, 1061952 mu pts
  GPU S(α,β) slot 8 (nuc 22): incoherent elastic, σ_b=81.81 b, W'=30.2358 eV⁻¹
  GPU S(α,β) slot 8 (nuc 22): 109 inc energies, 66313 E_out pts, 1061008 mu pts
  GPU S(α,β) slot 9 (nuc 22): incoherent elastic, σ_b=81.81 b, W'=30.9733 eV⁻¹
  GPU S(α,β) slot 9 (nuc 22): 109 inc energies, 66428 E_out pts, 1062848 mu pts
  GPU S(α,β) slot 10 (nuc 22): incoherent elastic, σ_b=81.81 b, W'=31.4905 eV⁻¹
  GPU S(α,β) slot 10 (nuc 22): 109 inc energies, 66037 E_out pts, 1056592 mu pts
  GPU: WMP payload = 0.0 KB (0 / 23 nuclides covered)
  GPU auto-refill: picked factor=3.48 for particles_per_batch=200000
  [GPU] batch    1/150 | k=0.99978  (inactive)
  [GPU] batch    2/150 | k=0.99319  (inactive)
  [GPU] batch    3/150 | k=0.99418  (inactive)
  [GPU] batch    4/150 | k=0.99558  (inactive)
  [GPU] batch    5/150 | k=0.99334  (inactive)
  [GPU] batch    6/150 | k=0.99506  (inactive)
  [GPU] batch    7/150 | k=0.99686  (inactive)
  [GPU] batch    8/150 | k=0.99812  (inactive)
  [GPU] batch    9/150 | k=0.99661  (inactive)
  [GPU] batch   10/150 | k=0.99820  (inactive)
  [GPU] batch   11/150 | k=0.99791  (inactive)
  [GPU] batch   12/150 | k=0.99464  (inactive)
  [GPU] batch   13/150 | k=0.99621  (inactive)
  [GPU] batch   14/150 | k=0.99570  (inactive)
  [GPU] batch   15/150 | k=0.99370  (inactive)
  [GPU] batch   16/150 | k=0.99616  (inactive)
  [GPU] batch   17/150 | k=0.99527  (inactive)
  [GPU] batch   18/150 | k=0.99565  (inactive)
  [GPU] batch   19/150 | k=0.99618  (inactive)
  [GPU] batch   20/150 | k=0.99709  (inactive)
  [GPU] batch   21/150 | k=0.99571  (inactive)
  [GPU] batch   22/150 | k=0.99463  (inactive)
  [GPU] batch   23/150 | k=0.99818  (inactive)
  [GPU] batch   24/150 | k=0.99749  (inactive)
  [GPU] batch   25/150 | k=0.99618  (inactive)
  [GPU] batch   26/150 | k=0.99678  (inactive)
  [GPU] batch   27/150 | k=0.99773  (inactive)
  [GPU] batch   28/150 | k=0.99634  (inactive)
  [GPU] batch   29/150 | k=0.99564  (inactive)
  [GPU] batch   30/150 | k=0.99539  (inactive)
  [GPU] batch   31/150 | k=0.99591  (1st active)
  [GPU] batch   32/150 | k=0.99641  <k>=0.99616 +/- 25 pcm
  [GPU] batch   33/150 | k=0.99549  <k>=0.99594 +/- 26 pcm
  [GPU] batch   34/150 | k=1.00068  <k>=0.99712 +/- 120 pcm
  [GPU] batch   35/150 | k=0.99590  <k>=0.99688 +/- 96 pcm
  [GPU] batch   36/150 | k=0.99711  <k>=0.99692 +/- 79 pcm
  [GPU] batch   37/150 | k=0.99639  <k>=0.99684 +/- 67 pcm
  [GPU] batch   38/150 | k=0.99842  <k>=0.99704 +/- 61 pcm
  [GPU] batch   39/150 | k=0.99567  <k>=0.99689 +/- 56 pcm
  [GPU] batch   40/150 | k=0.99800  <k>=0.99700 +/- 51 pcm
  [GPU] batch   41/150 | k=0.99477  <k>=0.99680 +/- 51 pcm
  [GPU] batch   42/150 | k=0.99692  <k>=0.99681 +/- 46 pcm
  [GPU] batch   43/150 | k=0.99641  <k>=0.99678 +/- 43 pcm
  [GPU] batch   44/150 | k=0.99666  <k>=0.99677 +/- 40 pcm
  [GPU] batch   45/150 | k=0.99740  <k>=0.99681 +/- 37 pcm
  [GPU] batch   46/150 | k=0.99613  <k>=0.99677 +/- 35 pcm
  [GPU] batch   47/150 | k=0.99527  <k>=0.99668 +/- 34 pcm
  [GPU] batch   48/150 | k=0.99756  <k>=0.99673 +/- 32 pcm
  [GPU] batch   49/150 | k=0.99612  <k>=0.99670 +/- 31 pcm
  [GPU] batch   50/150 | k=0.99442  <k>=0.99658 +/- 31 pcm
  [GPU] batch   51/150 | k=0.99457  <k>=0.99649 +/- 31 pcm
  [GPU] batch   52/150 | k=0.99572  <k>=0.99645 +/- 30 pcm
  [GPU] batch   53/150 | k=0.99619  <k>=0.99644 +/- 29 pcm
  [GPU] batch   54/150 | k=0.99737  <k>=0.99648 +/- 28 pcm
  [GPU] batch   55/150 | k=0.99677  <k>=0.99649 +/- 27 pcm
  [GPU] batch   56/150 | k=0.99726  <k>=0.99652 +/- 26 pcm
  [GPU] batch   57/150 | k=0.99685  <k>=0.99653 +/- 25 pcm
  [GPU] batch   58/150 | k=0.99720  <k>=0.99656 +/- 24 pcm
  [GPU] batch   59/150 | k=0.99610  <k>=0.99654 +/- 23 pcm
  [GPU] batch   60/150 | k=0.99800  <k>=0.99659 +/- 23 pcm
  [GPU] batch   61/150 | k=0.99867  <k>=0.99666 +/- 23 pcm
  [GPU] batch   62/150 | k=0.99775  <k>=0.99669 +/- 23 pcm
  [GPU] batch   63/150 | k=0.99773  <k>=0.99672 +/- 22 pcm
  [GPU] batch   64/150 | k=0.99672  <k>=0.99672 +/- 22 pcm
  [GPU] batch   65/150 | k=0.99646  <k>=0.99671 +/- 21 pcm
  [GPU] batch   66/150 | k=0.99580  <k>=0.99669 +/- 21 pcm
  [GPU] batch   67/150 | k=0.99770  <k>=0.99672 +/- 20 pcm
  [GPU] batch   68/150 | k=0.99776  <k>=0.99674 +/- 20 pcm
  [GPU] batch   69/150 | k=0.99448  <k>=0.99669 +/- 20 pcm
  [GPU] batch   70/150 | k=0.99648  <k>=0.99668 +/- 20 pcm
  [GPU] batch   71/150 | k=0.99530  <k>=0.99665 +/- 19 pcm
  [GPU] batch   72/150 | k=0.99771  <k>=0.99667 +/- 19 pcm
  [GPU] batch   73/150 | k=0.99654  <k>=0.99667 +/- 19 pcm
  [GPU] batch   74/150 | k=0.99789  <k>=0.99670 +/- 19 pcm
  [GPU] batch   75/150 | k=0.99715  <k>=0.99671 +/- 18 pcm
  [GPU] batch   76/150 | k=0.99786  <k>=0.99673 +/- 18 pcm
  [GPU] batch   77/150 | k=0.99788  <k>=0.99676 +/- 18 pcm
  [GPU] batch   78/150 | k=0.99830  <k>=0.99679 +/- 18 pcm
  [GPU] batch   79/150 | k=0.99705  <k>=0.99679 +/- 17 pcm
  [GPU] batch   80/150 | k=0.99656  <k>=0.99679 +/- 17 pcm
  [GPU] batch   81/150 | k=0.99858  <k>=0.99682 +/- 17 pcm
  [GPU] batch   82/150 | k=0.99432  <k>=0.99678 +/- 17 pcm
  [GPU] batch   83/150 | k=0.99717  <k>=0.99678 +/- 17 pcm
  [GPU] batch   84/150 | k=0.99595  <k>=0.99677 +/- 17 pcm
  [GPU] batch   85/150 | k=0.99765  <k>=0.99678 +/- 17 pcm
  [GPU] batch   86/150 | k=0.99524  <k>=0.99676 +/- 16 pcm
  [GPU] batch   87/150 | k=0.99883  <k>=0.99679 +/- 17 pcm
  [GPU] batch   88/150 | k=0.99846  <k>=0.99682 +/- 17 pcm
  [GPU] batch   89/150 | k=0.99534  <k>=0.99680 +/- 16 pcm
  [GPU] batch   90/150 | k=0.99684  <k>=0.99680 +/- 16 pcm
  [GPU] batch   91/150 | k=0.99636  <k>=0.99679 +/- 16 pcm
  [GPU] batch   92/150 | k=0.99635  <k>=0.99678 +/- 16 pcm
  [GPU] batch   93/150 | k=0.99848  <k>=0.99681 +/- 16 pcm
  [GPU] batch   94/150 | k=0.99625  <k>=0.99680 +/- 15 pcm
  [GPU] batch   95/150 | k=0.99585  <k>=0.99679 +/- 15 pcm
  [GPU] batch   96/150 | k=0.99744  <k>=0.99680 +/- 15 pcm
  [GPU] batch   97/150 | k=0.99599  <k>=0.99679 +/- 15 pcm
  [GPU] batch   98/150 | k=0.99877  <k>=0.99681 +/- 15 pcm
  [GPU] batch   99/150 | k=0.99845  <k>=0.99684 +/- 15 pcm
  [GPU] batch  100/150 | k=0.99779  <k>=0.99685 +/- 15 pcm
  [GPU] batch  101/150 | k=0.99778  <k>=0.99686 +/- 15 pcm
  [GPU] batch  102/150 | k=0.99626  <k>=0.99686 +/- 14 pcm
  [GPU] batch  103/150 | k=0.99651  <k>=0.99685 +/- 14 pcm
  [GPU] batch  104/150 | k=0.99592  <k>=0.99684 +/- 14 pcm
  [GPU] batch  105/150 | k=0.99561  <k>=0.99682 +/- 14 pcm
  [GPU] batch  106/150 | k=0.99642  <k>=0.99682 +/- 14 pcm
  [GPU] batch  107/150 | k=0.99694  <k>=0.99682 +/- 14 pcm
  [GPU] batch  108/150 | k=0.99632  <k>=0.99681 +/- 14 pcm
  [GPU] batch  109/150 | k=0.99835  <k>=0.99683 +/- 13 pcm
  [GPU] batch  110/150 | k=0.99872  <k>=0.99686 +/- 14 pcm
  [GPU] batch  111/150 | k=0.99745  <k>=0.99686 +/- 13 pcm
  [GPU] batch  112/150 | k=0.99508  <k>=0.99684 +/- 13 pcm
  [GPU] batch  113/150 | k=0.99647  <k>=0.99684 +/- 13 pcm
  [GPU] batch  114/150 | k=0.99568  <k>=0.99682 +/- 13 pcm
  [GPU] batch  115/150 | k=0.99461  <k>=0.99680 +/- 13 pcm
  [GPU] batch  116/150 | k=0.99692  <k>=0.99680 +/- 13 pcm
  [GPU] batch  117/150 | k=0.99604  <k>=0.99679 +/- 13 pcm
  [GPU] batch  118/150 | k=0.99794  <k>=0.99680 +/- 13 pcm
  [GPU] batch  119/150 | k=0.99868  <k>=0.99682 +/- 13 pcm
  [GPU] batch  120/150 | k=0.99571  <k>=0.99681 +/- 13 pcm
  [GPU] batch  121/150 | k=0.99713  <k>=0.99681 +/- 13 pcm
  [GPU] batch  122/150 | k=0.99473  <k>=0.99679 +/- 13 pcm
  [GPU] batch  123/150 | k=0.99528  <k>=0.99678 +/- 13 pcm
  [GPU] batch  124/150 | k=0.99947  <k>=0.99680 +/- 13 pcm
  [GPU] batch  125/150 | k=0.99557  <k>=0.99679 +/- 13 pcm
  [GPU] batch  126/150 | k=0.99551  <k>=0.99678 +/- 13 pcm
  [GPU] batch  127/150 | k=0.99802  <k>=0.99679 +/- 13 pcm
  [GPU] batch  128/150 | k=0.99344  <k>=0.99676 +/- 13 pcm
  [GPU] batch  129/150 | k=0.99599  <k>=0.99675 +/- 13 pcm
  [GPU] batch  130/150 | k=0.99732  <k>=0.99675 +/- 13 pcm
  [GPU] batch  131/150 | k=0.99566  <k>=0.99674 +/- 13 pcm
  [GPU] batch  132/150 | k=0.99588  <k>=0.99674 +/- 13 pcm
  [GPU] batch  133/150 | k=0.99550  <k>=0.99672 +/- 13 pcm
  [GPU] batch  134/150 | k=0.99642  <k>=0.99672 +/- 12 pcm
  [GPU] batch  135/150 | k=0.99758  <k>=0.99673 +/- 12 pcm
  [GPU] batch  136/150 | k=0.99711  <k>=0.99673 +/- 12 pcm
  [GPU] batch  137/150 | k=0.99526  <k>=0.99672 +/- 12 pcm
  [GPU] batch  138/150 | k=0.99707  <k>=0.99672 +/- 12 pcm
  [GPU] batch  139/150 | k=0.99699  <k>=0.99672 +/- 12 pcm
  [GPU] batch  140/150 | k=0.99651  <k>=0.99672 +/- 12 pcm
  [GPU] batch  141/150 | k=0.99797  <k>=0.99673 +/- 12 pcm
  [GPU] batch  142/150 | k=0.99864  <k>=0.99675 +/- 12 pcm
  [GPU] batch  143/150 | k=1.00092  <k>=0.99679 +/- 12 pcm
  [GPU] batch  144/150 | k=0.99767  <k>=0.99679 +/- 12 pcm
  [GPU] batch  145/150 | k=0.99705  <k>=0.99680 +/- 12 pcm
  [GPU] batch  146/150 | k=0.99651  <k>=0.99679 +/- 12 pcm
  [GPU] batch  147/150 | k=0.99646  <k>=0.99679 +/- 12 pcm
  [GPU] batch  148/150 | k=0.99690  <k>=0.99679 +/- 12 pcm
  [GPU] batch  149/150 | k=0.99492  <k>=0.99678 +/- 12 pcm
  [GPU] batch  150/150 | k=0.99784  <k>=0.99679 +/- 12 pcm
  heu-met-fast-011 -- seed 3/5 done in 1027.6s: k=0.99679 +/- 0.00012
  heu-met-fast-011 -- seed 4/5 (seed=45) starting
  GPU S(α,β) slot 0 (nuc 22): incoherent elastic, σ_b=81.81 b, W'=12.5036 eV⁻¹
  GPU S(α,β) slot 0 (nuc 22): 109 inc energies, 51971 E_out pts, 831536 mu pts
  GPU S(α,β) slot 1 (nuc 22): incoherent elastic, σ_b=81.81 b, W'=20.3428 eV⁻¹
  GPU S(α,β) slot 1 (nuc 22): 109 inc energies, 64589 E_out pts, 1033424 mu pts
  GPU S(α,β) slot 2 (nuc 22): incoherent elastic, σ_b=81.81 b, W'=22.9667 eV⁻¹
  GPU S(α,β) slot 2 (nuc 22): 109 inc energies, 67675 E_out pts, 1082800 mu pts
  GPU S(α,β) slot 3 (nuc 22): incoherent elastic, σ_b=81.81 b, W'=27.3469 eV⁻¹
  GPU S(α,β) slot 3 (nuc 22): 109 inc energies, 67906 E_out pts, 1086496 mu pts
  GPU S(α,β) slot 4 (nuc 22): incoherent elastic, σ_b=81.81 b, W'=27.8142 eV⁻¹
  GPU S(α,β) slot 4 (nuc 22): 109 inc energies, 67322 E_out pts, 1077152 mu pts
  GPU S(α,β) slot 5 (nuc 22): incoherent elastic, σ_b=81.81 b, W'=28.0336 eV⁻¹
  GPU S(α,β) slot 5 (nuc 22): 109 inc energies, 67392 E_out pts, 1078272 mu pts
  GPU S(α,β) slot 6 (nuc 22): incoherent elastic, σ_b=81.81 b, W'=28.7659 eV⁻¹
  GPU S(α,β) slot 6 (nuc 22): 109 inc energies, 66658 E_out pts, 1066528 mu pts
  GPU S(α,β) slot 7 (nuc 22): incoherent elastic, σ_b=81.81 b, W'=29.5000 eV⁻¹
  GPU S(α,β) slot 7 (nuc 22): 109 inc energies, 66372 E_out pts, 1061952 mu pts
  GPU S(α,β) slot 8 (nuc 22): incoherent elastic, σ_b=81.81 b, W'=30.2358 eV⁻¹
  GPU S(α,β) slot 8 (nuc 22): 109 inc energies, 66313 E_out pts, 1061008 mu pts
  GPU S(α,β) slot 9 (nuc 22): incoherent elastic, σ_b=81.81 b, W'=30.9733 eV⁻¹
  GPU S(α,β) slot 9 (nuc 22): 109 inc energies, 66428 E_out pts, 1062848 mu pts
  GPU S(α,β) slot 10 (nuc 22): incoherent elastic, σ_b=81.81 b, W'=31.4905 eV⁻¹
  GPU S(α,β) slot 10 (nuc 22): 109 inc energies, 66037 E_out pts, 1056592 mu pts
  GPU: WMP payload = 0.0 KB (0 / 23 nuclides covered)
  GPU auto-refill: picked factor=3.48 for particles_per_batch=200000
  [GPU] batch    1/150 | k=1.00041  (inactive)
  [GPU] batch    2/150 | k=0.99307  (inactive)
  [GPU] batch    3/150 | k=0.99481  (inactive)
  [GPU] batch    4/150 | k=0.99736  (inactive)
  [GPU] batch    5/150 | k=0.99476  (inactive)
  [GPU] batch    6/150 | k=0.99680  (inactive)
  [GPU] batch    7/150 | k=0.99856  (inactive)
  [GPU] batch    8/150 | k=0.99710  (inactive)
  [GPU] batch    9/150 | k=0.99649  (inactive)
  [GPU] batch   10/150 | k=0.99570  (inactive)
  [GPU] batch   11/150 | k=0.99676  (inactive)
  [GPU] batch   12/150 | k=0.99836  (inactive)
  [GPU] batch   13/150 | k=0.99797  (inactive)
  [GPU] batch   14/150 | k=0.99661  (inactive)
  [GPU] batch   15/150 | k=0.99777  (inactive)
  [GPU] batch   16/150 | k=0.99757  (inactive)
  [GPU] batch   17/150 | k=0.99654  (inactive)
  [GPU] batch   18/150 | k=0.99602  (inactive)
  [GPU] batch   19/150 | k=0.99445  (inactive)
  [GPU] batch   20/150 | k=0.99887  (inactive)
  [GPU] batch   21/150 | k=0.99684  (inactive)
  [GPU] batch   22/150 | k=0.99579  (inactive)
  [GPU] batch   23/150 | k=0.99429  (inactive)
  [GPU] batch   24/150 | k=0.99746  (inactive)
  [GPU] batch   25/150 | k=0.99635  (inactive)
  [GPU] batch   26/150 | k=0.99595  (inactive)
  [GPU] batch   27/150 | k=0.99876  (inactive)
  [GPU] batch   28/150 | k=0.99695  (inactive)
  [GPU] batch   29/150 | k=0.99675  (inactive)
  [GPU] batch   30/150 | k=0.99703  (inactive)
  [GPU] batch   31/150 | k=0.99790  (1st active)
  [GPU] batch   32/150 | k=0.99769  <k>=0.99780 +/- 10 pcm
  [GPU] batch   33/150 | k=0.99726  <k>=0.99762 +/- 19 pcm
  [GPU] batch   34/150 | k=0.99479  <k>=0.99691 +/- 72 pcm
  [GPU] batch   35/150 | k=0.99536  <k>=0.99660 +/- 64 pcm
  [GPU] batch   36/150 | k=0.99826  <k>=0.99688 +/- 59 pcm
  [GPU] batch   37/150 | k=0.99838  <k>=0.99709 +/- 54 pcm
  [GPU] batch   38/150 | k=0.99787  <k>=0.99719 +/- 48 pcm
  [GPU] batch   39/150 | k=0.99552  <k>=0.99700 +/- 46 pcm
  [GPU] batch   40/150 | k=0.99850  <k>=0.99715 +/- 44 pcm
  [GPU] batch   41/150 | k=0.99842  <k>=0.99727 +/- 41 pcm
  [GPU] batch   42/150 | k=0.99701  <k>=0.99725 +/- 38 pcm
  [GPU] batch   43/150 | k=0.99722  <k>=0.99724 +/- 35 pcm
  [GPU] batch   44/150 | k=0.99828  <k>=0.99732 +/- 33 pcm
  [GPU] batch   45/150 | k=0.99950  <k>=0.99746 +/- 34 pcm
  [GPU] batch   46/150 | k=0.99470  <k>=0.99729 +/- 36 pcm
  [GPU] batch   47/150 | k=0.99788  <k>=0.99733 +/- 34 pcm
  [GPU] batch   48/150 | k=0.99685  <k>=0.99730 +/- 32 pcm
  [GPU] batch   49/150 | k=0.99853  <k>=0.99736 +/- 31 pcm
  [GPU] batch   50/150 | k=0.99860  <k>=0.99743 +/- 30 pcm
  [GPU] batch   51/150 | k=0.99724  <k>=0.99742 +/- 29 pcm
  [GPU] batch   52/150 | k=0.99716  <k>=0.99741 +/- 28 pcm
  [GPU] batch   53/150 | k=0.99360  <k>=0.99724 +/- 31 pcm
  [GPU] batch   54/150 | k=0.99845  <k>=0.99729 +/- 30 pcm
  [GPU] batch   55/150 | k=0.99700  <k>=0.99728 +/- 29 pcm
  [GPU] batch   56/150 | k=1.00014  <k>=0.99739 +/- 30 pcm
  [GPU] batch   57/150 | k=0.99665  <k>=0.99736 +/- 29 pcm
  [GPU] batch   58/150 | k=0.99577  <k>=0.99731 +/- 28 pcm
  [GPU] batch   59/150 | k=0.99775  <k>=0.99732 +/- 28 pcm
  [GPU] batch   60/150 | k=0.99756  <k>=0.99733 +/- 27 pcm
  [GPU] batch   61/150 | k=0.99793  <k>=0.99735 +/- 26 pcm
  [GPU] batch   62/150 | k=0.99393  <k>=0.99724 +/- 27 pcm
  [GPU] batch   63/150 | k=0.99741  <k>=0.99725 +/- 26 pcm
  [GPU] batch   64/150 | k=0.99719  <k>=0.99724 +/- 26 pcm
  [GPU] batch   65/150 | k=0.99476  <k>=0.99717 +/- 26 pcm
  [GPU] batch   66/150 | k=0.99876  <k>=0.99722 +/- 25 pcm
  [GPU] batch   67/150 | k=0.99927  <k>=0.99727 +/- 25 pcm
  [GPU] batch   68/150 | k=0.99550  <k>=0.99723 +/- 25 pcm
  [GPU] batch   69/150 | k=0.99712  <k>=0.99722 +/- 24 pcm
  [GPU] batch   70/150 | k=0.99726  <k>=0.99722 +/- 24 pcm
  [GPU] batch   71/150 | k=0.99833  <k>=0.99725 +/- 23 pcm
  [GPU] batch   72/150 | k=0.99812  <k>=0.99727 +/- 23 pcm
  [GPU] batch   73/150 | k=0.99425  <k>=0.99720 +/- 23 pcm
  [GPU] batch   74/150 | k=0.99919  <k>=0.99725 +/- 23 pcm
  [GPU] batch   75/150 | k=0.99623  <k>=0.99722 +/- 23 pcm
  [GPU] batch   76/150 | k=0.99642  <k>=0.99721 +/- 23 pcm
  [GPU] batch   77/150 | k=0.99767  <k>=0.99722 +/- 22 pcm
  [GPU] batch   78/150 | k=0.99568  <k>=0.99718 +/- 22 pcm
  [GPU] batch   79/150 | k=0.99873  <k>=0.99722 +/- 22 pcm
  [GPU] batch   80/150 | k=0.99577  <k>=0.99719 +/- 21 pcm
  [GPU] batch   81/150 | k=0.99561  <k>=0.99716 +/- 21 pcm
  [GPU] batch   82/150 | k=0.99717  <k>=0.99716 +/- 21 pcm
  [GPU] batch   83/150 | k=0.99690  <k>=0.99715 +/- 20 pcm
  [GPU] batch   84/150 | k=0.99507  <k>=0.99711 +/- 20 pcm
  [GPU] batch   85/150 | k=0.99439  <k>=0.99706 +/- 21 pcm
  [GPU] batch   86/150 | k=0.99489  <k>=0.99703 +/- 21 pcm
  [GPU] batch   87/150 | k=0.99859  <k>=0.99705 +/- 20 pcm
  [GPU] batch   88/150 | k=0.99877  <k>=0.99708 +/- 20 pcm
  [GPU] batch   89/150 | k=0.99597  <k>=0.99706 +/- 20 pcm
  [GPU] batch   90/150 | k=0.99618  <k>=0.99705 +/- 20 pcm
  [GPU] batch   91/150 | k=0.99533  <k>=0.99702 +/- 20 pcm
  [GPU] batch   92/150 | k=0.99667  <k>=0.99702 +/- 19 pcm
  [GPU] batch   93/150 | k=0.99761  <k>=0.99702 +/- 19 pcm
  [GPU] batch   94/150 | k=0.99569  <k>=0.99700 +/- 19 pcm
  [GPU] batch   95/150 | k=0.99852  <k>=0.99703 +/- 19 pcm
  [GPU] batch   96/150 | k=0.99810  <k>=0.99704 +/- 18 pcm
  [GPU] batch   97/150 | k=0.99815  <k>=0.99706 +/- 18 pcm
  [GPU] batch   98/150 | k=0.99626  <k>=0.99705 +/- 18 pcm
  [GPU] batch   99/150 | k=0.99677  <k>=0.99704 +/- 18 pcm
  [GPU] batch  100/150 | k=0.99884  <k>=0.99707 +/- 18 pcm
  [GPU] batch  101/150 | k=0.99800  <k>=0.99708 +/- 18 pcm
  [GPU] batch  102/150 | k=0.99669  <k>=0.99708 +/- 17 pcm
  [GPU] batch  103/150 | k=0.99493  <k>=0.99705 +/- 17 pcm
  [GPU] batch  104/150 | k=0.99712  <k>=0.99705 +/- 17 pcm
  [GPU] batch  105/150 | k=0.99540  <k>=0.99703 +/- 17 pcm
  [GPU] batch  106/150 | k=0.99710  <k>=0.99703 +/- 17 pcm
  [GPU] batch  107/150 | k=0.99833  <k>=0.99704 +/- 17 pcm
  [GPU] batch  108/150 | k=0.99709  <k>=0.99705 +/- 16 pcm
  [GPU] batch  109/150 | k=0.99814  <k>=0.99706 +/- 16 pcm
  [GPU] batch  110/150 | k=0.99566  <k>=0.99704 +/- 16 pcm
  [GPU] batch  111/150 | k=0.99663  <k>=0.99704 +/- 16 pcm
  [GPU] batch  112/150 | k=0.99969  <k>=0.99707 +/- 16 pcm
  [GPU] batch  113/150 | k=0.99572  <k>=0.99705 +/- 16 pcm
  [GPU] batch  114/150 | k=0.99812  <k>=0.99707 +/- 16 pcm
  [GPU] batch  115/150 | k=0.99554  <k>=0.99705 +/- 16 pcm
  [GPU] batch  116/150 | k=0.99665  <k>=0.99704 +/- 16 pcm
  [GPU] batch  117/150 | k=0.99868  <k>=0.99706 +/- 16 pcm
  [GPU] batch  118/150 | k=0.99795  <k>=0.99707 +/- 15 pcm
  [GPU] batch  119/150 | k=0.99699  <k>=0.99707 +/- 15 pcm
  [GPU] batch  120/150 | k=0.99827  <k>=0.99708 +/- 15 pcm
  [GPU] batch  121/150 | k=0.99603  <k>=0.99707 +/- 15 pcm
  [GPU] batch  122/150 | k=0.99811  <k>=0.99708 +/- 15 pcm
  [GPU] batch  123/150 | k=0.99722  <k>=0.99709 +/- 15 pcm
  [GPU] batch  124/150 | k=0.99751  <k>=0.99709 +/- 15 pcm
  [GPU] batch  125/150 | k=0.99599  <k>=0.99708 +/- 14 pcm
  [GPU] batch  126/150 | k=0.99850  <k>=0.99709 +/- 14 pcm
  [GPU] batch  127/150 | k=0.99594  <k>=0.99708 +/- 14 pcm
  [GPU] batch  128/150 | k=0.99746  <k>=0.99709 +/- 14 pcm
  [GPU] batch  129/150 | k=0.99678  <k>=0.99708 +/- 14 pcm
  [GPU] batch  130/150 | k=0.99632  <k>=0.99707 +/- 14 pcm
  [GPU] batch  131/150 | k=0.99739  <k>=0.99708 +/- 14 pcm
  [GPU] batch  132/150 | k=0.99428  <k>=0.99705 +/- 14 pcm
  [GPU] batch  133/150 | k=0.99779  <k>=0.99706 +/- 14 pcm
  [GPU] batch  134/150 | k=0.99712  <k>=0.99706 +/- 14 pcm
  [GPU] batch  135/150 | k=0.99819  <k>=0.99707 +/- 14 pcm
  [GPU] batch  136/150 | k=0.99935  <k>=0.99709 +/- 14 pcm
  [GPU] batch  137/150 | k=0.99946  <k>=0.99711 +/- 14 pcm
  [GPU] batch  138/150 | k=0.99689  <k>=0.99711 +/- 13 pcm
  [GPU] batch  139/150 | k=0.99920  <k>=0.99713 +/- 14 pcm
  [GPU] batch  140/150 | k=0.99510  <k>=0.99711 +/- 14 pcm
  [GPU] batch  141/150 | k=0.99646  <k>=0.99711 +/- 13 pcm
  [GPU] batch  142/150 | k=0.99676  <k>=0.99710 +/- 13 pcm
  [GPU] batch  143/150 | k=0.99862  <k>=0.99712 +/- 13 pcm
  [GPU] batch  144/150 | k=0.99759  <k>=0.99712 +/- 13 pcm
  [GPU] batch  145/150 | k=0.99903  <k>=0.99714 +/- 13 pcm
  [GPU] batch  146/150 | k=0.99754  <k>=0.99714 +/- 13 pcm
  [GPU] batch  147/150 | k=0.99810  <k>=0.99715 +/- 13 pcm
  [GPU] batch  148/150 | k=0.99689  <k>=0.99715 +/- 13 pcm
  [GPU] batch  149/150 | k=0.99605  <k>=0.99714 +/- 13 pcm
  [GPU] batch  150/150 | k=0.99368  <k>=0.99711 +/- 13 pcm
  heu-met-fast-011 -- seed 4/5 done in 1025.1s: k=0.99711 +/- 0.00013
  heu-met-fast-011 -- seed 5/5 (seed=46) starting
  GPU S(α,β) slot 0 (nuc 22): incoherent elastic, σ_b=81.81 b, W'=12.5036 eV⁻¹
  GPU S(α,β) slot 0 (nuc 22): 109 inc energies, 51971 E_out pts, 831536 mu pts
  GPU S(α,β) slot 1 (nuc 22): incoherent elastic, σ_b=81.81 b, W'=20.3428 eV⁻¹
  GPU S(α,β) slot 1 (nuc 22): 109 inc energies, 64589 E_out pts, 1033424 mu pts
  GPU S(α,β) slot 2 (nuc 22): incoherent elastic, σ_b=81.81 b, W'=22.9667 eV⁻¹
  GPU S(α,β) slot 2 (nuc 22): 109 inc energies, 67675 E_out pts, 1082800 mu pts
  GPU S(α,β) slot 3 (nuc 22): incoherent elastic, σ_b=81.81 b, W'=27.3469 eV⁻¹
  GPU S(α,β) slot 3 (nuc 22): 109 inc energies, 67906 E_out pts, 1086496 mu pts
  GPU S(α,β) slot 4 (nuc 22): incoherent elastic, σ_b=81.81 b, W'=27.8142 eV⁻¹
  GPU S(α,β) slot 4 (nuc 22): 109 inc energies, 67322 E_out pts, 1077152 mu pts
  GPU S(α,β) slot 5 (nuc 22): incoherent elastic, σ_b=81.81 b, W'=28.0336 eV⁻¹
  GPU S(α,β) slot 5 (nuc 22): 109 inc energies, 67392 E_out pts, 1078272 mu pts
  GPU S(α,β) slot 6 (nuc 22): incoherent elastic, σ_b=81.81 b, W'=28.7659 eV⁻¹
  GPU S(α,β) slot 6 (nuc 22): 109 inc energies, 66658 E_out pts, 1066528 mu pts
  GPU S(α,β) slot 7 (nuc 22): incoherent elastic, σ_b=81.81 b, W'=29.5000 eV⁻¹
  GPU S(α,β) slot 7 (nuc 22): 109 inc energies, 66372 E_out pts, 1061952 mu pts
  GPU S(α,β) slot 8 (nuc 22): incoherent elastic, σ_b=81.81 b, W'=30.2358 eV⁻¹
  GPU S(α,β) slot 8 (nuc 22): 109 inc energies, 66313 E_out pts, 1061008 mu pts
  GPU S(α,β) slot 9 (nuc 22): incoherent elastic, σ_b=81.81 b, W'=30.9733 eV⁻¹
  GPU S(α,β) slot 9 (nuc 22): 109 inc energies, 66428 E_out pts, 1062848 mu pts
  GPU S(α,β) slot 10 (nuc 22): incoherent elastic, σ_b=81.81 b, W'=31.4905 eV⁻¹
  GPU S(α,β) slot 10 (nuc 22): 109 inc energies, 66037 E_out pts, 1056592 mu pts
  GPU: WMP payload = 0.0 KB (0 / 23 nuclides covered)
  GPU auto-refill: picked factor=3.48 for particles_per_batch=200000
  [GPU] batch    1/150 | k=1.00214  (inactive)
  [GPU] batch    2/150 | k=0.99165  (inactive)
  [GPU] batch    3/150 | k=0.99639  (inactive)
  [GPU] batch    4/150 | k=0.99647  (inactive)
  [GPU] batch    5/150 | k=0.99292  (inactive)
  [GPU] batch    6/150 | k=0.99669  (inactive)
  [GPU] batch    7/150 | k=0.99772  (inactive)
  [GPU] batch    8/150 | k=0.99809  (inactive)
  [GPU] batch    9/150 | k=0.99748  (inactive)
  [GPU] batch   10/150 | k=0.99830  (inactive)
  [GPU] batch   11/150 | k=0.99749  (inactive)
  [GPU] batch   12/150 | k=0.99792  (inactive)
  [GPU] batch   13/150 | k=0.99528  (inactive)
  [GPU] batch   14/150 | k=1.00046  (inactive)
  [GPU] batch   15/150 | k=0.99704  (inactive)
  [GPU] batch   16/150 | k=0.99689  (inactive)
  [GPU] batch   17/150 | k=0.99540  (inactive)
  [GPU] batch   18/150 | k=0.99720  (inactive)
  [GPU] batch   19/150 | k=0.99747  (inactive)
  [GPU] batch   20/150 | k=0.99694  (inactive)
  [GPU] batch   21/150 | k=0.99578  (inactive)
  [GPU] batch   22/150 | k=0.99570  (inactive)
  [GPU] batch   23/150 | k=0.99773  (inactive)
  [GPU] batch   24/150 | k=0.99678  (inactive)
  [GPU] batch   25/150 | k=0.99589  (inactive)
  [GPU] batch   26/150 | k=0.99718  (inactive)
  [GPU] batch   27/150 | k=0.99802  (inactive)
  [GPU] batch   28/150 | k=0.99802  (inactive)
  [GPU] batch   29/150 | k=0.99704  (inactive)
  [GPU] batch   30/150 | k=0.99616  (inactive)
  [GPU] batch   31/150 | k=0.99545  (1st active)
  [GPU] batch   32/150 | k=0.99512  <k>=0.99529 +/- 17 pcm
  [GPU] batch   33/150 | k=0.99695  <k>=0.99584 +/- 56 pcm
  [GPU] batch   34/150 | k=0.99832  <k>=0.99646 +/- 74 pcm
  [GPU] batch   35/150 | k=0.99806  <k>=0.99678 +/- 65 pcm
  [GPU] batch   36/150 | k=0.99605  <k>=0.99666 +/- 55 pcm
  [GPU] batch   37/150 | k=0.99899  <k>=0.99699 +/- 57 pcm
  [GPU] batch   38/150 | k=0.99737  <k>=0.99704 +/- 50 pcm
  [GPU] batch   39/150 | k=0.99745  <k>=0.99709 +/- 44 pcm
  [GPU] batch   40/150 | k=0.99650  <k>=0.99703 +/- 40 pcm
  [GPU] batch   41/150 | k=0.99683  <k>=0.99701 +/- 36 pcm
  [GPU] batch   42/150 | k=0.99744  <k>=0.99704 +/- 33 pcm
  [GPU] batch   43/150 | k=0.99864  <k>=0.99717 +/- 33 pcm
  [GPU] batch   44/150 | k=0.99671  <k>=0.99713 +/- 31 pcm
  [GPU] batch   45/150 | k=0.99522  <k>=0.99701 +/- 31 pcm
  [GPU] batch   46/150 | k=0.99774  <k>=0.99705 +/- 30 pcm
  [GPU] batch   47/150 | k=0.99888  <k>=0.99716 +/- 30 pcm
  [GPU] batch   48/150 | k=0.99662  <k>=0.99713 +/- 28 pcm
  [GPU] batch   49/150 | k=0.99693  <k>=0.99712 +/- 27 pcm
  [GPU] batch   50/150 | k=0.99680  <k>=0.99710 +/- 25 pcm
  [GPU] batch   51/150 | k=0.99692  <k>=0.99709 +/- 24 pcm
  [GPU] batch   52/150 | k=0.99734  <k>=0.99711 +/- 23 pcm
  [GPU] batch   53/150 | k=0.99508  <k>=0.99702 +/- 24 pcm
  [GPU] batch   54/150 | k=0.99596  <k>=0.99697 +/- 23 pcm
  [GPU] batch   55/150 | k=0.99727  <k>=0.99699 +/- 22 pcm
  [GPU] batch   56/150 | k=0.99519  <k>=0.99692 +/- 22 pcm
  [GPU] batch   57/150 | k=0.99629  <k>=0.99689 +/- 22 pcm
  [GPU] batch   58/150 | k=0.99641  <k>=0.99688 +/- 21 pcm
  [GPU] batch   59/150 | k=0.99707  <k>=0.99688 +/- 20 pcm
  [GPU] batch   60/150 | k=0.99715  <k>=0.99689 +/- 20 pcm
  [GPU] batch   61/150 | k=0.99771  <k>=0.99692 +/- 19 pcm
  [GPU] batch   62/150 | k=0.99422  <k>=0.99683 +/- 20 pcm
  [GPU] batch   63/150 | k=0.99781  <k>=0.99686 +/- 20 pcm
  [GPU] batch   64/150 | k=0.99797  <k>=0.99690 +/- 20 pcm
  [GPU] batch   65/150 | k=0.99667  <k>=0.99689 +/- 19 pcm
  [GPU] batch   66/150 | k=0.99619  <k>=0.99687 +/- 19 pcm
  [GPU] batch   67/150 | k=0.99731  <k>=0.99688 +/- 18 pcm
  [GPU] batch   68/150 | k=0.99759  <k>=0.99690 +/- 18 pcm
  [GPU] batch   69/150 | k=0.99576  <k>=0.99687 +/- 18 pcm
  [GPU] batch   70/150 | k=0.99758  <k>=0.99689 +/- 17 pcm
  [GPU] batch   71/150 | k=0.99706  <k>=0.99689 +/- 17 pcm
  [GPU] batch   72/150 | k=0.99605  <k>=0.99687 +/- 17 pcm
  [GPU] batch   73/150 | k=0.99633  <k>=0.99686 +/- 16 pcm
  [GPU] batch   74/150 | k=0.99808  <k>=0.99689 +/- 16 pcm
  [GPU] batch   75/150 | k=0.99633  <k>=0.99688 +/- 16 pcm
  [GPU] batch   76/150 | k=0.99864  <k>=0.99691 +/- 16 pcm
  [GPU] batch   77/150 | k=0.99559  <k>=0.99689 +/- 16 pcm
  [GPU] batch   78/150 | k=0.99595  <k>=0.99687 +/- 16 pcm
  [GPU] batch   79/150 | k=0.99530  <k>=0.99683 +/- 16 pcm
  [GPU] batch   80/150 | k=0.99684  <k>=0.99683 +/- 15 pcm
  [GPU] batch   81/150 | k=0.99703  <k>=0.99684 +/- 15 pcm
  [GPU] batch   82/150 | k=0.99728  <k>=0.99685 +/- 15 pcm
  [GPU] batch   83/150 | k=0.99700  <k>=0.99685 +/- 14 pcm
  [GPU] batch   84/150 | k=0.99563  <k>=0.99683 +/- 14 pcm
  [GPU] batch   85/150 | k=0.99803  <k>=0.99685 +/- 14 pcm
  [GPU] batch   86/150 | k=0.99738  <k>=0.99686 +/- 14 pcm
  [GPU] batch   87/150 | k=0.99817  <k>=0.99688 +/- 14 pcm
  [GPU] batch   88/150 | k=0.99697  <k>=0.99688 +/- 14 pcm
  [GPU] batch   89/150 | k=0.99693  <k>=0.99688 +/- 13 pcm
  [GPU] batch   90/150 | k=0.99798  <k>=0.99690 +/- 13 pcm
  [GPU] batch   91/150 | k=0.99654  <k>=0.99690 +/- 13 pcm
  [GPU] batch   92/150 | k=0.99620  <k>=0.99688 +/- 13 pcm
  [GPU] batch   93/150 | k=0.99590  <k>=0.99687 +/- 13 pcm
  [GPU] batch   94/150 | k=0.99725  <k>=0.99688 +/- 13 pcm
  [GPU] batch   95/150 | k=0.99524  <k>=0.99685 +/- 13 pcm
  [GPU] batch   96/150 | k=0.99734  <k>=0.99686 +/- 13 pcm
  [GPU] batch   97/150 | k=0.99805  <k>=0.99688 +/- 13 pcm
  [GPU] batch   98/150 | k=0.99774  <k>=0.99689 +/- 12 pcm
  [GPU] batch   99/150 | k=0.99784  <k>=0.99690 +/- 12 pcm
  [GPU] batch  100/150 | k=0.99773  <k>=0.99691 +/- 12 pcm
  [GPU] batch  101/150 | k=0.99826  <k>=0.99693 +/- 12 pcm
  [GPU] batch  102/150 | k=0.99588  <k>=0.99692 +/- 12 pcm
  [GPU] batch  103/150 | k=0.99541  <k>=0.99690 +/- 12 pcm
  [GPU] batch  104/150 | k=0.99675  <k>=0.99690 +/- 12 pcm
  [GPU] batch  105/150 | k=0.99754  <k>=0.99690 +/- 12 pcm
  [GPU] batch  106/150 | k=0.99905  <k>=0.99693 +/- 12 pcm
  [GPU] batch  107/150 | k=0.99682  <k>=0.99693 +/- 12 pcm
  [GPU] batch  108/150 | k=0.99710  <k>=0.99693 +/- 12 pcm
  [GPU] batch  109/150 | k=0.99520  <k>=0.99691 +/- 12 pcm
  [GPU] batch  110/150 | k=0.99530  <k>=0.99689 +/- 12 pcm
  [GPU] batch  111/150 | k=0.99837  <k>=0.99691 +/- 12 pcm
  [GPU] batch  112/150 | k=0.99947  <k>=0.99694 +/- 12 pcm
  [GPU] batch  113/150 | k=0.99480  <k>=0.99691 +/- 12 pcm
  [GPU] batch  114/150 | k=0.99829  <k>=0.99693 +/- 12 pcm
  [GPU] batch  115/150 | k=0.99405  <k>=0.99690 +/- 12 pcm
  [GPU] batch  116/150 | k=0.99616  <k>=0.99689 +/- 12 pcm
  [GPU] batch  117/150 | k=0.99673  <k>=0.99689 +/- 12 pcm
  [GPU] batch  118/150 | k=0.99908  <k>=0.99691 +/- 12 pcm
  [GPU] batch  119/150 | k=0.99664  <k>=0.99691 +/- 12 pcm
  [GPU] batch  120/150 | k=0.99891  <k>=0.99693 +/- 12 pcm
  [GPU] batch  121/150 | k=1.00085  <k>=0.99697 +/- 13 pcm
  [GPU] batch  122/150 | k=0.99712  <k>=0.99698 +/- 13 pcm
  [GPU] batch  123/150 | k=0.99385  <k>=0.99694 +/- 13 pcm
  [GPU] batch  124/150 | k=0.99833  <k>=0.99696 +/- 13 pcm
  [GPU] batch  125/150 | k=0.99580  <k>=0.99694 +/- 13 pcm
  [GPU] batch  126/150 | k=0.99658  <k>=0.99694 +/- 13 pcm
  [GPU] batch  127/150 | k=0.99547  <k>=0.99693 +/- 13 pcm
  [GPU] batch  128/150 | k=0.99726  <k>=0.99693 +/- 13 pcm
  [GPU] batch  129/150 | k=0.99507  <k>=0.99691 +/- 13 pcm
  [GPU] batch  130/150 | k=0.99698  <k>=0.99691 +/- 12 pcm
  [GPU] batch  131/150 | k=0.99684  <k>=0.99691 +/- 12 pcm
  [GPU] batch  132/150 | k=0.99458  <k>=0.99689 +/- 12 pcm
  [GPU] batch  133/150 | k=0.99556  <k>=0.99687 +/- 12 pcm
  [GPU] batch  134/150 | k=0.99670  <k>=0.99687 +/- 12 pcm
  [GPU] batch  135/150 | k=0.99579  <k>=0.99686 +/- 12 pcm
  [GPU] batch  136/150 | k=0.99695  <k>=0.99686 +/- 12 pcm
  [GPU] batch  137/150 | k=0.99726  <k>=0.99687 +/- 12 pcm
  [GPU] batch  138/150 | k=0.99545  <k>=0.99685 +/- 12 pcm
  [GPU] batch  139/150 | k=0.99758  <k>=0.99686 +/- 12 pcm
  [GPU] batch  140/150 | k=1.00066  <k>=0.99690 +/- 12 pcm
  [GPU] batch  141/150 | k=0.99718  <k>=0.99690 +/- 12 pcm
  [GPU] batch  142/150 | k=0.99770  <k>=0.99690 +/- 12 pcm
  [GPU] batch  143/150 | k=0.99692  <k>=0.99690 +/- 12 pcm
  [GPU] batch  144/150 | k=0.99476  <k>=0.99689 +/- 12 pcm
  [GPU] batch  145/150 | k=0.99711  <k>=0.99689 +/- 12 pcm
  [GPU] batch  146/150 | k=0.99785  <k>=0.99690 +/- 12 pcm
  [GPU] batch  147/150 | k=0.99594  <k>=0.99689 +/- 12 pcm
  [GPU] batch  148/150 | k=0.99635  <k>=0.99688 +/- 12 pcm
  [GPU] batch  149/150 | k=0.99560  <k>=0.99687 +/- 12 pcm
  [GPU] batch  150/150 | k=0.99900  <k>=0.99689 +/- 12 pcm
  heu-met-fast-011 -- seed 5/5 done in 1028.0s: k=0.99689 +/- 0.00012
heu-met-fast-011: PASS -- k=0.99698+/-0.00006, delta=-192pcm, bound=+/-300pcm, 1.28sigma, 5148.3s (5seed x 150b x 30i x 200000p) [32/375]

  stop file E:\git\open_rust_mc\outputs\STOP detected; exiting after 4 case(s).

  Sweep this session in 7962.5 s (132.7 min) (aborted early)
  Result: 4 PASS  |  0 FAIL  |  0 ERROR  (4 ran this session)
  + 28 cases carried over from prior session(s) in E:\git\open_rust_mc\outputs\icsbep_full_gpu.csv

  CSV: E:\git\open_rust_mc\outputs\icsbep_full_gpu.csv
  Plot: outputs\icsbep\plots\icsbep_full_gpu_delta_k_vs_ealf.png  (generating in background)
