  resume: 34 case(s) already in E:\git\open_rust_mc\outputs\icsbep_full_gpu.csv, skipping those
Sweeping 341 case(s) on GPU runner
  CLI overrides: batches=150 (explicit), inactive=30 (explicit), particles=200000 (explicit), seeds=5 (explicit), base_seed=42, rank=15
  Survival bias: ON (default — implicit capture + RR)
  per-case settings: explicit CLI flag > JSON `benchmark.recommended_settings` > built-in default
  preload: 161/161 nuclide weights resolved (4.3s). Top 5: Z=8016@294K*464, Z=26054@294K*413, Z=26056@294K*413, Z=26057@294K*413, Z=26058@294K*413
  CSV (append, flushed per case): E:\git\open_rust_mc\outputs\icsbep_full_gpu.csv
  stop-file (create to terminate gracefully): E:\git\open_rust_mc\outputs\STOP

[1/341] heu-met-fast-014 starting (5seed x 150b x 30i x 200000p)
  heu-met-fast-014 -- seed 1/5 (seed=42) starting
┌─ open_rust_mc — hardware profile ─
│ RAM 61.6 GB, 8p/8l cores, L1 640 KB / L2 1024 KB / L3 98304 KB, GPU 10.0 GB (sm_86)
│ Rayon pool: 8 threads (logical cores). SIMD path: avx2+fma.
│ Host nuclide cache budget: 46.2 GB (75%× detected RAM).
│ GPU bundle cache budget: ≤5.0 GB (50% × 10.0 GB VRAM hard cap; dynamic via cuMemGetInfo).
└──
  Loading E:\git\open_rust_mc\data\endfb-viii.1-hdf5\neutron\Mg24.h5 (rank=15)...
    AWR = 23.779 (6 temps, 3156 energy pts)
    Discrete levels: 12/12 (continuum=true, angle_dists=12)
    Elastic angular dist: 55 energies, CM=true
    Total XS: summed 19 leaf reactions (no MT=3 available)
    MT=2  (elastic)  rank=15
    MT=4  (inelastic) synthetic rank=15 (sum + CDF over 12 levels, CDF=18.8 KB)
    MT=16 (n,2n)     rank=15
    MT=102 (capture) rank=15
    MT=22 (n,nα)    rank=15
    MT=28 (n,np)    rank=15
    Missing channels: max=0.4387 b
    Total XS: summed 19 leaf reactions (no MT=3 available)
    Pointwise XS: 3156 energy pts × 7 channels = 172.6 KB
  Loading E:\git\open_rust_mc\data\endfb-viii.1-hdf5\neutron\Mg25.h5 (rank=15)...
    AWR = 24.771 (6 temps, 1812 energy pts)
    Discrete levels: 18/18 (continuum=true, angle_dists=18)
    Elastic angular dist: 61 energies, CM=true
    Total XS: summed 25 leaf reactions (no MT=3 available)
    MT=2  (elastic)  rank=15
    MT=4  (inelastic) synthetic rank=15 (sum + CDF over 18 levels, CDF=28.2 KB)
    MT=16 (n,2n)     rank=15
    MT=102 (capture) rank=15
    MT=22 (n,nα)    rank=15
    MT=28 (n,np)    rank=15
    Missing channels: max=0.2526 b
    Total XS: summed 25 leaf reactions (no MT=3 available)
    Pointwise XS: 1812 energy pts × 7 channels = 99.1 KB
  Loading E:\git\open_rust_mc\data\endfb-viii.1-hdf5\neutron\Mg26.h5 (rank=15)...
    AWR = 25.759 (6 temps, 1310 energy pts)
    Discrete levels: 14/14 (continuum=true, angle_dists=14)
    Elastic angular dist: 57 energies, CM=true
    Total XS: summed 21 leaf reactions (no MT=3 available)
    MT=2  (elastic)  rank=15
    MT=4  (inelastic) synthetic rank=15 (sum + CDF over 14 levels, CDF=21.9 KB)
    MT=16 (n,2n)     rank=15
    MT=102 (capture) rank=15
    MT=22 (n,nα)    rank=15
    MT=28 (n,np)    rank=15
    Missing channels: max=0.1195 b
    Total XS: summed 21 leaf reactions (no MT=3 available)
    Pointwise XS: 1310 energy pts × 7 channels = 71.6 KB
  GPU transport kernels compiled (8 kernels)
  GPU: WMP payload = 0.0 KB (0 / 27 nuclides covered)
  GPU auto-refill: picked factor=3.48 for particles_per_batch=200000
  [GPU] batch    1/150 | k=0.53962  (inactive)
  [GPU] batch    2/150 | k=1.01500  (inactive)
  [GPU] batch    3/150 | k=0.99536  (inactive)
  [GPU] batch    4/150 | k=0.99612  (inactive)
  [GPU] batch    5/150 | k=0.99396  (inactive)
  [GPU] batch    6/150 | k=0.99746  (inactive)
  [GPU] batch    7/150 | k=0.99762  (inactive)
  [GPU] batch    8/150 | k=0.99793  (inactive)
  [GPU] batch    9/150 | k=0.99962  (inactive)
  [GPU] batch   10/150 | k=0.99690  (inactive)
  [GPU] batch   11/150 | k=0.99860  (inactive)
  [GPU] batch   12/150 | k=0.99727  (inactive)
  [GPU] batch   13/150 | k=0.99555  (inactive)
  [GPU] batch   14/150 | k=0.99916  (inactive)
  [GPU] batch   15/150 | k=0.99748  (inactive)
  [GPU] batch   16/150 | k=0.99447  (inactive)
  [GPU] batch   17/150 | k=0.99707  (inactive)
  [GPU] batch   18/150 | k=0.99936  (inactive)
  [GPU] batch   19/150 | k=0.99338  (inactive)
  [GPU] batch   20/150 | k=0.99558  (inactive)
  [GPU] batch   21/150 | k=0.99583  (inactive)
  [GPU] batch   22/150 | k=0.99584  (inactive)
  [GPU] batch   23/150 | k=0.99745  (inactive)
  [GPU] batch   24/150 | k=0.99739  (inactive)
  [GPU] batch   25/150 | k=0.99659  (inactive)
  [GPU] batch   26/150 | k=0.99699  (inactive)
  [GPU] batch   27/150 | k=0.99697  (inactive)
  [GPU] batch   28/150 | k=0.99753  (inactive)
  [GPU] batch   29/150 | k=0.99623  (inactive)
  [GPU] batch   30/150 | k=0.99691  (inactive)
  [GPU] batch   31/150 | k=0.99714  (1st active)
  [GPU] batch   32/150 | k=0.99811  <k>=0.99762 +/- 48 pcm
  [GPU] batch   33/150 | k=0.99836  <k>=0.99787 +/- 37 pcm
  [GPU] batch   34/150 | k=0.99612  <k>=0.99743 +/- 51 pcm
  [GPU] batch   35/150 | k=0.99500  <k>=0.99694 +/- 63 pcm
  [GPU] batch   36/150 | k=0.99665  <k>=0.99690 +/- 51 pcm
  [GPU] batch   37/150 | k=0.99677  <k>=0.99688 +/- 44 pcm
  [GPU] batch   38/150 | k=0.99767  <k>=0.99698 +/- 39 pcm
  [GPU] batch   39/150 | k=0.99909  <k>=0.99721 +/- 42 pcm
  [GPU] batch   40/150 | k=0.99712  <k>=0.99720 +/- 37 pcm
  [GPU] batch   41/150 | k=0.99685  <k>=0.99717 +/- 34 pcm
  [GPU] batch   42/150 | k=0.99492  <k>=0.99698 +/- 36 pcm
  [GPU] batch   43/150 | k=0.99717  <k>=0.99700 +/- 33 pcm
  [GPU] batch   44/150 | k=0.99942  <k>=0.99717 +/- 35 pcm
  [GPU] batch   45/150 | k=0.99565  <k>=0.99707 +/- 34 pcm
  [GPU] batch   46/150 | k=0.99608  <k>=0.99701 +/- 33 pcm
  [GPU] batch   47/150 | k=0.99650  <k>=0.99698 +/- 31 pcm
  [GPU] batch   48/150 | k=0.99714  <k>=0.99699 +/- 29 pcm
  [GPU] batch   49/150 | k=1.00050  <k>=0.99717 +/- 33 pcm
  [GPU] batch   50/150 | k=1.00074  <k>=0.99735 +/- 36 pcm
  [GPU] batch   51/150 | k=0.99295  <k>=0.99714 +/- 40 pcm
  [GPU] batch   52/150 | k=0.99559  <k>=0.99707 +/- 39 pcm
  [GPU] batch   53/150 | k=0.99882  <k>=0.99715 +/- 38 pcm
  [GPU] batch   54/150 | k=0.99652  <k>=0.99712 +/- 37 pcm
  [GPU] batch   55/150 | k=0.99743  <k>=0.99713 +/- 35 pcm
  [GPU] batch   56/150 | k=0.99794  <k>=0.99716 +/- 34 pcm
  [GPU] batch   57/150 | k=0.99978  <k>=0.99726 +/- 34 pcm
  [GPU] batch   58/150 | k=0.99787  <k>=0.99728 +/- 33 pcm
  [GPU] batch   59/150 | k=0.99491  <k>=0.99720 +/- 33 pcm
  [GPU] batch   60/150 | k=0.99837  <k>=0.99724 +/- 32 pcm
  [GPU] batch   61/150 | k=0.99549  <k>=0.99718 +/- 31 pcm
  [GPU] batch   62/150 | k=0.99707  <k>=0.99718 +/- 30 pcm
  [GPU] batch   63/150 | k=0.99605  <k>=0.99715 +/- 30 pcm
  [GPU] batch   64/150 | k=0.99617  <k>=0.99712 +/- 29 pcm
  [GPU] batch   65/150 | k=0.99680  <k>=0.99711 +/- 28 pcm
  [GPU] batch   66/150 | k=0.99673  <k>=0.99710 +/- 27 pcm
  [GPU] batch   67/150 | k=0.99837  <k>=0.99713 +/- 27 pcm
  [GPU] batch   68/150 | k=0.99765  <k>=0.99715 +/- 26 pcm
  [GPU] batch   69/150 | k=0.99474  <k>=0.99708 +/- 26 pcm
  [GPU] batch   70/150 | k=0.99511  <k>=0.99703 +/- 26 pcm
  [GPU] batch   71/150 | k=0.99738  <k>=0.99704 +/- 25 pcm
  [GPU] batch   72/150 | k=0.99617  <k>=0.99702 +/- 25 pcm
  [GPU] batch   73/150 | k=0.99576  <k>=0.99699 +/- 24 pcm
  [GPU] batch   74/150 | k=0.99618  <k>=0.99697 +/- 24 pcm
  [GPU] batch   75/150 | k=0.99511  <k>=0.99693 +/- 24 pcm
  [GPU] batch   76/150 | k=0.99627  <k>=0.99692 +/- 23 pcm
  [GPU] batch   77/150 | k=0.99618  <k>=0.99690 +/- 23 pcm
  [GPU] batch   78/150 | k=0.99412  <k>=0.99685 +/- 23 pcm
  [GPU] batch   79/150 | k=0.99704  <k>=0.99685 +/- 23 pcm
  [GPU] batch   80/150 | k=0.99621  <k>=0.99684 +/- 22 pcm
  [GPU] batch   81/150 | k=0.99755  <k>=0.99685 +/- 22 pcm
  [GPU] batch   82/150 | k=0.99568  <k>=0.99683 +/- 21 pcm
  [GPU] batch   83/150 | k=0.99696  <k>=0.99683 +/- 21 pcm
  [GPU] batch   84/150 | k=0.99602  <k>=0.99682 +/- 21 pcm
  [GPU] batch   85/150 | k=0.99746  <k>=0.99683 +/- 20 pcm
  [GPU] batch   86/150 | k=0.99537  <k>=0.99680 +/- 20 pcm
  [GPU] batch   87/150 | k=0.99921  <k>=0.99684 +/- 20 pcm
  [GPU] batch   88/150 | k=0.99657  <k>=0.99684 +/- 20 pcm
  [GPU] batch   89/150 | k=0.99978  <k>=0.99689 +/- 20 pcm
  [GPU] batch   90/150 | k=0.99747  <k>=0.99690 +/- 20 pcm
  [GPU] batch   91/150 | k=0.99882  <k>=0.99693 +/- 20 pcm
  [GPU] batch   92/150 | k=0.99571  <k>=0.99691 +/- 20 pcm
  [GPU] batch   93/150 | k=0.99619  <k>=0.99690 +/- 19 pcm
  [GPU] batch   94/150 | k=0.99812  <k>=0.99692 +/- 19 pcm
  [GPU] batch   95/150 | k=0.99598  <k>=0.99690 +/- 19 pcm
  [GPU] batch   96/150 | k=0.99523  <k>=0.99688 +/- 19 pcm
  [GPU] batch   97/150 | k=0.99402  <k>=0.99684 +/- 19 pcm
  [GPU] batch   98/150 | k=0.99619  <k>=0.99683 +/- 19 pcm
  [GPU] batch   99/150 | k=0.99451  <k>=0.99679 +/- 19 pcm
  [GPU] batch  100/150 | k=0.99749  <k>=0.99680 +/- 18 pcm
  [GPU] batch  101/150 | k=0.99607  <k>=0.99679 +/- 18 pcm
  [GPU] batch  102/150 | k=0.99669  <k>=0.99679 +/- 18 pcm
  [GPU] batch  103/150 | k=0.99686  <k>=0.99679 +/- 18 pcm
  [GPU] batch  104/150 | k=0.99619  <k>=0.99678 +/- 18 pcm
  [GPU] batch  105/150 | k=0.99532  <k>=0.99676 +/- 17 pcm
  [GPU] batch  106/150 | k=0.99764  <k>=0.99678 +/- 17 pcm
  [GPU] batch  107/150 | k=0.99718  <k>=0.99678 +/- 17 pcm
  [GPU] batch  108/150 | k=0.99558  <k>=0.99677 +/- 17 pcm
  [GPU] batch  109/150 | k=0.99609  <k>=0.99676 +/- 17 pcm
  [GPU] batch  110/150 | k=0.99755  <k>=0.99677 +/- 16 pcm
  [GPU] batch  111/150 | k=0.99884  <k>=0.99679 +/- 16 pcm
  [GPU] batch  112/150 | k=0.99613  <k>=0.99678 +/- 16 pcm
  [GPU] batch  113/150 | k=0.99650  <k>=0.99678 +/- 16 pcm
  [GPU] batch  114/150 | k=0.99926  <k>=0.99681 +/- 16 pcm
  [GPU] batch  115/150 | k=0.99653  <k>=0.99681 +/- 16 pcm
  [GPU] batch  116/150 | k=0.99635  <k>=0.99680 +/- 16 pcm
  [GPU] batch  117/150 | k=0.99771  <k>=0.99681 +/- 16 pcm
  [GPU] batch  118/150 | k=0.99546  <k>=0.99680 +/- 16 pcm
  [GPU] batch  119/150 | k=0.99628  <k>=0.99679 +/- 15 pcm
  [GPU] batch  120/150 | k=0.99665  <k>=0.99679 +/- 15 pcm
  [GPU] batch  121/150 | k=0.99861  <k>=0.99681 +/- 15 pcm
  [GPU] batch  122/150 | k=0.99583  <k>=0.99680 +/- 15 pcm
  [GPU] batch  123/150 | k=0.99566  <k>=0.99679 +/- 15 pcm
  [GPU] batch  124/150 | k=0.99602  <k>=0.99678 +/- 15 pcm
  [GPU] batch  125/150 | k=0.99728  <k>=0.99678 +/- 15 pcm
  [GPU] batch  126/150 | k=0.99667  <k>=0.99678 +/- 14 pcm
  [GPU] batch  127/150 | k=0.99880  <k>=0.99680 +/- 14 pcm
  [GPU] batch  128/150 | k=0.99644  <k>=0.99680 +/- 14 pcm
  [GPU] batch  129/150 | k=0.99426  <k>=0.99677 +/- 14 pcm
  [GPU] batch  130/150 | k=0.99677  <k>=0.99677 +/- 14 pcm
  [GPU] batch  131/150 | k=0.99676  <k>=0.99677 +/- 14 pcm
  [GPU] batch  132/150 | k=0.99608  <k>=0.99677 +/- 14 pcm
  [GPU] batch  133/150 | k=0.99660  <k>=0.99677 +/- 14 pcm
  [GPU] batch  134/150 | k=0.99625  <k>=0.99676 +/- 14 pcm
  [GPU] batch  135/150 | k=0.99479  <k>=0.99674 +/- 14 pcm
  [GPU] batch  136/150 | k=0.99817  <k>=0.99675 +/- 14 pcm
  [GPU] batch  137/150 | k=0.99709  <k>=0.99676 +/- 14 pcm
  [GPU] batch  138/150 | k=0.99513  <k>=0.99674 +/- 14 pcm
  [GPU] batch  139/150 | k=0.99710  <k>=0.99675 +/- 13 pcm
  [GPU] batch  140/150 | k=0.99678  <k>=0.99675 +/- 13 pcm
  [GPU] batch  141/150 | k=0.99495  <k>=0.99673 +/- 13 pcm
  [GPU] batch  142/150 | k=0.99496  <k>=0.99671 +/- 13 pcm
  [GPU] batch  143/150 | k=0.99577  <k>=0.99671 +/- 13 pcm
  [GPU] batch  144/150 | k=0.99698  <k>=0.99671 +/- 13 pcm
  [GPU] batch  145/150 | k=0.99544  <k>=0.99670 +/- 13 pcm
  [GPU] batch  146/150 | k=0.99732  <k>=0.99670 +/- 13 pcm
  [GPU] batch  147/150 | k=0.99754  <k>=0.99671 +/- 13 pcm
  [GPU] batch  148/150 | k=0.99749  <k>=0.99672 +/- 13 pcm
  [GPU] batch  149/150 | k=0.99571  <k>=0.99671 +/- 13 pcm
  [GPU] batch  150/150 | k=0.99403  <k>=0.99669 +/- 13 pcm
  heu-met-fast-014 -- seed 1/5 done in 264.2s: k=0.99669 +/- 0.00013
  heu-met-fast-014 -- seed 2/5 (seed=43) starting
  GPU: WMP payload = 0.0 KB (0 / 27 nuclides covered)
  GPU auto-refill: picked factor=3.48 for particles_per_batch=200000
  [GPU] batch    1/150 | k=0.54004  (inactive)
  [GPU] batch    2/150 | k=1.01728  (inactive)
  [GPU] batch    3/150 | k=0.99274  (inactive)
  [GPU] batch    4/150 | k=0.99729  (inactive)
  [GPU] batch    5/150 | k=0.99539  (inactive)
  [GPU] batch    6/150 | k=0.99677  (inactive)
  [GPU] batch    7/150 | k=0.99598  (inactive)
  [GPU] batch    8/150 | k=0.99577  (inactive)
  [GPU] batch    9/150 | k=0.99635  (inactive)
  [GPU] batch   10/150 | k=0.99567  (inactive)
  [GPU] batch   11/150 | k=0.99717  (inactive)
  [GPU] batch   12/150 | k=0.99399  (inactive)
  [GPU] batch   13/150 | k=0.99614  (inactive)
  [GPU] batch   14/150 | k=0.99645  (inactive)
  [GPU] batch   15/150 | k=0.99746  (inactive)
  [GPU] batch   16/150 | k=0.99638  (inactive)
  [GPU] batch   17/150 | k=0.99799  (inactive)
  [GPU] batch   18/150 | k=0.99704  (inactive)
  [GPU] batch   19/150 | k=0.99903  (inactive)
  [GPU] batch   20/150 | k=0.99833  (inactive)
  [GPU] batch   21/150 | k=0.99715  (inactive)
  [GPU] batch   22/150 | k=0.99528  (inactive)
  [GPU] batch   23/150 | k=0.99571  (inactive)
  [GPU] batch   24/150 | k=0.99911  (inactive)
  [GPU] batch   25/150 | k=0.99495  (inactive)
  [GPU] batch   26/150 | k=0.99887  (inactive)
  [GPU] batch   27/150 | k=0.99754  (inactive)
  [GPU] batch   28/150 | k=0.99615  (inactive)
  [GPU] batch   29/150 | k=0.99645  (inactive)
  [GPU] batch   30/150 | k=0.99734  (inactive)
  [GPU] batch   31/150 | k=0.99766  (1st active)
  [GPU] batch   32/150 | k=0.99663  <k>=0.99715 +/- 52 pcm
  [GPU] batch   33/150 | k=0.99519  <k>=0.99649 +/- 72 pcm
  [GPU] batch   34/150 | k=0.99430  <k>=0.99595 +/- 75 pcm
  [GPU] batch   35/150 | k=0.99470  <k>=0.99570 +/- 63 pcm
  [GPU] batch   36/150 | k=0.99741  <k>=0.99598 +/- 59 pcm
  [GPU] batch   37/150 | k=0.99805  <k>=0.99628 +/- 58 pcm
  [GPU] batch   38/150 | k=0.99820  <k>=0.99652 +/- 56 pcm
  [GPU] batch   39/150 | k=0.99820  <k>=0.99671 +/- 52 pcm
  [GPU] batch   40/150 | k=0.99372  <k>=0.99641 +/- 56 pcm
  [GPU] batch   41/150 | k=0.99899  <k>=0.99664 +/- 56 pcm
  [GPU] batch   42/150 | k=0.99589  <k>=0.99658 +/- 51 pcm
  [GPU] batch   43/150 | k=0.99650  <k>=0.99657 +/- 47 pcm
  [GPU] batch   44/150 | k=0.99800  <k>=0.99668 +/- 45 pcm
  [GPU] batch   45/150 | k=0.99940  <k>=0.99686 +/- 45 pcm
  [GPU] batch   46/150 | k=0.99514  <k>=0.99675 +/- 44 pcm
  [GPU] batch   47/150 | k=0.99832  <k>=0.99684 +/- 42 pcm
  [GPU] batch   48/150 | k=0.99709  <k>=0.99686 +/- 40 pcm
  [GPU] batch   49/150 | k=0.99711  <k>=0.99687 +/- 38 pcm
  [GPU] batch   50/150 | k=0.99620  <k>=0.99684 +/- 36 pcm
  [GPU] batch   51/150 | k=0.99866  <k>=0.99692 +/- 35 pcm
  [GPU] batch   52/150 | k=0.99514  <k>=0.99684 +/- 35 pcm
  [GPU] batch   53/150 | k=0.99787  <k>=0.99689 +/- 33 pcm
  [GPU] batch   54/150 | k=0.99816  <k>=0.99694 +/- 32 pcm
  [GPU] batch   55/150 | k=0.99744  <k>=0.99696 +/- 31 pcm
  [GPU] batch   56/150 | k=0.99653  <k>=0.99694 +/- 30 pcm
  [GPU] batch   57/150 | k=0.99631  <k>=0.99692 +/- 29 pcm
  [GPU] batch   58/150 | k=0.99619  <k>=0.99689 +/- 28 pcm
  [GPU] batch   59/150 | k=0.99618  <k>=0.99687 +/- 27 pcm
  [GPU] batch   60/150 | k=0.99705  <k>=0.99688 +/- 26 pcm
  [GPU] batch   61/150 | k=0.99690  <k>=0.99688 +/- 25 pcm
  [GPU] batch   62/150 | k=0.99555  <k>=0.99683 +/- 25 pcm
  [GPU] batch   63/150 | k=0.99847  <k>=0.99688 +/- 25 pcm
  [GPU] batch   64/150 | k=0.99657  <k>=0.99688 +/- 24 pcm
  [GPU] batch   65/150 | k=0.99899  <k>=0.99694 +/- 24 pcm
  [GPU] batch   66/150 | k=0.99807  <k>=0.99697 +/- 23 pcm
  [GPU] batch   67/150 | k=0.99696  <k>=0.99697 +/- 23 pcm
  [GPU] batch   68/150 | k=0.99698  <k>=0.99697 +/- 22 pcm
  [GPU] batch   69/150 | k=0.99455  <k>=0.99691 +/- 23 pcm
  [GPU] batch   70/150 | k=0.99673  <k>=0.99690 +/- 22 pcm
  [GPU] batch   71/150 | k=0.99494  <k>=0.99685 +/- 22 pcm
  [GPU] batch   72/150 | k=0.99726  <k>=0.99686 +/- 21 pcm
  [GPU] batch   73/150 | k=0.99574  <k>=0.99684 +/- 21 pcm
  [GPU] batch   74/150 | k=0.99849  <k>=0.99687 +/- 21 pcm
  [GPU] batch   75/150 | k=0.99676  <k>=0.99687 +/- 20 pcm
  [GPU] batch   76/150 | k=0.99621  <k>=0.99686 +/- 20 pcm
  [GPU] batch   77/150 | k=0.99690  <k>=0.99686 +/- 20 pcm
  [GPU] batch   78/150 | k=0.99673  <k>=0.99686 +/- 19 pcm
  [GPU] batch   79/150 | k=0.99721  <k>=0.99686 +/- 19 pcm
  [GPU] batch   80/150 | k=0.99524  <k>=0.99683 +/- 19 pcm
  [GPU] batch   81/150 | k=0.99908  <k>=0.99687 +/- 19 pcm
  [GPU] batch   82/150 | k=0.99616  <k>=0.99686 +/- 19 pcm
  [GPU] batch   83/150 | k=0.99758  <k>=0.99687 +/- 18 pcm
  [GPU] batch   84/150 | k=0.99732  <k>=0.99688 +/- 18 pcm
  [GPU] batch   85/150 | k=0.99745  <k>=0.99689 +/- 18 pcm
  [GPU] batch   86/150 | k=0.99757  <k>=0.99691 +/- 17 pcm
  [GPU] batch   87/150 | k=0.99940  <k>=0.99695 +/- 18 pcm
  [GPU] batch   88/150 | k=0.99608  <k>=0.99693 +/- 17 pcm
  [GPU] batch   89/150 | k=0.99706  <k>=0.99694 +/- 17 pcm
  [GPU] batch   90/150 | k=0.99637  <k>=0.99693 +/- 17 pcm
  [GPU] batch   91/150 | k=0.99786  <k>=0.99694 +/- 17 pcm
  [GPU] batch   92/150 | k=0.99550  <k>=0.99692 +/- 17 pcm
  [GPU] batch   93/150 | k=0.99651  <k>=0.99691 +/- 16 pcm
  [GPU] batch   94/150 | k=0.99768  <k>=0.99692 +/- 16 pcm
  [GPU] batch   95/150 | k=0.99591  <k>=0.99691 +/- 16 pcm
  [GPU] batch   96/150 | k=0.99521  <k>=0.99688 +/- 16 pcm
  [GPU] batch   97/150 | k=0.99645  <k>=0.99688 +/- 16 pcm
  [GPU] batch   98/150 | k=0.99502  <k>=0.99685 +/- 16 pcm
  [GPU] batch   99/150 | k=0.99490  <k>=0.99682 +/- 16 pcm
  [GPU] batch  100/150 | k=0.99939  <k>=0.99686 +/- 16 pcm
  [GPU] batch  101/150 | k=0.99780  <k>=0.99687 +/- 16 pcm
  [GPU] batch  102/150 | k=0.99539  <k>=0.99685 +/- 16 pcm
  [GPU] batch  103/150 | k=0.99697  <k>=0.99685 +/- 15 pcm
  [GPU] batch  104/150 | k=0.99561  <k>=0.99683 +/- 15 pcm
  [GPU] batch  105/150 | k=0.99751  <k>=0.99684 +/- 15 pcm
  [GPU] batch  106/150 | k=0.99611  <k>=0.99683 +/- 15 pcm
  [GPU] batch  107/150 | k=0.99837  <k>=0.99685 +/- 15 pcm
  [GPU] batch  108/150 | k=0.99626  <k>=0.99685 +/- 15 pcm
  [GPU] batch  109/150 | k=0.99875  <k>=0.99687 +/- 15 pcm
  [GPU] batch  110/150 | k=0.99804  <k>=0.99689 +/- 15 pcm
  [GPU] batch  111/150 | k=0.99544  <k>=0.99687 +/- 15 pcm
  [GPU] batch  112/150 | k=0.99693  <k>=0.99687 +/- 14 pcm
  [GPU] batch  113/150 | k=0.99641  <k>=0.99686 +/- 14 pcm
  [GPU] batch  114/150 | k=0.99673  <k>=0.99686 +/- 14 pcm
  [GPU] batch  115/150 | k=0.99829  <k>=0.99688 +/- 14 pcm
  [GPU] batch  116/150 | k=0.99518  <k>=0.99686 +/- 14 pcm
  [GPU] batch  117/150 | k=0.99766  <k>=0.99687 +/- 14 pcm
  [GPU] batch  118/150 | k=0.99652  <k>=0.99686 +/- 14 pcm
  [GPU] batch  119/150 | k=0.99647  <k>=0.99686 +/- 14 pcm
  [GPU] batch  120/150 | k=0.99711  <k>=0.99686 +/- 13 pcm
  [GPU] batch  121/150 | k=0.99777  <k>=0.99687 +/- 13 pcm
  [GPU] batch  122/150 | k=0.99768  <k>=0.99688 +/- 13 pcm
  [GPU] batch  123/150 | k=0.99703  <k>=0.99688 +/- 13 pcm
  [GPU] batch  124/150 | k=0.99451  <k>=0.99686 +/- 13 pcm
  [GPU] batch  125/150 | k=0.99687  <k>=0.99686 +/- 13 pcm
  [GPU] batch  126/150 | k=0.99761  <k>=0.99686 +/- 13 pcm
  [GPU] batch  127/150 | k=0.99954  <k>=0.99689 +/- 13 pcm
  [GPU] batch  128/150 | k=0.99764  <k>=0.99690 +/- 13 pcm
  [GPU] batch  129/150 | k=0.99853  <k>=0.99692 +/- 13 pcm
  [GPU] batch  130/150 | k=0.99909  <k>=0.99694 +/- 13 pcm
  [GPU] batch  131/150 | k=0.99384  <k>=0.99691 +/- 13 pcm
  [GPU] batch  132/150 | k=0.99510  <k>=0.99689 +/- 13 pcm
  [GPU] batch  133/150 | k=0.99615  <k>=0.99688 +/- 13 pcm
  [GPU] batch  134/150 | k=0.99533  <k>=0.99687 +/- 13 pcm
  [GPU] batch  135/150 | k=0.99766  <k>=0.99688 +/- 13 pcm
  [GPU] batch  136/150 | k=0.99864  <k>=0.99689 +/- 13 pcm
  [GPU] batch  137/150 | k=0.99806  <k>=0.99690 +/- 13 pcm
  [GPU] batch  138/150 | k=0.99701  <k>=0.99690 +/- 13 pcm
  [GPU] batch  139/150 | k=0.99581  <k>=0.99689 +/- 13 pcm
  [GPU] batch  140/150 | k=0.99961  <k>=0.99692 +/- 13 pcm
  [GPU] batch  141/150 | k=0.99784  <k>=0.99693 +/- 13 pcm
  [GPU] batch  142/150 | k=0.99613  <k>=0.99692 +/- 13 pcm
  [GPU] batch  143/150 | k=0.99667  <k>=0.99692 +/- 12 pcm
  [GPU] batch  144/150 | k=0.99624  <k>=0.99691 +/- 12 pcm
  [GPU] batch  145/150 | k=0.99493  <k>=0.99689 +/- 12 pcm
  [GPU] batch  146/150 | k=0.99651  <k>=0.99689 +/- 12 pcm
  [GPU] batch  147/150 | k=0.99524  <k>=0.99688 +/- 12 pcm
  [GPU] batch  148/150 | k=0.99647  <k>=0.99687 +/- 12 pcm
  [GPU] batch  149/150 | k=0.99657  <k>=0.99687 +/- 12 pcm
  [GPU] batch  150/150 | k=0.99701  <k>=0.99687 +/- 12 pcm
  heu-met-fast-014 -- seed 2/5 done in 244.5s: k=0.99687 +/- 0.00012
  heu-met-fast-014 -- seed 3/5 (seed=44) starting
  GPU: WMP payload = 0.0 KB (0 / 27 nuclides covered)
  GPU auto-refill: picked factor=3.48 for particles_per_batch=200000
  [GPU] batch    1/150 | k=0.54048  (inactive)
  [GPU] batch    2/150 | k=1.01562  (inactive)
  [GPU] batch    3/150 | k=0.99661  (inactive)
  [GPU] batch    4/150 | k=0.99505  (inactive)
  [GPU] batch    5/150 | k=0.99456  (inactive)
  [GPU] batch    6/150 | k=0.99820  (inactive)
  [GPU] batch    7/150 | k=0.99623  (inactive)
  [GPU] batch    8/150 | k=0.99798  (inactive)
  [GPU] batch    9/150 | k=0.99606  (inactive)
  [GPU] batch   10/150 | k=0.99831  (inactive)
  [GPU] batch   11/150 | k=0.99608  (inactive)
  [GPU] batch   12/150 | k=0.99523  (inactive)
  [GPU] batch   13/150 | k=0.99714  (inactive)
  [GPU] batch   14/150 | k=0.99736  (inactive)
  [GPU] batch   15/150 | k=0.99561  (inactive)
  [GPU] batch   16/150 | k=0.99667  (inactive)
  [GPU] batch   17/150 | k=0.99749  (inactive)
  [GPU] batch   18/150 | k=0.99509  (inactive)
  [GPU] batch   19/150 | k=0.99507  (inactive)
  [GPU] batch   20/150 | k=0.99573  (inactive)
  [GPU] batch   21/150 | k=0.99749  (inactive)
  [GPU] batch   22/150 | k=0.99502  (inactive)
  [GPU] batch   23/150 | k=0.99887  (inactive)
  [GPU] batch   24/150 | k=0.99629  (inactive)
  [GPU] batch   25/150 | k=0.99371  (inactive)
  [GPU] batch   26/150 | k=0.99730  (inactive)
  [GPU] batch   27/150 | k=0.99562  (inactive)
  [GPU] batch   28/150 | k=0.99652  (inactive)
  [GPU] batch   29/150 | k=0.99599  (inactive)
  [GPU] batch   30/150 | k=0.99875  (inactive)
  [GPU] batch   31/150 | k=0.99705  (1st active)
  [GPU] batch   32/150 | k=0.99694  <k>=0.99700 +/- 5 pcm
  [GPU] batch   33/150 | k=0.99678  <k>=0.99692 +/- 8 pcm
  [GPU] batch   34/150 | k=0.99712  <k>=0.99697 +/- 7 pcm
  [GPU] batch   35/150 | k=0.99686  <k>=0.99695 +/- 6 pcm
  [GPU] batch   36/150 | k=0.99781  <k>=0.99709 +/- 15 pcm
  [GPU] batch   37/150 | k=0.99603  <k>=0.99694 +/- 20 pcm
  [GPU] batch   38/150 | k=0.99725  <k>=0.99698 +/- 18 pcm
  [GPU] batch   39/150 | k=0.99528  <k>=0.99679 +/- 24 pcm
  [GPU] batch   40/150 | k=0.99732  <k>=0.99684 +/- 23 pcm
  [GPU] batch   41/150 | k=0.99464  <k>=0.99664 +/- 29 pcm
  [GPU] batch   42/150 | k=0.99599  <k>=0.99659 +/- 27 pcm
  [GPU] batch   43/150 | k=0.99602  <k>=0.99655 +/- 25 pcm
  [GPU] batch   44/150 | k=0.99566  <k>=0.99648 +/- 24 pcm
  [GPU] batch   45/150 | k=0.99817  <k>=0.99659 +/- 25 pcm
  [GPU] batch   46/150 | k=0.99861  <k>=0.99672 +/- 26 pcm
  [GPU] batch   47/150 | k=0.99778  <k>=0.99678 +/- 26 pcm
  [GPU] batch   48/150 | k=0.99307  <k>=0.99658 +/- 32 pcm
  [GPU] batch   49/150 | k=0.99677  <k>=0.99659 +/- 30 pcm
  [GPU] batch   50/150 | k=0.99693  <k>=0.99660 +/- 29 pcm
  [GPU] batch   51/150 | k=0.99771  <k>=0.99666 +/- 28 pcm
  [GPU] batch   52/150 | k=0.99725  <k>=0.99668 +/- 27 pcm
  [GPU] batch   53/150 | k=0.99903  <k>=0.99679 +/- 27 pcm
  [GPU] batch   54/150 | k=0.99500  <k>=0.99671 +/- 27 pcm
  [GPU] batch   55/150 | k=0.99649  <k>=0.99670 +/- 26 pcm
  [GPU] batch   56/150 | k=0.99740  <k>=0.99673 +/- 25 pcm
  [GPU] batch   57/150 | k=0.99577  <k>=0.99669 +/- 25 pcm
  [GPU] batch   58/150 | k=0.99487  <k>=0.99663 +/- 25 pcm
  [GPU] batch   59/150 | k=0.99738  <k>=0.99665 +/- 24 pcm
  [GPU] batch   60/150 | k=0.99612  <k>=0.99664 +/- 23 pcm
  [GPU] batch   61/150 | k=0.99501  <k>=0.99658 +/- 23 pcm
  [GPU] batch   62/150 | k=1.00030  <k>=0.99670 +/- 25 pcm
  [GPU] batch   63/150 | k=1.00181  <k>=0.99685 +/- 29 pcm
  [GPU] batch   64/150 | k=0.99890  <k>=0.99691 +/- 29 pcm
  [GPU] batch   65/150 | k=0.99637  <k>=0.99690 +/- 28 pcm
  [GPU] batch   66/150 | k=0.99818  <k>=0.99693 +/- 27 pcm
  [GPU] batch   67/150 | k=0.99855  <k>=0.99698 +/- 27 pcm
  [GPU] batch   68/150 | k=0.99614  <k>=0.99696 +/- 26 pcm
  [GPU] batch   69/150 | k=0.99816  <k>=0.99699 +/- 26 pcm
  [GPU] batch   70/150 | k=0.99746  <k>=0.99700 +/- 25 pcm
  [GPU] batch   71/150 | k=0.99811  <k>=0.99703 +/- 25 pcm
  [GPU] batch   72/150 | k=0.99785  <k>=0.99705 +/- 24 pcm
  [GPU] batch   73/150 | k=0.99819  <k>=0.99707 +/- 24 pcm
  [GPU] batch   74/150 | k=0.99480  <k>=0.99702 +/- 24 pcm
  [GPU] batch   75/150 | k=0.99468  <k>=0.99697 +/- 24 pcm
  [GPU] batch   76/150 | k=0.99586  <k>=0.99694 +/- 23 pcm
  [GPU] batch   77/150 | k=0.99478  <k>=0.99690 +/- 23 pcm
  [GPU] batch   78/150 | k=0.99701  <k>=0.99690 +/- 23 pcm
  [GPU] batch   79/150 | k=0.99816  <k>=0.99693 +/- 23 pcm
  [GPU] batch   80/150 | k=0.99686  <k>=0.99692 +/- 22 pcm
  [GPU] batch   81/150 | k=1.00051  <k>=0.99700 +/- 23 pcm
  [GPU] batch   82/150 | k=0.99686  <k>=0.99699 +/- 22 pcm
  [GPU] batch   83/150 | k=0.99683  <k>=0.99699 +/- 22 pcm
  [GPU] batch   84/150 | k=0.99691  <k>=0.99699 +/- 21 pcm
  [GPU] batch   85/150 | k=0.99581  <k>=0.99697 +/- 21 pcm
  [GPU] batch   86/150 | k=0.99508  <k>=0.99693 +/- 21 pcm
  [GPU] batch   87/150 | k=0.99711  <k>=0.99694 +/- 21 pcm
  [GPU] batch   88/150 | k=0.99834  <k>=0.99696 +/- 20 pcm
  [GPU] batch   89/150 | k=0.99186  <k>=0.99687 +/- 22 pcm
  [GPU] batch   90/150 | k=0.99573  <k>=0.99685 +/- 22 pcm
  [GPU] batch   91/150 | k=0.99629  <k>=0.99685 +/- 21 pcm
  [GPU] batch   92/150 | k=0.99379  <k>=0.99680 +/- 22 pcm
  [GPU] batch   93/150 | k=0.99903  <k>=0.99683 +/- 21 pcm
  [GPU] batch   94/150 | k=0.99542  <k>=0.99681 +/- 21 pcm
  [GPU] batch   95/150 | k=0.99737  <k>=0.99682 +/- 21 pcm
  [GPU] batch   96/150 | k=0.99646  <k>=0.99681 +/- 21 pcm
  [GPU] batch   97/150 | k=0.99742  <k>=0.99682 +/- 20 pcm
  [GPU] batch   98/150 | k=0.99674  <k>=0.99682 +/- 20 pcm
  [GPU] batch   99/150 | k=0.99693  <k>=0.99682 +/- 20 pcm
  [GPU] batch  100/150 | k=1.00008  <k>=0.99687 +/- 20 pcm
  [GPU] batch  101/150 | k=0.99396  <k>=0.99683 +/- 20 pcm
  [GPU] batch  102/150 | k=0.99620  <k>=0.99682 +/- 20 pcm
  [GPU] batch  103/150 | k=0.99610  <k>=0.99681 +/- 20 pcm
  [GPU] batch  104/150 | k=0.99619  <k>=0.99680 +/- 19 pcm
  [GPU] batch  105/150 | k=0.99668  <k>=0.99680 +/- 19 pcm
  [GPU] batch  106/150 | k=0.99543  <k>=0.99678 +/- 19 pcm
  [GPU] batch  107/150 | k=0.99726  <k>=0.99679 +/- 19 pcm
  [GPU] batch  108/150 | k=0.99864  <k>=0.99681 +/- 19 pcm
  [GPU] batch  109/150 | k=0.99538  <k>=0.99679 +/- 18 pcm
  [GPU] batch  110/150 | k=0.99689  <k>=0.99679 +/- 18 pcm
  [GPU] batch  111/150 | k=0.99545  <k>=0.99678 +/- 18 pcm
  [GPU] batch  112/150 | k=0.99574  <k>=0.99676 +/- 18 pcm
  [GPU] batch  113/150 | k=0.99621  <k>=0.99676 +/- 18 pcm
  [GPU] batch  114/150 | k=0.99526  <k>=0.99674 +/- 18 pcm
  [GPU] batch  115/150 | k=0.99713  <k>=0.99674 +/- 17 pcm
  [GPU] batch  116/150 | k=0.99560  <k>=0.99673 +/- 17 pcm
  [GPU] batch  117/150 | k=0.99560  <k>=0.99672 +/- 17 pcm
  [GPU] batch  118/150 | k=0.99485  <k>=0.99670 +/- 17 pcm
  [GPU] batch  119/150 | k=0.99515  <k>=0.99668 +/- 17 pcm
  [GPU] batch  120/150 | k=0.99816  <k>=0.99670 +/- 17 pcm
  [GPU] batch  121/150 | k=0.99588  <k>=0.99669 +/- 17 pcm
  [GPU] batch  122/150 | k=0.99611  <k>=0.99668 +/- 16 pcm
  [GPU] batch  123/150 | k=0.99797  <k>=0.99669 +/- 16 pcm
  [GPU] batch  124/150 | k=0.99622  <k>=0.99669 +/- 16 pcm
  [GPU] batch  125/150 | k=0.99496  <k>=0.99667 +/- 16 pcm
  [GPU] batch  126/150 | k=0.99748  <k>=0.99668 +/- 16 pcm
  [GPU] batch  127/150 | k=0.99641  <k>=0.99668 +/- 16 pcm
  [GPU] batch  128/150 | k=0.99616  <k>=0.99667 +/- 16 pcm
  [GPU] batch  129/150 | k=0.99632  <k>=0.99667 +/- 16 pcm
  [GPU] batch  130/150 | k=0.99816  <k>=0.99668 +/- 15 pcm
  [GPU] batch  131/150 | k=0.99779  <k>=0.99669 +/- 15 pcm
  [GPU] batch  132/150 | k=0.99563  <k>=0.99668 +/- 15 pcm
  [GPU] batch  133/150 | k=0.99589  <k>=0.99668 +/- 15 pcm
  [GPU] batch  134/150 | k=0.99728  <k>=0.99668 +/- 15 pcm
  [GPU] batch  135/150 | k=0.99681  <k>=0.99668 +/- 15 pcm
  [GPU] batch  136/150 | k=0.99703  <k>=0.99669 +/- 15 pcm
  [GPU] batch  137/150 | k=0.99690  <k>=0.99669 +/- 15 pcm
  [GPU] batch  138/150 | k=0.99580  <k>=0.99668 +/- 14 pcm
  [GPU] batch  139/150 | k=0.99785  <k>=0.99669 +/- 14 pcm
  [GPU] batch  140/150 | k=0.99478  <k>=0.99667 +/- 14 pcm
  [GPU] batch  141/150 | k=0.99709  <k>=0.99668 +/- 14 pcm
  [GPU] batch  142/150 | k=0.99749  <k>=0.99668 +/- 14 pcm
  [GPU] batch  143/150 | k=0.99375  <k>=0.99666 +/- 14 pcm
  [GPU] batch  144/150 | k=0.99888  <k>=0.99668 +/- 14 pcm
  [GPU] batch  145/150 | k=0.99849  <k>=0.99669 +/- 14 pcm
  [GPU] batch  146/150 | k=0.99454  <k>=0.99668 +/- 14 pcm
  [GPU] batch  147/150 | k=0.99678  <k>=0.99668 +/- 14 pcm
  [GPU] batch  148/150 | k=0.99628  <k>=0.99667 +/- 14 pcm
  [GPU] batch  149/150 | k=0.99775  <k>=0.99668 +/- 14 pcm
  [GPU] batch  150/150 | k=0.99810  <k>=0.99669 +/- 14 pcm
  heu-met-fast-014 -- seed 3/5 done in 244.3s: k=0.99669 +/- 0.00014
  heu-met-fast-014 -- seed 4/5 (seed=45) starting
  GPU: WMP payload = 0.0 KB (0 / 27 nuclides covered)
  GPU auto-refill: picked factor=3.48 for particles_per_batch=200000
  [GPU] batch    1/150 | k=0.54114  (inactive)
  [GPU] batch    2/150 | k=1.01631  (inactive)
  [GPU] batch    3/150 | k=0.99646  (inactive)
  [GPU] batch    4/150 | k=0.99707  (inactive)
  [GPU] batch    5/150 | k=0.99447  (inactive)
  [GPU] batch    6/150 | k=0.99616  (inactive)
  [GPU] batch    7/150 | k=0.99524  (inactive)
  [GPU] batch    8/150 | k=0.99691  (inactive)
  [GPU] batch    9/150 | k=0.99912  (inactive)
  [GPU] batch   10/150 | k=0.99719  (inactive)
  [GPU] batch   11/150 | k=0.99565  (inactive)
  [GPU] batch   12/150 | k=0.99750  (inactive)
  [GPU] batch   13/150 | k=0.99988  (inactive)
  [GPU] batch   14/150 | k=0.99420  (inactive)
  [GPU] batch   15/150 | k=0.99789  (inactive)
  [GPU] batch   16/150 | k=0.99858  (inactive)
  [GPU] batch   17/150 | k=0.99747  (inactive)
  [GPU] batch   18/150 | k=0.99440  (inactive)
  [GPU] batch   19/150 | k=0.99739  (inactive)
  [GPU] batch   20/150 | k=0.99624  (inactive)
  [GPU] batch   21/150 | k=0.99664  (inactive)
  [GPU] batch   22/150 | k=0.99581  (inactive)
  [GPU] batch   23/150 | k=0.99655  (inactive)
  [GPU] batch   24/150 | k=1.00008  (inactive)
  [GPU] batch   25/150 | k=0.99494  (inactive)
  [GPU] batch   26/150 | k=0.99687  (inactive)
  [GPU] batch   27/150 | k=0.99744  (inactive)
  [GPU] batch   28/150 | k=0.99568  (inactive)
  [GPU] batch   29/150 | k=0.99662  (inactive)
  [GPU] batch   30/150 | k=0.99416  (inactive)
  [GPU] batch   31/150 | k=0.99928  (1st active)
  [GPU] batch   32/150 | k=0.99580  <k>=0.99754 +/- 174 pcm
  [GPU] batch   33/150 | k=0.99734  <k>=0.99747 +/- 101 pcm
  [GPU] batch   34/150 | k=0.99572  <k>=0.99704 +/- 84 pcm
  [GPU] batch   35/150 | k=0.99652  <k>=0.99693 +/- 66 pcm
  [GPU] batch   36/150 | k=0.99839  <k>=0.99718 +/- 59 pcm
  [GPU] batch   37/150 | k=0.99966  <k>=0.99753 +/- 61 pcm
  [GPU] batch   38/150 | k=0.99909  <k>=0.99773 +/- 56 pcm
  [GPU] batch   39/150 | k=0.99765  <k>=0.99772 +/- 50 pcm
  [GPU] batch   40/150 | k=0.99598  <k>=0.99754 +/- 48 pcm
  [GPU] batch   41/150 | k=1.00021  <k>=0.99779 +/- 50 pcm
  [GPU] batch   42/150 | k=0.99673  <k>=0.99770 +/- 46 pcm
  [GPU] batch   43/150 | k=0.99739  <k>=0.99768 +/- 42 pcm
  [GPU] batch   44/150 | k=0.99770  <k>=0.99768 +/- 39 pcm
  [GPU] batch   45/150 | k=0.99641  <k>=0.99759 +/- 38 pcm
  [GPU] batch   46/150 | k=0.99608  <k>=0.99750 +/- 36 pcm
  [GPU] batch   47/150 | k=0.99864  <k>=0.99757 +/- 35 pcm
  [GPU] batch   48/150 | k=0.99874  <k>=0.99763 +/- 33 pcm
  [GPU] batch   49/150 | k=0.99346  <k>=0.99741 +/- 39 pcm
  [GPU] batch   50/150 | k=0.99731  <k>=0.99741 +/- 37 pcm
  [GPU] batch   51/150 | k=0.99592  <k>=0.99733 +/- 35 pcm
  [GPU] batch   52/150 | k=0.99508  <k>=0.99723 +/- 35 pcm
  [GPU] batch   53/150 | k=0.99621  <k>=0.99719 +/- 34 pcm
  [GPU] batch   54/150 | k=0.99752  <k>=0.99720 +/- 33 pcm
  [GPU] batch   55/150 | k=0.99680  <k>=0.99719 +/- 31 pcm
  [GPU] batch   56/150 | k=0.99917  <k>=0.99726 +/- 31 pcm
  [GPU] batch   57/150 | k=0.99790  <k>=0.99729 +/- 30 pcm
  [GPU] batch   58/150 | k=0.99705  <k>=0.99728 +/- 29 pcm
  [GPU] batch   59/150 | k=0.99656  <k>=0.99725 +/- 28 pcm
  [GPU] batch   60/150 | k=0.99636  <k>=0.99722 +/- 27 pcm
  [GPU] batch   61/150 | k=0.99743  <k>=0.99723 +/- 26 pcm
  [GPU] batch   62/150 | k=0.99757  <k>=0.99724 +/- 26 pcm
  [GPU] batch   63/150 | k=0.99376  <k>=0.99713 +/- 27 pcm
  [GPU] batch   64/150 | k=0.99575  <k>=0.99709 +/- 26 pcm
  [GPU] batch   65/150 | k=0.99731  <k>=0.99710 +/- 26 pcm
  [GPU] batch   66/150 | k=0.99478  <k>=0.99704 +/- 26 pcm
  [GPU] batch   67/150 | k=0.99534  <k>=0.99699 +/- 25 pcm
  [GPU] batch   68/150 | k=0.99543  <k>=0.99695 +/- 25 pcm
  [GPU] batch   69/150 | k=0.99610  <k>=0.99693 +/- 25 pcm
  [GPU] batch   70/150 | k=0.99451  <k>=0.99687 +/- 25 pcm
  [GPU] batch   71/150 | k=0.99543  <k>=0.99683 +/- 24 pcm
  [GPU] batch   72/150 | k=0.99553  <k>=0.99680 +/- 24 pcm
  [GPU] batch   73/150 | k=0.99622  <k>=0.99679 +/- 23 pcm
  [GPU] batch   74/150 | k=0.99958  <k>=0.99685 +/- 24 pcm
  [GPU] batch   75/150 | k=0.99409  <k>=0.99679 +/- 24 pcm
  [GPU] batch   76/150 | k=0.99805  <k>=0.99682 +/- 24 pcm
  [GPU] batch   77/150 | k=0.99546  <k>=0.99679 +/- 23 pcm
  [GPU] batch   78/150 | k=0.99706  <k>=0.99679 +/- 23 pcm
  [GPU] batch   79/150 | k=0.99752  <k>=0.99681 +/- 22 pcm
  [GPU] batch   80/150 | k=0.99629  <k>=0.99680 +/- 22 pcm
  [GPU] batch   81/150 | k=0.99878  <k>=0.99684 +/- 22 pcm
  [GPU] batch   82/150 | k=0.99663  <k>=0.99683 +/- 21 pcm
  [GPU] batch   83/150 | k=0.99744  <k>=0.99684 +/- 21 pcm
  [GPU] batch   84/150 | k=1.00035  <k>=0.99691 +/- 22 pcm
  [GPU] batch   85/150 | k=0.99565  <k>=0.99689 +/- 21 pcm
  [GPU] batch   86/150 | k=0.99620  <k>=0.99687 +/- 21 pcm
  [GPU] batch   87/150 | k=0.99757  <k>=0.99689 +/- 21 pcm
  [GPU] batch   88/150 | k=0.99643  <k>=0.99688 +/- 20 pcm
  [GPU] batch   89/150 | k=0.99774  <k>=0.99689 +/- 20 pcm
  [GPU] batch   90/150 | k=0.99852  <k>=0.99692 +/- 20 pcm
  [GPU] batch   91/150 | k=0.99633  <k>=0.99691 +/- 20 pcm
  [GPU] batch   92/150 | k=0.99504  <k>=0.99688 +/- 20 pcm
  [GPU] batch   93/150 | k=0.99718  <k>=0.99688 +/- 19 pcm
  [GPU] batch   94/150 | k=0.99820  <k>=0.99691 +/- 19 pcm
  [GPU] batch   95/150 | k=0.99769  <k>=0.99692 +/- 19 pcm
  [GPU] batch   96/150 | k=0.99477  <k>=0.99688 +/- 19 pcm
  [GPU] batch   97/150 | k=0.99705  <k>=0.99689 +/- 19 pcm
  [GPU] batch   98/150 | k=0.99454  <k>=0.99685 +/- 19 pcm
  [GPU] batch   99/150 | k=0.99790  <k>=0.99687 +/- 18 pcm
  [GPU] batch  100/150 | k=0.99600  <k>=0.99686 +/- 18 pcm
  [GPU] batch  101/150 | k=0.99591  <k>=0.99684 +/- 18 pcm
  [GPU] batch  102/150 | k=0.99475  <k>=0.99681 +/- 18 pcm
  [GPU] batch  103/150 | k=0.99731  <k>=0.99682 +/- 18 pcm
  [GPU] batch  104/150 | k=0.99885  <k>=0.99685 +/- 18 pcm
  [GPU] batch  105/150 | k=0.99507  <k>=0.99682 +/- 18 pcm
  [GPU] batch  106/150 | k=0.99627  <k>=0.99682 +/- 17 pcm
  [GPU] batch  107/150 | k=0.99617  <k>=0.99681 +/- 17 pcm
  [GPU] batch  108/150 | k=0.99709  <k>=0.99681 +/- 17 pcm
  [GPU] batch  109/150 | k=0.99553  <k>=0.99680 +/- 17 pcm
  [GPU] batch  110/150 | k=0.99590  <k>=0.99678 +/- 17 pcm
  [GPU] batch  111/150 | k=0.99770  <k>=0.99680 +/- 16 pcm
  [GPU] batch  112/150 | k=0.99426  <k>=0.99676 +/- 17 pcm
  [GPU] batch  113/150 | k=0.99506  <k>=0.99674 +/- 16 pcm
  [GPU] batch  114/150 | k=0.99500  <k>=0.99672 +/- 16 pcm
  [GPU] batch  115/150 | k=0.99945  <k>=0.99676 +/- 17 pcm
  [GPU] batch  116/150 | k=0.99586  <k>=0.99675 +/- 16 pcm
  [GPU] batch  117/150 | k=0.99841  <k>=0.99676 +/- 16 pcm
  [GPU] batch  118/150 | k=0.99627  <k>=0.99676 +/- 16 pcm
  [GPU] batch  119/150 | k=0.99541  <k>=0.99674 +/- 16 pcm
  [GPU] batch  120/150 | k=0.99710  <k>=0.99675 +/- 16 pcm
  [GPU] batch  121/150 | k=0.99788  <k>=0.99676 +/- 16 pcm
  [GPU] batch  122/150 | k=0.99523  <k>=0.99674 +/- 16 pcm
  [GPU] batch  123/150 | k=0.99680  <k>=0.99674 +/- 15 pcm
  [GPU] batch  124/150 | k=0.99768  <k>=0.99675 +/- 15 pcm
  [GPU] batch  125/150 | k=0.99562  <k>=0.99674 +/- 15 pcm
  [GPU] batch  126/150 | k=0.99940  <k>=0.99677 +/- 15 pcm
  [GPU] batch  127/150 | k=0.99637  <k>=0.99677 +/- 15 pcm
  [GPU] batch  128/150 | k=0.99874  <k>=0.99679 +/- 15 pcm
  [GPU] batch  129/150 | k=0.99644  <k>=0.99678 +/- 15 pcm
  [GPU] batch  130/150 | k=0.99686  <k>=0.99678 +/- 15 pcm
  [GPU] batch  131/150 | k=0.99732  <k>=0.99679 +/- 15 pcm
  [GPU] batch  132/150 | k=0.99524  <k>=0.99677 +/- 15 pcm
  [GPU] batch  133/150 | k=0.99705  <k>=0.99678 +/- 14 pcm
  [GPU] batch  134/150 | k=0.99538  <k>=0.99676 +/- 14 pcm
  [GPU] batch  135/150 | k=0.99645  <k>=0.99676 +/- 14 pcm
  [GPU] batch  136/150 | k=0.99671  <k>=0.99676 +/- 14 pcm
  [GPU] batch  137/150 | k=0.99699  <k>=0.99676 +/- 14 pcm
  [GPU] batch  138/150 | k=0.99501  <k>=0.99675 +/- 14 pcm
  [GPU] batch  139/150 | k=0.99799  <k>=0.99676 +/- 14 pcm
  [GPU] batch  140/150 | k=0.99790  <k>=0.99677 +/- 14 pcm
  [GPU] batch  141/150 | k=0.99786  <k>=0.99678 +/- 14 pcm
  [GPU] batch  142/150 | k=0.99552  <k>=0.99677 +/- 14 pcm
  [GPU] batch  143/150 | k=0.99777  <k>=0.99677 +/- 14 pcm
  [GPU] batch  144/150 | k=0.99699  <k>=0.99678 +/- 13 pcm
  [GPU] batch  145/150 | k=0.99703  <k>=0.99678 +/- 13 pcm
  [GPU] batch  146/150 | k=0.99668  <k>=0.99678 +/- 13 pcm
  [GPU] batch  147/150 | k=0.99650  <k>=0.99678 +/- 13 pcm
  [GPU] batch  148/150 | k=0.99751  <k>=0.99678 +/- 13 pcm
  [GPU] batch  149/150 | k=0.99591  <k>=0.99677 +/- 13 pcm
  [GPU] batch  150/150 | k=0.99814  <k>=0.99679 +/- 13 pcm
  heu-met-fast-014 -- seed 4/5 done in 242.5s: k=0.99679 +/- 0.00013
  heu-met-fast-014 -- seed 5/5 (seed=46) starting
  GPU: WMP payload = 0.0 KB (0 / 27 nuclides covered)
  GPU auto-refill: picked factor=3.48 for particles_per_batch=200000
  [GPU] batch    1/150 | k=0.54167  (inactive)
  [GPU] batch    2/150 | k=1.01457  (inactive)
  [GPU] batch    3/150 | k=0.99565  (inactive)
  [GPU] batch    4/150 | k=0.99517  (inactive)
  [GPU] batch    5/150 | k=0.99533  (inactive)
  [GPU] batch    6/150 | k=0.99890  (inactive)
  [GPU] batch    7/150 | k=1.00060  (inactive)
  [GPU] batch    8/150 | k=0.99511  (inactive)
  [GPU] batch    9/150 | k=0.99577  (inactive)
  [GPU] batch   10/150 | k=0.99606  (inactive)
  [GPU] batch   11/150 | k=0.99729  (inactive)
  [GPU] batch   12/150 | k=0.99537  (inactive)
  [GPU] batch   13/150 | k=0.99742  (inactive)
  [GPU] batch   14/150 | k=0.99693  (inactive)
  [GPU] batch   15/150 | k=0.99520  (inactive)
  [GPU] batch   16/150 | k=0.99858  (inactive)
  [GPU] batch   17/150 | k=0.99972  (inactive)
  [GPU] batch   18/150 | k=0.99803  (inactive)
  [GPU] batch   19/150 | k=0.99477  (inactive)
  [GPU] batch   20/150 | k=0.99483  (inactive)
  [GPU] batch   21/150 | k=0.99872  (inactive)
  [GPU] batch   22/150 | k=0.99743  (inactive)
  [GPU] batch   23/150 | k=0.99528  (inactive)
  [GPU] batch   24/150 | k=0.99793  (inactive)
  [GPU] batch   25/150 | k=0.99623  (inactive)
  [GPU] batch   26/150 | k=0.99732  (inactive)
  [GPU] batch   27/150 | k=0.99661  (inactive)
  [GPU] batch   28/150 | k=0.99606  (inactive)
  [GPU] batch   29/150 | k=0.99700  (inactive)
  [GPU] batch   30/150 | k=0.99725  (inactive)
  [GPU] batch   31/150 | k=0.99764  (1st active)
  [GPU] batch   32/150 | k=0.99607  <k>=0.99685 +/- 79 pcm
  [GPU] batch   33/150 | k=0.99747  <k>=0.99706 +/- 50 pcm
  [GPU] batch   34/150 | k=0.99542  <k>=0.99665 +/- 54 pcm
  [GPU] batch   35/150 | k=0.99889  <k>=0.99710 +/- 61 pcm
  [GPU] batch   36/150 | k=0.99841  <k>=0.99732 +/- 55 pcm
  [GPU] batch   37/150 | k=0.99837  <k>=0.99747 +/- 49 pcm
  [GPU] batch   38/150 | k=0.99600  <k>=0.99728 +/- 46 pcm
  [GPU] batch   39/150 | k=0.99630  <k>=0.99717 +/- 42 pcm
  [GPU] batch   40/150 | k=0.99900  <k>=0.99736 +/- 42 pcm
  [GPU] batch   41/150 | k=1.00081  <k>=0.99767 +/- 49 pcm
  [GPU] batch   42/150 | k=0.99749  <k>=0.99766 +/- 45 pcm
  [GPU] batch   43/150 | k=1.00067  <k>=0.99789 +/- 47 pcm
  [GPU] batch   44/150 | k=0.99608  <k>=0.99776 +/- 46 pcm
  [GPU] batch   45/150 | k=0.99533  <k>=0.99760 +/- 46 pcm
  [GPU] batch   46/150 | k=0.99555  <k>=0.99747 +/- 44 pcm
  [GPU] batch   47/150 | k=0.99689  <k>=0.99744 +/- 42 pcm
  [GPU] batch   48/150 | k=0.99676  <k>=0.99740 +/- 40 pcm
  [GPU] batch   49/150 | k=0.99705  <k>=0.99738 +/- 38 pcm
  [GPU] batch   50/150 | k=0.99344  <k>=0.99718 +/- 41 pcm
  [GPU] batch   51/150 | k=0.99558  <k>=0.99711 +/- 39 pcm
  [GPU] batch   52/150 | k=0.99906  <k>=0.99719 +/- 39 pcm
  [GPU] batch   53/150 | k=0.99897  <k>=0.99727 +/- 38 pcm
  [GPU] batch   54/150 | k=0.99541  <k>=0.99719 +/- 37 pcm
  [GPU] batch   55/150 | k=0.99683  <k>=0.99718 +/- 35 pcm
  [GPU] batch   56/150 | k=0.99838  <k>=0.99723 +/- 34 pcm
  [GPU] batch   57/150 | k=0.99918  <k>=0.99730 +/- 34 pcm
  [GPU] batch   58/150 | k=0.99722  <k>=0.99730 +/- 33 pcm
  [GPU] batch   59/150 | k=0.99545  <k>=0.99723 +/- 32 pcm
  [GPU] batch   60/150 | k=0.99767  <k>=0.99725 +/- 31 pcm
  [GPU] batch   61/150 | k=0.99596  <k>=0.99721 +/- 30 pcm
  [GPU] batch   62/150 | k=0.99535  <k>=0.99715 +/- 30 pcm
  [GPU] batch   63/150 | k=0.99598  <k>=0.99711 +/- 29 pcm
  [GPU] batch   64/150 | k=0.99772  <k>=0.99713 +/- 28 pcm
  [GPU] batch   65/150 | k=0.99917  <k>=0.99719 +/- 28 pcm
  [GPU] batch   66/150 | k=0.99558  <k>=0.99714 +/- 28 pcm
  [GPU] batch   67/150 | k=0.99757  <k>=0.99716 +/- 27 pcm
  [GPU] batch   68/150 | k=0.99633  <k>=0.99713 +/- 26 pcm
  [GPU] batch   69/150 | k=0.99621  <k>=0.99711 +/- 26 pcm
  [GPU] batch   70/150 | k=0.99377  <k>=0.99703 +/- 27 pcm
  [GPU] batch   71/150 | k=0.99563  <k>=0.99699 +/- 26 pcm
  [GPU] batch   72/150 | k=0.99712  <k>=0.99700 +/- 25 pcm
  [GPU] batch   73/150 | k=0.99889  <k>=0.99704 +/- 25 pcm
  [GPU] batch   74/150 | k=0.99691  <k>=0.99704 +/- 25 pcm
  [GPU] batch   75/150 | k=0.99766  <k>=0.99705 +/- 24 pcm
  [GPU] batch   76/150 | k=0.99706  <k>=0.99705 +/- 24 pcm
  [GPU] batch   77/150 | k=0.99648  <k>=0.99704 +/- 23 pcm
  [GPU] batch   78/150 | k=0.99432  <k>=0.99698 +/- 23 pcm
  [GPU] batch   79/150 | k=0.99836  <k>=0.99701 +/- 23 pcm
  [GPU] batch   80/150 | k=0.99805  <k>=0.99703 +/- 23 pcm
  [GPU] batch   81/150 | k=0.99397  <k>=0.99697 +/- 23 pcm
  [GPU] batch   82/150 | k=0.99720  <k>=0.99698 +/- 23 pcm
  [GPU] batch   83/150 | k=0.99740  <k>=0.99698 +/- 22 pcm
  [GPU] batch   84/150 | k=0.99704  <k>=0.99698 +/- 22 pcm
  [GPU] batch   85/150 | k=0.99650  <k>=0.99698 +/- 21 pcm
  [GPU] batch   86/150 | k=0.99422  <k>=0.99693 +/- 22 pcm
  [GPU] batch   87/150 | k=0.99708  <k>=0.99693 +/- 21 pcm
  [GPU] batch   88/150 | k=0.99675  <k>=0.99693 +/- 21 pcm
  [GPU] batch   89/150 | k=0.99814  <k>=0.99695 +/- 21 pcm
  [GPU] batch   90/150 | k=0.99713  <k>=0.99695 +/- 20 pcm
  [GPU] batch   91/150 | k=0.99773  <k>=0.99696 +/- 20 pcm
  [GPU] batch   92/150 | k=0.99741  <k>=0.99697 +/- 20 pcm
  [GPU] batch   93/150 | k=0.99769  <k>=0.99698 +/- 19 pcm
  [GPU] batch   94/150 | k=0.99797  <k>=0.99700 +/- 19 pcm
  [GPU] batch   95/150 | k=0.99758  <k>=0.99701 +/- 19 pcm
  [GPU] batch   96/150 | k=0.99549  <k>=0.99698 +/- 19 pcm
  [GPU] batch   97/150 | k=0.99899  <k>=0.99701 +/- 19 pcm
  [GPU] batch   98/150 | k=0.99822  <k>=0.99703 +/- 18 pcm
  [GPU] batch   99/150 | k=0.99626  <k>=0.99702 +/- 18 pcm
  [GPU] batch  100/150 | k=0.99405  <k>=0.99698 +/- 18 pcm
  [GPU] batch  101/150 | k=0.99543  <k>=0.99696 +/- 18 pcm
  [GPU] batch  102/150 | k=0.99743  <k>=0.99696 +/- 18 pcm
  [GPU] batch  103/150 | k=0.99744  <k>=0.99697 +/- 18 pcm
  [GPU] batch  104/150 | k=0.99745  <k>=0.99697 +/- 18 pcm
  [GPU] batch  105/150 | k=0.99760  <k>=0.99698 +/- 17 pcm
  [GPU] batch  106/150 | k=0.99190  <k>=0.99692 +/- 18 pcm
  [GPU] batch  107/150 | k=0.99798  <k>=0.99693 +/- 18 pcm
  [GPU] batch  108/150 | k=0.99741  <k>=0.99694 +/- 18 pcm
  [GPU] batch  109/150 | k=0.99679  <k>=0.99693 +/- 18 pcm
  [GPU] batch  110/150 | k=0.99802  <k>=0.99695 +/- 18 pcm
  [GPU] batch  111/150 | k=0.99572  <k>=0.99693 +/- 17 pcm
  [GPU] batch  112/150 | k=0.99847  <k>=0.99695 +/- 17 pcm
  [GPU] batch  113/150 | k=0.99650  <k>=0.99695 +/- 17 pcm
  [GPU] batch  114/150 | k=0.99808  <k>=0.99696 +/- 17 pcm
  [GPU] batch  115/150 | k=0.99870  <k>=0.99698 +/- 17 pcm
  [GPU] batch  116/150 | k=0.99888  <k>=0.99700 +/- 17 pcm
  [GPU] batch  117/150 | k=0.99439  <k>=0.99697 +/- 17 pcm
  [GPU] batch  118/150 | k=0.99751  <k>=0.99698 +/- 17 pcm
  [GPU] batch  119/150 | k=0.99483  <k>=0.99695 +/- 17 pcm
  [GPU] batch  120/150 | k=0.99467  <k>=0.99693 +/- 17 pcm
  [GPU] batch  121/150 | k=0.99778  <k>=0.99694 +/- 17 pcm
  [GPU] batch  122/150 | k=0.99568  <k>=0.99692 +/- 16 pcm
  [GPU] batch  123/150 | k=0.99736  <k>=0.99693 +/- 16 pcm
  [GPU] batch  124/150 | k=0.99801  <k>=0.99694 +/- 16 pcm
  [GPU] batch  125/150 | k=0.99769  <k>=0.99695 +/- 16 pcm
  [GPU] batch  126/150 | k=0.99619  <k>=0.99694 +/- 16 pcm
  [GPU] batch  127/150 | k=0.99718  <k>=0.99694 +/- 16 pcm
  [GPU] batch  128/150 | k=0.99598  <k>=0.99693 +/- 16 pcm
  [GPU] batch  129/150 | k=0.99593  <k>=0.99692 +/- 15 pcm
  [GPU] batch  130/150 | k=0.99538  <k>=0.99691 +/- 15 pcm
  [GPU] batch  131/150 | k=0.99660  <k>=0.99690 +/- 15 pcm
  [GPU] batch  132/150 | k=0.99567  <k>=0.99689 +/- 15 pcm
  [GPU] batch  133/150 | k=0.99799  <k>=0.99690 +/- 15 pcm
  [GPU] batch  134/150 | k=0.99876  <k>=0.99692 +/- 15 pcm
  [GPU] batch  135/150 | k=0.99666  <k>=0.99692 +/- 15 pcm
  [GPU] batch  136/150 | k=0.99703  <k>=0.99692 +/- 15 pcm
  [GPU] batch  137/150 | k=0.99755  <k>=0.99693 +/- 15 pcm
  [GPU] batch  138/150 | k=0.99618  <k>=0.99692 +/- 14 pcm
  [GPU] batch  139/150 | k=0.99374  <k>=0.99689 +/- 15 pcm
  [GPU] batch  140/150 | k=0.99825  <k>=0.99690 +/- 15 pcm
  [GPU] batch  141/150 | k=0.99846  <k>=0.99692 +/- 14 pcm
  [GPU] batch  142/150 | k=0.99596  <k>=0.99691 +/- 14 pcm
  [GPU] batch  143/150 | k=0.99862  <k>=0.99692 +/- 14 pcm
  [GPU] batch  144/150 | k=0.99502  <k>=0.99691 +/- 14 pcm
  [GPU] batch  145/150 | k=0.99873  <k>=0.99692 +/- 14 pcm
  [GPU] batch  146/150 | k=0.99540  <k>=0.99691 +/- 14 pcm
  [GPU] batch  147/150 | k=0.99829  <k>=0.99692 +/- 14 pcm
  [GPU] batch  148/150 | k=0.99777  <k>=0.99693 +/- 14 pcm
  [GPU] batch  149/150 | k=0.99728  <k>=0.99693 +/- 14 pcm
  [GPU] batch  150/150 | k=0.99706  <k>=0.99693 +/- 14 pcm
  heu-met-fast-014 -- seed 5/5 done in 242.9s: k=0.99693 +/- 0.00014
heu-met-fast-014: PASS -- k=0.99679+/-0.00005, delta=-211pcm, bound=+/-340pcm, 1.24sigma, 1238.3s (5seed x 150b x 30i x 200000p) [35/375]
[2/341] heu-met-fast-015 starting (5seed x 150b x 30i x 200000p)
  heu-met-fast-015 -- seed 1/5 (seed=42) starting
  GPU: WMP payload = 0.0 KB (0 / 14 nuclides covered)
  GPU auto-refill: picked factor=3.48 for particles_per_batch=200000
  [GPU] batch    1/150 | k=0.83911  (inactive)
  [GPU] batch    2/150 | k=0.95446  (inactive)
  [GPU] batch    3/150 | k=0.97812  (inactive)
  [GPU] batch    4/150 | k=0.98494  (inactive)
  [GPU] batch    5/150 | k=0.99227  (inactive)
  [GPU] batch    6/150 | k=0.99327  (inactive)
  [GPU] batch    7/150 | k=0.99477  (inactive)
  [GPU] batch    8/150 | k=0.99402  (inactive)
  [GPU] batch    9/150 | k=0.99639  (inactive)
  [GPU] batch   10/150 | k=0.99541  (inactive)
  [GPU] batch   11/150 | k=0.99623  (inactive)
  [GPU] batch   12/150 | k=0.99524  (inactive)
  [GPU] batch   13/150 | k=0.99288  (inactive)
  [GPU] batch   14/150 | k=0.99580  (inactive)
  [GPU] batch   15/150 | k=0.99533  (inactive)
  [GPU] batch   16/150 | k=0.99654  (inactive)
  [GPU] batch   17/150 | k=0.99415  (inactive)
  [GPU] batch   18/150 | k=0.99529  (inactive)
  [GPU] batch   19/150 | k=0.99569  (inactive)
  [GPU] batch   20/150 | k=0.99661  (inactive)
  [GPU] batch   21/150 | k=0.99569  (inactive)
  [GPU] batch   22/150 | k=0.99582  (inactive)
  [GPU] batch   23/150 | k=0.99670  (inactive)
  [GPU] batch   24/150 | k=0.99594  (inactive)
  [GPU] batch   25/150 | k=0.99747  (inactive)
  [GPU] batch   26/150 | k=0.99729  (inactive)
  [GPU] batch   27/150 | k=0.99683  (inactive)
  [GPU] batch   28/150 | k=0.99688  (inactive)
  [GPU] batch   29/150 | k=0.99417  (inactive)
  [GPU] batch   30/150 | k=0.99544  (inactive)
  [GPU] batch   31/150 | k=0.99612  (1st active)
  [GPU] batch   32/150 | k=0.99634  <k>=0.99623 +/- 11 pcm
  [GPU] batch   33/150 | k=0.99579  <k>=0.99608 +/- 16 pcm
  [GPU] batch   34/150 | k=0.99530  <k>=0.99589 +/- 23 pcm
  [GPU] batch   35/150 | k=0.99630  <k>=0.99597 +/- 19 pcm
  [GPU] batch   36/150 | k=0.99286  <k>=0.99545 +/- 54 pcm
  [GPU] batch   37/150 | k=0.99501  <k>=0.99539 +/- 46 pcm
  [GPU] batch   38/150 | k=0.99567  <k>=0.99542 +/- 40 pcm
  [GPU] batch   39/150 | k=0.99551  <k>=0.99543 +/- 35 pcm
  [GPU] batch   40/150 | k=0.99839  <k>=0.99573 +/- 43 pcm
  [GPU] batch   41/150 | k=0.99641  <k>=0.99579 +/- 40 pcm
  [GPU] batch   42/150 | k=0.99507  <k>=0.99573 +/- 37 pcm
  [GPU] batch   43/150 | k=0.99605  <k>=0.99576 +/- 34 pcm
  [GPU] batch   44/150 | k=0.99528  <k>=0.99572 +/- 32 pcm
  [GPU] batch   45/150 | k=0.99502  <k>=0.99567 +/- 30 pcm
  [GPU] batch   46/150 | k=0.99721  <k>=0.99577 +/- 29 pcm
  [GPU] batch   47/150 | k=0.99323  <k>=0.99562 +/- 31 pcm
  [GPU] batch   48/150 | k=0.99630  <k>=0.99566 +/- 30 pcm
  [GPU] batch   49/150 | k=0.99520  <k>=0.99564 +/- 28 pcm
  [GPU] batch   50/150 | k=0.99496  <k>=0.99560 +/- 27 pcm
  [GPU] batch   51/150 | k=0.99438  <k>=0.99554 +/- 26 pcm
  [GPU] batch   52/150 | k=0.99270  <k>=0.99541 +/- 28 pcm
  [GPU] batch   53/150 | k=0.99690  <k>=0.99548 +/- 28 pcm
  [GPU] batch   54/150 | k=0.99482  <k>=0.99545 +/- 27 pcm
  [GPU] batch   55/150 | k=0.99297  <k>=0.99535 +/- 28 pcm
  [GPU] batch   56/150 | k=0.99641  <k>=0.99539 +/- 27 pcm
  [GPU] batch   57/150 | k=0.99542  <k>=0.99539 +/- 26 pcm
  [GPU] batch   58/150 | k=0.99552  <k>=0.99540 +/- 25 pcm
  [GPU] batch   59/150 | k=0.99552  <k>=0.99540 +/- 24 pcm
  [GPU] batch   60/150 | k=0.99659  <k>=0.99544 +/- 23 pcm
  [GPU] batch   61/150 | k=0.99568  <k>=0.99545 +/- 23 pcm
  [GPU] batch   62/150 | k=0.99549  <k>=0.99545 +/- 22 pcm
  [GPU] batch   63/150 | k=0.99401  <k>=0.99541 +/- 22 pcm
  [GPU] batch   64/150 | k=0.99302  <k>=0.99534 +/- 22 pcm
  [GPU] batch   65/150 | k=0.99202  <k>=0.99524 +/- 24 pcm
  [GPU] batch   66/150 | k=0.99777  <k>=0.99531 +/- 24 pcm
  [GPU] batch   67/150 | k=0.99840  <k>=0.99540 +/- 25 pcm
  [GPU] batch   68/150 | k=0.99739  <k>=0.99545 +/- 25 pcm
  [GPU] batch   69/150 | k=0.99579  <k>=0.99546 +/- 24 pcm
  [GPU] batch   70/150 | k=0.99448  <k>=0.99543 +/- 24 pcm
  [GPU] batch   71/150 | k=0.99600  <k>=0.99545 +/- 23 pcm
  [GPU] batch   72/150 | k=0.99894  <k>=0.99553 +/- 24 pcm
  [GPU] batch   73/150 | k=0.99363  <k>=0.99549 +/- 24 pcm
  [GPU] batch   74/150 | k=0.99629  <k>=0.99550 +/- 23 pcm
  [GPU] batch   75/150 | k=0.99637  <k>=0.99552 +/- 23 pcm
  [GPU] batch   76/150 | k=0.99673  <k>=0.99555 +/- 23 pcm
  [GPU] batch   77/150 | k=0.99609  <k>=0.99556 +/- 22 pcm
  [GPU] batch   78/150 | k=0.99478  <k>=0.99554 +/- 22 pcm
  [GPU] batch   79/150 | k=0.99446  <k>=0.99552 +/- 21 pcm
  [GPU] batch   80/150 | k=0.99709  <k>=0.99555 +/- 21 pcm
  [GPU] batch   81/150 | k=0.99709  <k>=0.99558 +/- 21 pcm
  [GPU] batch   82/150 | k=0.99836  <k>=0.99564 +/- 21 pcm
  [GPU] batch   83/150 | k=0.99668  <k>=0.99566 +/- 21 pcm
  [GPU] batch   84/150 | k=0.99533  <k>=0.99565 +/- 21 pcm
  [GPU] batch   85/150 | k=0.99654  <k>=0.99567 +/- 20 pcm
  [GPU] batch   86/150 | k=0.99872  <k>=0.99572 +/- 21 pcm
  [GPU] batch   87/150 | k=0.99804  <k>=0.99576 +/- 21 pcm
  [GPU] batch   88/150 | k=0.99458  <k>=0.99574 +/- 20 pcm
  [GPU] batch   89/150 | k=0.99675  <k>=0.99576 +/- 20 pcm
  [GPU] batch   90/150 | k=0.99594  <k>=0.99576 +/- 20 pcm
  [GPU] batch   91/150 | k=0.99540  <k>=0.99576 +/- 19 pcm
  [GPU] batch   92/150 | k=0.99425  <k>=0.99573 +/- 19 pcm
  [GPU] batch   93/150 | k=0.99266  <k>=0.99568 +/- 20 pcm
  [GPU] batch   94/150 | k=0.99631  <k>=0.99569 +/- 19 pcm
  [GPU] batch   95/150 | k=0.99479  <k>=0.99568 +/- 19 pcm
  [GPU] batch   96/150 | k=0.99591  <k>=0.99568 +/- 19 pcm
  [GPU] batch   97/150 | k=0.99686  <k>=0.99570 +/- 19 pcm
  [GPU] batch   98/150 | k=0.99750  <k>=0.99573 +/- 18 pcm
  [GPU] batch   99/150 | k=0.99472  <k>=0.99571 +/- 18 pcm
  [GPU] batch  100/150 | k=0.99351  <k>=0.99568 +/- 18 pcm
  [GPU] batch  101/150 | k=0.99438  <k>=0.99566 +/- 18 pcm
  [GPU] batch  102/150 | k=0.99614  <k>=0.99567 +/- 18 pcm
  [GPU] batch  103/150 | k=0.99478  <k>=0.99566 +/- 18 pcm
  [GPU] batch  104/150 | k=0.99664  <k>=0.99567 +/- 17 pcm
  [GPU] batch  105/150 | k=0.99479  <k>=0.99566 +/- 17 pcm
  [GPU] batch  106/150 | k=0.99533  <k>=0.99565 +/- 17 pcm
  [GPU] batch  107/150 | k=0.99750  <k>=0.99568 +/- 17 pcm
  [GPU] batch  108/150 | k=0.99364  <k>=0.99565 +/- 17 pcm
  [GPU] batch  109/150 | k=0.99796  <k>=0.99568 +/- 17 pcm
  [GPU] batch  110/150 | k=0.99685  <k>=0.99570 +/- 17 pcm
  [GPU] batch  111/150 | k=0.99626  <k>=0.99570 +/- 17 pcm
  [GPU] batch  112/150 | k=0.99450  <k>=0.99569 +/- 17 pcm
  [GPU] batch  113/150 | k=0.99360  <k>=0.99566 +/- 17 pcm
  [GPU] batch  114/150 | k=0.99517  <k>=0.99566 +/- 16 pcm
  [GPU] batch  115/150 | k=0.99422  <k>=0.99564 +/- 16 pcm
  [GPU] batch  116/150 | k=0.99311  <k>=0.99561 +/- 16 pcm
  [GPU] batch  117/150 | k=0.99465  <k>=0.99560 +/- 16 pcm
  [GPU] batch  118/150 | k=0.99600  <k>=0.99560 +/- 16 pcm
  [GPU] batch  119/150 | k=0.99670  <k>=0.99562 +/- 16 pcm
  [GPU] batch  120/150 | k=0.99781  <k>=0.99564 +/- 16 pcm
  [GPU] batch  121/150 | k=0.99514  <k>=0.99564 +/- 16 pcm
  [GPU] batch  122/150 | k=0.99386  <k>=0.99562 +/- 16 pcm
  [GPU] batch  123/150 | k=0.99491  <k>=0.99561 +/- 16 pcm
  [GPU] batch  124/150 | k=0.99817  <k>=0.99564 +/- 16 pcm
  [GPU] batch  125/150 | k=0.99700  <k>=0.99565 +/- 15 pcm
  [GPU] batch  126/150 | k=0.99860  <k>=0.99568 +/- 16 pcm
  [GPU] batch  127/150 | k=0.99709  <k>=0.99570 +/- 16 pcm
  [GPU] batch  128/150 | k=0.99693  <k>=0.99571 +/- 15 pcm
  [GPU] batch  129/150 | k=0.99549  <k>=0.99571 +/- 15 pcm
  [GPU] batch  130/150 | k=0.99560  <k>=0.99570 +/- 15 pcm
  [GPU] batch  131/150 | k=0.99318  <k>=0.99568 +/- 15 pcm
  [GPU] batch  132/150 | k=0.99468  <k>=0.99567 +/- 15 pcm
  [GPU] batch  133/150 | k=0.99702  <k>=0.99568 +/- 15 pcm
  [GPU] batch  134/150 | k=0.99740  <k>=0.99570 +/- 15 pcm
  [GPU] batch  135/150 | k=0.99727  <k>=0.99571 +/- 15 pcm
  [GPU] batch  136/150 | k=0.99650  <k>=0.99572 +/- 15 pcm
  [GPU] batch  137/150 | k=0.99626  <k>=0.99573 +/- 15 pcm
  [GPU] batch  138/150 | k=0.99666  <k>=0.99574 +/- 14 pcm
  [GPU] batch  139/150 | k=0.99693  <k>=0.99575 +/- 14 pcm
  [GPU] batch  140/150 | k=0.99598  <k>=0.99575 +/- 14 pcm
  [GPU] batch  141/150 | k=0.99495  <k>=0.99574 +/- 14 pcm
  [GPU] batch  142/150 | k=0.99546  <k>=0.99574 +/- 14 pcm
  [GPU] batch  143/150 | k=0.99405  <k>=0.99572 +/- 14 pcm
  [GPU] batch  144/150 | k=0.99497  <k>=0.99572 +/- 14 pcm
  [GPU] batch  145/150 | k=0.99563  <k>=0.99572 +/- 14 pcm
  [GPU] batch  146/150 | k=0.99733  <k>=0.99573 +/- 14 pcm
  [GPU] batch  147/150 | k=0.99634  <k>=0.99574 +/- 14 pcm
  [GPU] batch  148/150 | k=0.99544  <k>=0.99573 +/- 13 pcm
  [GPU] batch  149/150 | k=0.99422  <k>=0.99572 +/- 13 pcm
  [GPU] batch  150/150 | k=0.99656  <k>=0.99573 +/- 13 pcm
  heu-met-fast-015 -- seed 1/5 done in 75.4s: k=0.99573 +/- 0.00013
  heu-met-fast-015 -- seed 2/5 (seed=43) starting
  GPU: WMP payload = 0.0 KB (0 / 14 nuclides covered)
  GPU auto-refill: picked factor=3.48 for particles_per_batch=200000
  [GPU] batch    1/150 | k=0.83847  (inactive)
  [GPU] batch    2/150 | k=0.95634  (inactive)
  [GPU] batch    3/150 | k=0.98172  (inactive)
  [GPU] batch    4/150 | k=0.99066  (inactive)
  [GPU] batch    5/150 | k=0.99207  (inactive)
  [GPU] batch    6/150 | k=0.99482  (inactive)
  [GPU] batch    7/150 | k=0.99811  (inactive)
  [GPU] batch    8/150 | k=0.99519  (inactive)
  [GPU] batch    9/150 | k=0.99595  (inactive)
  [GPU] batch   10/150 | k=0.99672  (inactive)
  [GPU] batch   11/150 | k=0.99713  (inactive)
  [GPU] batch   12/150 | k=0.99415  (inactive)
  [GPU] batch   13/150 | k=0.99641  (inactive)
  [GPU] batch   14/150 | k=0.99669  (inactive)
  [GPU] batch   15/150 | k=0.99596  (inactive)
  [GPU] batch   16/150 | k=0.99762  (inactive)
  [GPU] batch   17/150 | k=0.99638  (inactive)
  [GPU] batch   18/150 | k=0.99682  (inactive)
  [GPU] batch   19/150 | k=0.99470  (inactive)
  [GPU] batch   20/150 | k=0.99639  (inactive)
  [GPU] batch   21/150 | k=0.99598  (inactive)
  [GPU] batch   22/150 | k=0.99554  (inactive)
  [GPU] batch   23/150 | k=0.99595  (inactive)
  [GPU] batch   24/150 | k=0.99830  (inactive)
  [GPU] batch   25/150 | k=0.99622  (inactive)
  [GPU] batch   26/150 | k=0.99326  (inactive)
  [GPU] batch   27/150 | k=0.99624  (inactive)
  [GPU] batch   28/150 | k=0.99559  (inactive)
  [GPU] batch   29/150 | k=0.99608  (inactive)
  [GPU] batch   30/150 | k=0.99839  (inactive)
  [GPU] batch   31/150 | k=0.99695  (1st active)
  [GPU] batch   32/150 | k=0.99807  <k>=0.99751 +/- 56 pcm
  [GPU] batch   33/150 | k=0.99430  <k>=0.99644 +/- 112 pcm
  [GPU] batch   34/150 | k=0.99587  <k>=0.99630 +/- 80 pcm
  [GPU] batch   35/150 | k=0.99574  <k>=0.99619 +/- 63 pcm
  [GPU] batch   36/150 | k=0.99570  <k>=0.99610 +/- 52 pcm
  [GPU] batch   37/150 | k=0.99628  <k>=0.99613 +/- 44 pcm
  [GPU] batch   38/150 | k=0.99499  <k>=0.99599 +/- 41 pcm
  [GPU] batch   39/150 | k=0.99500  <k>=0.99588 +/- 38 pcm
  [GPU] batch   40/150 | k=0.99290  <k>=0.99558 +/- 45 pcm
  [GPU] batch   41/150 | k=0.99467  <k>=0.99550 +/- 42 pcm
  [GPU] batch   42/150 | k=0.99435  <k>=0.99540 +/- 39 pcm
  [GPU] batch   43/150 | k=0.99696  <k>=0.99552 +/- 38 pcm
  [GPU] batch   44/150 | k=0.99603  <k>=0.99556 +/- 35 pcm
  [GPU] batch   45/150 | k=0.99570  <k>=0.99557 +/- 33 pcm
  [GPU] batch   46/150 | k=0.99591  <k>=0.99559 +/- 31 pcm
  [GPU] batch   47/150 | k=0.99736  <k>=0.99569 +/- 31 pcm
  [GPU] batch   48/150 | k=0.99580  <k>=0.99570 +/- 29 pcm
  [GPU] batch   49/150 | k=0.99653  <k>=0.99574 +/- 28 pcm
  [GPU] batch   50/150 | k=0.99740  <k>=0.99582 +/- 28 pcm
  [GPU] batch   51/150 | k=0.99706  <k>=0.99588 +/- 27 pcm
  [GPU] batch   52/150 | k=0.99646  <k>=0.99591 +/- 26 pcm
  [GPU] batch   53/150 | k=0.99821  <k>=0.99601 +/- 27 pcm
  [GPU] batch   54/150 | k=0.99496  <k>=0.99597 +/- 26 pcm
  [GPU] batch   55/150 | k=0.99627  <k>=0.99598 +/- 25 pcm
  [GPU] batch   56/150 | k=0.99525  <k>=0.99595 +/- 24 pcm
  [GPU] batch   57/150 | k=0.99569  <k>=0.99594 +/- 23 pcm
  [GPU] batch   58/150 | k=0.99784  <k>=0.99601 +/- 23 pcm
  [GPU] batch   59/150 | k=0.99606  <k>=0.99601 +/- 22 pcm
  [GPU] batch   60/150 | k=0.99679  <k>=0.99604 +/- 22 pcm
  [GPU] batch   61/150 | k=0.99766  <k>=0.99609 +/- 22 pcm
  [GPU] batch   62/150 | k=0.99606  <k>=0.99609 +/- 21 pcm
  [GPU] batch   63/150 | k=0.99654  <k>=0.99610 +/- 21 pcm
  [GPU] batch   64/150 | k=0.99699  <k>=0.99613 +/- 20 pcm
  [GPU] batch   65/150 | k=1.00053  <k>=0.99625 +/- 23 pcm
  [GPU] batch   66/150 | k=0.99675  <k>=0.99627 +/- 23 pcm
  [GPU] batch   67/150 | k=0.99695  <k>=0.99629 +/- 22 pcm
  [GPU] batch   68/150 | k=0.99536  <k>=0.99626 +/- 22 pcm
  [GPU] batch   69/150 | k=0.99660  <k>=0.99627 +/- 21 pcm
  [GPU] batch   70/150 | k=0.99520  <k>=0.99624 +/- 21 pcm
  [GPU] batch   71/150 | k=0.99698  <k>=0.99626 +/- 20 pcm
  [GPU] batch   72/150 | k=0.99510  <k>=0.99623 +/- 20 pcm
  [GPU] batch   73/150 | k=0.99590  <k>=0.99623 +/- 19 pcm
  [GPU] batch   74/150 | k=0.99377  <k>=0.99617 +/- 20 pcm
  [GPU] batch   75/150 | k=0.99708  <k>=0.99619 +/- 20 pcm
  [GPU] batch   76/150 | k=0.99733  <k>=0.99622 +/- 19 pcm
  [GPU] batch   77/150 | k=0.99646  <k>=0.99622 +/- 19 pcm
  [GPU] batch   78/150 | k=0.99541  <k>=0.99620 +/- 19 pcm
  [GPU] batch   79/150 | k=0.99667  <k>=0.99621 +/- 18 pcm
  [GPU] batch   80/150 | k=0.99363  <k>=0.99616 +/- 19 pcm
  [GPU] batch   81/150 | k=0.99404  <k>=0.99612 +/- 19 pcm
  [GPU] batch   82/150 | k=0.99655  <k>=0.99613 +/- 18 pcm
  [GPU] batch   83/150 | k=0.99812  <k>=0.99617 +/- 18 pcm
  [GPU] batch   84/150 | k=0.99430  <k>=0.99613 +/- 18 pcm
  [GPU] batch   85/150 | k=0.99620  <k>=0.99613 +/- 18 pcm
  [GPU] batch   86/150 | k=0.99664  <k>=0.99614 +/- 18 pcm
  [GPU] batch   87/150 | k=0.99555  <k>=0.99613 +/- 17 pcm
  [GPU] batch   88/150 | k=0.99866  <k>=0.99617 +/- 18 pcm
  [GPU] batch   89/150 | k=0.99730  <k>=0.99619 +/- 17 pcm
  [GPU] batch   90/150 | k=0.99535  <k>=0.99618 +/- 17 pcm
  [GPU] batch   91/150 | k=0.99713  <k>=0.99620 +/- 17 pcm
  [GPU] batch   92/150 | k=0.99303  <k>=0.99614 +/- 17 pcm
  [GPU] batch   93/150 | k=0.99331  <k>=0.99610 +/- 18 pcm
  [GPU] batch   94/150 | k=0.99510  <k>=0.99608 +/- 18 pcm
  [GPU] batch   95/150 | k=0.99793  <k>=0.99611 +/- 18 pcm
  [GPU] batch   96/150 | k=0.99628  <k>=0.99611 +/- 17 pcm
  [GPU] batch   97/150 | k=0.99459  <k>=0.99609 +/- 17 pcm
  [GPU] batch   98/150 | k=0.99635  <k>=0.99610 +/- 17 pcm
  [GPU] batch   99/150 | k=0.99628  <k>=0.99610 +/- 17 pcm
  [GPU] batch  100/150 | k=0.99770  <k>=0.99612 +/- 17 pcm
  [GPU] batch  101/150 | k=0.99621  <k>=0.99612 +/- 16 pcm
  [GPU] batch  102/150 | k=0.99359  <k>=0.99609 +/- 16 pcm
  [GPU] batch  103/150 | k=0.99649  <k>=0.99609 +/- 16 pcm
  [GPU] batch  104/150 | k=0.99949  <k>=0.99614 +/- 17 pcm
  [GPU] batch  105/150 | k=0.99360  <k>=0.99610 +/- 17 pcm
  [GPU] batch  106/150 | k=0.99730  <k>=0.99612 +/- 17 pcm
  [GPU] batch  107/150 | k=0.99595  <k>=0.99612 +/- 16 pcm
  [GPU] batch  108/150 | k=0.99555  <k>=0.99611 +/- 16 pcm
  [GPU] batch  109/150 | k=0.99569  <k>=0.99611 +/- 16 pcm
  [GPU] batch  110/150 | k=0.99586  <k>=0.99610 +/- 16 pcm
  [GPU] batch  111/150 | k=0.99447  <k>=0.99608 +/- 16 pcm
  [GPU] batch  112/150 | k=0.99324  <k>=0.99605 +/- 16 pcm
  [GPU] batch  113/150 | k=0.99442  <k>=0.99603 +/- 16 pcm
  [GPU] batch  114/150 | k=0.99469  <k>=0.99601 +/- 16 pcm
  [GPU] batch  115/150 | k=0.99836  <k>=0.99604 +/- 16 pcm
  [GPU] batch  116/150 | k=0.99570  <k>=0.99604 +/- 16 pcm
  [GPU] batch  117/150 | k=0.99598  <k>=0.99604 +/- 15 pcm
  [GPU] batch  118/150 | k=0.99502  <k>=0.99602 +/- 15 pcm
  [GPU] batch  119/150 | k=0.99387  <k>=0.99600 +/- 15 pcm
  [GPU] batch  120/150 | k=0.99591  <k>=0.99600 +/- 15 pcm
  [GPU] batch  121/150 | k=0.99241  <k>=0.99596 +/- 16 pcm
  [GPU] batch  122/150 | k=0.99668  <k>=0.99597 +/- 15 pcm
  [GPU] batch  123/150 | k=0.99351  <k>=0.99594 +/- 15 pcm
  [GPU] batch  124/150 | k=0.99672  <k>=0.99595 +/- 15 pcm
  [GPU] batch  125/150 | k=0.99613  <k>=0.99595 +/- 15 pcm
  [GPU] batch  126/150 | k=0.99570  <k>=0.99595 +/- 15 pcm
  [GPU] batch  127/150 | k=0.99928  <k>=0.99598 +/- 15 pcm
  [GPU] batch  128/150 | k=0.99500  <k>=0.99597 +/- 15 pcm
  [GPU] batch  129/150 | k=0.99695  <k>=0.99598 +/- 15 pcm
  [GPU] batch  130/150 | k=0.99629  <k>=0.99599 +/- 15 pcm
  [GPU] batch  131/150 | k=0.99750  <k>=0.99600 +/- 15 pcm
  [GPU] batch  132/150 | k=0.99787  <k>=0.99602 +/- 15 pcm
  [GPU] batch  133/150 | k=0.99494  <k>=0.99601 +/- 15 pcm
  [GPU] batch  134/150 | k=0.99668  <k>=0.99601 +/- 15 pcm
  [GPU] batch  135/150 | k=0.99538  <k>=0.99601 +/- 14 pcm
  [GPU] batch  136/150 | k=0.99766  <k>=0.99602 +/- 14 pcm
  [GPU] batch  137/150 | k=0.99476  <k>=0.99601 +/- 14 pcm
  [GPU] batch  138/150 | k=0.99578  <k>=0.99601 +/- 14 pcm
  [GPU] batch  139/150 | k=0.99632  <k>=0.99601 +/- 14 pcm
  [GPU] batch  140/150 | k=0.99882  <k>=0.99604 +/- 14 pcm
  [GPU] batch  141/150 | k=0.99701  <k>=0.99605 +/- 14 pcm
  [GPU] batch  142/150 | k=0.99711  <k>=0.99606 +/- 14 pcm
  [GPU] batch  143/150 | k=0.99537  <k>=0.99605 +/- 14 pcm
  [GPU] batch  144/150 | k=1.00006  <k>=0.99609 +/- 14 pcm
  [GPU] batch  145/150 | k=0.99483  <k>=0.99608 +/- 14 pcm
  [GPU] batch  146/150 | k=0.99552  <k>=0.99607 +/- 14 pcm
  [GPU] batch  147/150 | k=0.99402  <k>=0.99605 +/- 14 pcm
  [GPU] batch  148/150 | k=0.99303  <k>=0.99603 +/- 14 pcm
  [GPU] batch  149/150 | k=0.99662  <k>=0.99603 +/- 14 pcm
  [GPU] batch  150/150 | k=0.99766  <k>=0.99605 +/- 14 pcm
  heu-met-fast-015 -- seed 2/5 done in 75.2s: k=0.99605 +/- 0.00014
  heu-met-fast-015 -- seed 3/5 (seed=44) starting
  GPU: WMP payload = 0.0 KB (0 / 14 nuclides covered)
  GPU auto-refill: picked factor=3.48 for particles_per_batch=200000
  [GPU] batch    1/150 | k=0.83738  (inactive)
  [GPU] batch    2/150 | k=0.95653  (inactive)
  [GPU] batch    3/150 | k=0.97874  (inactive)
  [GPU] batch    4/150 | k=0.98987  (inactive)
  [GPU] batch    5/150 | k=0.99199  (inactive)
  [GPU] batch    6/150 | k=0.99447  (inactive)
  [GPU] batch    7/150 | k=0.99338  (inactive)
  [GPU] batch    8/150 | k=0.99567  (inactive)
  [GPU] batch    9/150 | k=0.99568  (inactive)
  [GPU] batch   10/150 | k=0.99870  (inactive)
  [GPU] batch   11/150 | k=0.99707  (inactive)
  [GPU] batch   12/150 | k=0.99704  (inactive)
  [GPU] batch   13/150 | k=0.99498  (inactive)
  [GPU] batch   14/150 | k=0.99505  (inactive)
  [GPU] batch   15/150 | k=0.99406  (inactive)
  [GPU] batch   16/150 | k=0.99482  (inactive)
  [GPU] batch   17/150 | k=0.99867  (inactive)
  [GPU] batch   18/150 | k=0.99501  (inactive)
  [GPU] batch   19/150 | k=0.99450  (inactive)
  [GPU] batch   20/150 | k=0.99461  (inactive)
  [GPU] batch   21/150 | k=0.99562  (inactive)
  [GPU] batch   22/150 | k=0.99682  (inactive)
  [GPU] batch   23/150 | k=0.99677  (inactive)
  [GPU] batch   24/150 | k=0.99587  (inactive)
  [GPU] batch   25/150 | k=0.99548  (inactive)
  [GPU] batch   26/150 | k=0.99528  (inactive)
  [GPU] batch   27/150 | k=0.99721  (inactive)
  [GPU] batch   28/150 | k=0.99403  (inactive)
  [GPU] batch   29/150 | k=0.99558  (inactive)
  [GPU] batch   30/150 | k=0.99637  (inactive)
  [GPU] batch   31/150 | k=0.99581  (1st active)
  [GPU] batch   32/150 | k=0.99675  <k>=0.99628 +/- 47 pcm
  [GPU] batch   33/150 | k=0.99581  <k>=0.99612 +/- 31 pcm
  [GPU] batch   34/150 | k=0.99541  <k>=0.99594 +/- 28 pcm
  [GPU] batch   35/150 | k=0.99276  <k>=0.99531 +/- 67 pcm
  [GPU] batch   36/150 | k=0.99602  <k>=0.99542 +/- 56 pcm
  [GPU] batch   37/150 | k=0.99323  <k>=0.99511 +/- 57 pcm
  [GPU] batch   38/150 | k=0.99426  <k>=0.99500 +/- 50 pcm
  [GPU] batch   39/150 | k=0.99549  <k>=0.99506 +/- 45 pcm
  [GPU] batch   40/150 | k=0.99634  <k>=0.99519 +/- 42 pcm
  [GPU] batch   41/150 | k=0.99818  <k>=0.99546 +/- 47 pcm
  [GPU] batch   42/150 | k=0.99795  <k>=0.99567 +/- 48 pcm
  [GPU] batch   43/150 | k=0.99470  <k>=0.99559 +/- 44 pcm
  [GPU] batch   44/150 | k=0.99827  <k>=0.99578 +/- 45 pcm
  [GPU] batch   45/150 | k=0.99703  <k>=0.99587 +/- 43 pcm
  [GPU] batch   46/150 | k=0.99437  <k>=0.99577 +/- 41 pcm
  [GPU] batch   47/150 | k=0.99576  <k>=0.99577 +/- 39 pcm
  [GPU] batch   48/150 | k=0.99461  <k>=0.99571 +/- 37 pcm
  [GPU] batch   49/150 | k=0.99526  <k>=0.99568 +/- 35 pcm
  [GPU] batch   50/150 | k=0.99536  <k>=0.99567 +/- 33 pcm
  [GPU] batch   51/150 | k=0.99733  <k>=0.99575 +/- 33 pcm
  [GPU] batch   52/150 | k=0.99585  <k>=0.99575 +/- 31 pcm
  [GPU] batch   53/150 | k=0.99569  <k>=0.99575 +/- 30 pcm
  [GPU] batch   54/150 | k=0.99546  <k>=0.99574 +/- 29 pcm
  [GPU] batch   55/150 | k=0.99458  <k>=0.99569 +/- 28 pcm
  [GPU] batch   56/150 | k=0.99528  <k>=0.99567 +/- 27 pcm
  [GPU] batch   57/150 | k=0.99495  <k>=0.99565 +/- 26 pcm
  [GPU] batch   58/150 | k=0.99544  <k>=0.99564 +/- 25 pcm
  [GPU] batch   59/150 | k=0.99706  <k>=0.99569 +/- 25 pcm
  [GPU] batch   60/150 | k=0.99658  <k>=0.99572 +/- 24 pcm
  [GPU] batch   61/150 | k=0.99584  <k>=0.99572 +/- 23 pcm
  [GPU] batch   62/150 | k=0.99625  <k>=0.99574 +/- 22 pcm
  [GPU] batch   63/150 | k=0.99677  <k>=0.99577 +/- 22 pcm
  [GPU] batch   64/150 | k=0.99543  <k>=0.99576 +/- 21 pcm
  [GPU] batch   65/150 | k=0.99314  <k>=0.99569 +/- 22 pcm
  [GPU] batch   66/150 | k=0.99876  <k>=0.99577 +/- 23 pcm
  [GPU] batch   67/150 | k=0.99717  <k>=0.99581 +/- 23 pcm
  [GPU] batch   68/150 | k=0.99831  <k>=0.99587 +/- 23 pcm
  [GPU] batch   69/150 | k=0.99754  <k>=0.99592 +/- 23 pcm
  [GPU] batch   70/150 | k=0.99661  <k>=0.99593 +/- 22 pcm
  [GPU] batch   71/150 | k=0.99397  <k>=0.99589 +/- 22 pcm
  [GPU] batch   72/150 | k=0.99495  <k>=0.99586 +/- 22 pcm
  [GPU] batch   73/150 | k=0.99704  <k>=0.99589 +/- 22 pcm
  [GPU] batch   74/150 | k=0.99765  <k>=0.99593 +/- 21 pcm
  [GPU] batch   75/150 | k=0.99653  <k>=0.99594 +/- 21 pcm
  [GPU] batch   76/150 | k=0.99552  <k>=0.99594 +/- 21 pcm
  [GPU] batch   77/150 | k=0.99741  <k>=0.99597 +/- 20 pcm
  [GPU] batch   78/150 | k=0.99670  <k>=0.99598 +/- 20 pcm
  [GPU] batch   79/150 | k=0.99438  <k>=0.99595 +/- 20 pcm
  [GPU] batch   80/150 | k=0.99478  <k>=0.99593 +/- 20 pcm
  [GPU] batch   81/150 | k=0.99447  <k>=0.99590 +/- 19 pcm
  [GPU] batch   82/150 | k=0.99651  <k>=0.99591 +/- 19 pcm
  [GPU] batch   83/150 | k=0.99614  <k>=0.99591 +/- 19 pcm
  [GPU] batch   84/150 | k=0.99526  <k>=0.99590 +/- 18 pcm
  [GPU] batch   85/150 | k=0.99702  <k>=0.99592 +/- 18 pcm
  [GPU] batch   86/150 | k=0.99808  <k>=0.99596 +/- 18 pcm
  [GPU] batch   87/150 | k=0.99610  <k>=0.99596 +/- 18 pcm
  [GPU] batch   88/150 | k=0.99527  <k>=0.99595 +/- 18 pcm
  [GPU] batch   89/150 | k=0.99771  <k>=0.99598 +/- 18 pcm
  [GPU] batch   90/150 | k=0.99793  <k>=0.99601 +/- 18 pcm
  [GPU] batch   91/150 | k=0.99655  <k>=0.99602 +/- 17 pcm
  [GPU] batch   92/150 | k=0.99601  <k>=0.99602 +/- 17 pcm
  [GPU] batch   93/150 | k=0.99693  <k>=0.99604 +/- 17 pcm
  [GPU] batch   94/150 | k=0.99398  <k>=0.99600 +/- 17 pcm
  [GPU] batch   95/150 | k=0.99412  <k>=0.99598 +/- 17 pcm
  [GPU] batch   96/150 | k=0.99781  <k>=0.99600 +/- 17 pcm
  [GPU] batch   97/150 | k=0.99618  <k>=0.99601 +/- 17 pcm
  [GPU] batch   98/150 | k=0.99567  <k>=0.99600 +/- 16 pcm
  [GPU] batch   99/150 | k=0.99572  <k>=0.99600 +/- 16 pcm
  [GPU] batch  100/150 | k=0.99668  <k>=0.99601 +/- 16 pcm
  [GPU] batch  101/150 | k=0.99508  <k>=0.99599 +/- 16 pcm
  [GPU] batch  102/150 | k=0.99546  <k>=0.99599 +/- 16 pcm
  [GPU] batch  103/150 | k=0.99651  <k>=0.99599 +/- 15 pcm
  [GPU] batch  104/150 | k=0.99703  <k>=0.99601 +/- 15 pcm
  [GPU] batch  105/150 | k=0.99654  <k>=0.99601 +/- 15 pcm
  [GPU] batch  106/150 | k=0.99620  <k>=0.99602 +/- 15 pcm
  [GPU] batch  107/150 | k=0.99638  <k>=0.99602 +/- 15 pcm
  [GPU] batch  108/150 | k=0.99553  <k>=0.99602 +/- 14 pcm
  [GPU] batch  109/150 | k=0.99534  <k>=0.99601 +/- 14 pcm
  [GPU] batch  110/150 | k=0.99521  <k>=0.99600 +/- 14 pcm
  [GPU] batch  111/150 | k=0.99596  <k>=0.99600 +/- 14 pcm
  [GPU] batch  112/150 | k=0.99581  <k>=0.99599 +/- 14 pcm
  [GPU] batch  113/150 | k=0.99566  <k>=0.99599 +/- 14 pcm
  [GPU] batch  114/150 | k=0.99739  <k>=0.99601 +/- 14 pcm
  [GPU] batch  115/150 | k=0.99540  <k>=0.99600 +/- 13 pcm
  [GPU] batch  116/150 | k=0.99557  <k>=0.99599 +/- 13 pcm
  [GPU] batch  117/150 | k=0.99551  <k>=0.99599 +/- 13 pcm
  [GPU] batch  118/150 | k=0.99786  <k>=0.99601 +/- 13 pcm
  [GPU] batch  119/150 | k=0.99541  <k>=0.99600 +/- 13 pcm
  [GPU] batch  120/150 | k=0.99792  <k>=0.99602 +/- 13 pcm
  [GPU] batch  121/150 | k=0.99643  <k>=0.99603 +/- 13 pcm
  [GPU] batch  122/150 | k=0.99410  <k>=0.99601 +/- 13 pcm
  [GPU] batch  123/150 | k=0.99705  <k>=0.99602 +/- 13 pcm
  [GPU] batch  124/150 | k=0.99494  <k>=0.99601 +/- 13 pcm
  [GPU] batch  125/150 | k=0.99498  <k>=0.99600 +/- 13 pcm
  [GPU] batch  126/150 | k=0.99550  <k>=0.99599 +/- 13 pcm
  [GPU] batch  127/150 | k=0.99684  <k>=0.99600 +/- 13 pcm
  [GPU] batch  128/150 | k=0.99791  <k>=0.99602 +/- 13 pcm
  [GPU] batch  129/150 | k=0.99663  <k>=0.99603 +/- 12 pcm
  [GPU] batch  130/150 | k=0.99730  <k>=0.99604 +/- 12 pcm
  [GPU] batch  131/150 | k=0.99640  <k>=0.99604 +/- 12 pcm
  [GPU] batch  132/150 | k=0.99594  <k>=0.99604 +/- 12 pcm
  [GPU] batch  133/150 | k=0.99590  <k>=0.99604 +/- 12 pcm
  [GPU] batch  134/150 | k=0.99203  <k>=0.99600 +/- 13 pcm
  [GPU] batch  135/150 | k=0.99305  <k>=0.99597 +/- 13 pcm
  [GPU] batch  136/150 | k=0.99536  <k>=0.99597 +/- 13 pcm
  [GPU] batch  137/150 | k=0.99741  <k>=0.99598 +/- 13 pcm
  [GPU] batch  138/150 | k=0.99656  <k>=0.99599 +/- 12 pcm
  [GPU] batch  139/150 | k=0.99677  <k>=0.99599 +/- 12 pcm
  [GPU] batch  140/150 | k=0.99656  <k>=0.99600 +/- 12 pcm
  [GPU] batch  141/150 | k=0.99605  <k>=0.99600 +/- 12 pcm
  [GPU] batch  142/150 | k=0.99826  <k>=0.99602 +/- 12 pcm
  [GPU] batch  143/150 | k=0.99634  <k>=0.99602 +/- 12 pcm
  [GPU] batch  144/150 | k=0.99675  <k>=0.99603 +/- 12 pcm
  [GPU] batch  145/150 | k=0.99794  <k>=0.99605 +/- 12 pcm
  [GPU] batch  146/150 | k=0.99572  <k>=0.99604 +/- 12 pcm
  [GPU] batch  147/150 | k=0.99518  <k>=0.99604 +/- 12 pcm
  [GPU] batch  148/150 | k=0.99669  <k>=0.99604 +/- 12 pcm
  [GPU] batch  149/150 | k=0.99619  <k>=0.99604 +/- 12 pcm
  [GPU] batch  150/150 | k=0.99783  <k>=0.99606 +/- 12 pcm
  heu-met-fast-015 -- seed 3/5 done in 75.3s: k=0.99606 +/- 0.00012
  heu-met-fast-015 -- seed 4/5 (seed=45) starting
  GPU: WMP payload = 0.0 KB (0 / 14 nuclides covered)
  GPU auto-refill: picked factor=3.48 for particles_per_batch=200000
  [GPU] batch    1/150 | k=0.83863  (inactive)
  [GPU] batch    2/150 | k=0.95639  (inactive)
  [GPU] batch    3/150 | k=0.97632  (inactive)
  [GPU] batch    4/150 | k=0.98954  (inactive)
  [GPU] batch    5/150 | k=0.99248  (inactive)
  [GPU] batch    6/150 | k=0.99223  (inactive)
  [GPU] batch    7/150 | k=0.99395  (inactive)
  [GPU] batch    8/150 | k=0.99495  (inactive)
  [GPU] batch    9/150 | k=0.99789  (inactive)
  [GPU] batch   10/150 | k=0.99577  (inactive)
  [GPU] batch   11/150 | k=0.99726  (inactive)
  [GPU] batch   12/150 | k=0.99525  (inactive)
  [GPU] batch   13/150 | k=0.99415  (inactive)
  [GPU] batch   14/150 | k=0.99482  (inactive)
  [GPU] batch   15/150 | k=0.99590  (inactive)
  [GPU] batch   16/150 | k=0.99697  (inactive)
  [GPU] batch   17/150 | k=0.99625  (inactive)
  [GPU] batch   18/150 | k=0.99438  (inactive)
  [GPU] batch   19/150 | k=0.99550  (inactive)
  [GPU] batch   20/150 | k=0.99824  (inactive)
  [GPU] batch   21/150 | k=0.99646  (inactive)
  [GPU] batch   22/150 | k=0.99787  (inactive)
  [GPU] batch   23/150 | k=0.99875  (inactive)
  [GPU] batch   24/150 | k=0.99687  (inactive)
  [GPU] batch   25/150 | k=0.99598  (inactive)
  [GPU] batch   26/150 | k=0.99520  (inactive)
  [GPU] batch   27/150 | k=0.99433  (inactive)
  [GPU] batch   28/150 | k=0.99874  (inactive)
  [GPU] batch   29/150 | k=0.99641  (inactive)
  [GPU] batch   30/150 | k=0.99721  (inactive)
  [GPU] batch   31/150 | k=0.99845  (1st active)
  [GPU] batch   32/150 | k=0.99922  <k>=0.99883 +/- 39 pcm
  [GPU] batch   33/150 | k=0.99542  <k>=0.99770 +/- 116 pcm
  [GPU] batch   34/150 | k=0.99623  <k>=0.99733 +/- 90 pcm
  [GPU] batch   35/150 | k=0.99557  <k>=0.99698 +/- 78 pcm
  [GPU] batch   36/150 | k=0.99558  <k>=0.99675 +/- 68 pcm
  [GPU] batch   37/150 | k=0.99815  <k>=0.99695 +/- 61 pcm
  [GPU] batch   38/150 | k=0.99594  <k>=0.99682 +/- 54 pcm
  [GPU] batch   39/150 | k=0.99447  <k>=0.99656 +/- 54 pcm
  [GPU] batch   40/150 | k=0.99575  <k>=0.99648 +/- 49 pcm
  [GPU] batch   41/150 | k=0.99626  <k>=0.99646 +/- 45 pcm
  [GPU] batch   42/150 | k=0.99380  <k>=0.99624 +/- 46 pcm
  [GPU] batch   43/150 | k=0.99533  <k>=0.99617 +/- 43 pcm
  [GPU] batch   44/150 | k=0.99456  <k>=0.99605 +/- 42 pcm
  [GPU] batch   45/150 | k=0.99752  <k>=0.99615 +/- 40 pcm
  [GPU] batch   46/150 | k=0.99305  <k>=0.99596 +/- 42 pcm
  [GPU] batch   47/150 | k=0.99654  <k>=0.99599 +/- 40 pcm
  [GPU] batch   48/150 | k=0.99522  <k>=0.99595 +/- 38 pcm
  [GPU] batch   49/150 | k=0.99405  <k>=0.99585 +/- 37 pcm
  [GPU] batch   50/150 | k=0.99745  <k>=0.99593 +/- 36 pcm
  [GPU] batch   51/150 | k=0.99431  <k>=0.99585 +/- 35 pcm
  [GPU] batch   52/150 | k=0.99888  <k>=0.99599 +/- 36 pcm
  [GPU] batch   53/150 | k=0.99429  <k>=0.99592 +/- 35 pcm
  [GPU] batch   54/150 | k=0.99623  <k>=0.99593 +/- 34 pcm
  [GPU] batch   55/150 | k=0.99616  <k>=0.99594 +/- 33 pcm
  [GPU] batch   56/150 | k=0.99439  <k>=0.99588 +/- 32 pcm
  [GPU] batch   57/150 | k=0.99657  <k>=0.99590 +/- 31 pcm
  [GPU] batch   58/150 | k=0.99636  <k>=0.99592 +/- 30 pcm
  [GPU] batch   59/150 | k=0.99438  <k>=0.99587 +/- 29 pcm
  [GPU] batch   60/150 | k=0.99579  <k>=0.99586 +/- 28 pcm
  [GPU] batch   61/150 | k=0.99431  <k>=0.99581 +/- 28 pcm
  [GPU] batch   62/150 | k=0.99506  <k>=0.99579 +/- 27 pcm
  [GPU] batch   63/150 | k=0.99486  <k>=0.99576 +/- 26 pcm
  [GPU] batch   64/150 | k=0.99779  <k>=0.99582 +/- 26 pcm
  [GPU] batch   65/150 | k=0.99805  <k>=0.99589 +/- 26 pcm
  [GPU] batch   66/150 | k=0.99704  <k>=0.99592 +/- 26 pcm
  [GPU] batch   67/150 | k=0.99471  <k>=0.99589 +/- 25 pcm
  [GPU] batch   68/150 | k=0.99712  <k>=0.99592 +/- 25 pcm
  [GPU] batch   69/150 | k=0.99623  <k>=0.99593 +/- 24 pcm
  [GPU] batch   70/150 | k=0.99518  <k>=0.99591 +/- 23 pcm
  [GPU] batch   71/150 | k=0.99777  <k>=0.99595 +/- 23 pcm
  [GPU] batch   72/150 | k=0.99879  <k>=0.99602 +/- 24 pcm
  [GPU] batch   73/150 | k=0.99621  <k>=0.99602 +/- 23 pcm
  [GPU] batch   74/150 | k=0.99751  <k>=0.99606 +/- 23 pcm
  [GPU] batch   75/150 | k=0.99665  <k>=0.99607 +/- 22 pcm
  [GPU] batch   76/150 | k=0.99499  <k>=0.99605 +/- 22 pcm
  [GPU] batch   77/150 | k=0.99633  <k>=0.99605 +/- 22 pcm
  [GPU] batch   78/150 | k=0.99737  <k>=0.99608 +/- 21 pcm
  [GPU] batch   79/150 | k=0.99426  <k>=0.99604 +/- 21 pcm
  [GPU] batch   80/150 | k=0.99552  <k>=0.99603 +/- 21 pcm
  [GPU] batch   81/150 | k=0.99575  <k>=0.99603 +/- 20 pcm
  [GPU] batch   82/150 | k=0.99788  <k>=0.99606 +/- 20 pcm
  [GPU] batch   83/150 | k=0.99484  <k>=0.99604 +/- 20 pcm
  [GPU] batch   84/150 | k=0.99832  <k>=0.99608 +/- 20 pcm
  [GPU] batch   85/150 | k=0.99525  <k>=0.99607 +/- 20 pcm
  [GPU] batch   86/150 | k=0.99483  <k>=0.99605 +/- 20 pcm
  [GPU] batch   87/150 | k=0.99538  <k>=0.99603 +/- 19 pcm
  [GPU] batch   88/150 | k=0.99686  <k>=0.99605 +/- 19 pcm
  [GPU] batch   89/150 | k=0.99609  <k>=0.99605 +/- 19 pcm
  [GPU] batch   90/150 | k=0.99680  <k>=0.99606 +/- 18 pcm
  [GPU] batch   91/150 | k=0.99589  <k>=0.99606 +/- 18 pcm
  [GPU] batch   92/150 | k=0.99817  <k>=0.99609 +/- 18 pcm
  [GPU] batch   93/150 | k=0.99908  <k>=0.99614 +/- 18 pcm
  [GPU] batch   94/150 | k=0.99688  <k>=0.99615 +/- 18 pcm
  [GPU] batch   95/150 | k=0.99538  <k>=0.99614 +/- 18 pcm
  [GPU] batch   96/150 | k=0.99682  <k>=0.99615 +/- 18 pcm
  [GPU] batch   97/150 | k=0.99634  <k>=0.99615 +/- 17 pcm
  [GPU] batch   98/150 | k=0.99570  <k>=0.99615 +/- 17 pcm
  [GPU] batch   99/150 | k=0.99520  <k>=0.99613 +/- 17 pcm
  [GPU] batch  100/150 | k=0.99793  <k>=0.99616 +/- 17 pcm
  [GPU] batch  101/150 | k=0.99646  <k>=0.99616 +/- 17 pcm
  [GPU] batch  102/150 | k=0.99513  <k>=0.99615 +/- 17 pcm
  [GPU] batch  103/150 | k=0.99392  <k>=0.99612 +/- 17 pcm
  [GPU] batch  104/150 | k=0.99829  <k>=0.99615 +/- 17 pcm
  [GPU] batch  105/150 | k=0.99451  <k>=0.99612 +/- 17 pcm
  [GPU] batch  106/150 | k=0.99615  <k>=0.99613 +/- 16 pcm
  [GPU] batch  107/150 | k=0.99527  <k>=0.99611 +/- 16 pcm
  [GPU] batch  108/150 | k=0.99374  <k>=0.99608 +/- 16 pcm
  [GPU] batch  109/150 | k=0.99350  <k>=0.99605 +/- 16 pcm
  [GPU] batch  110/150 | k=0.99702  <k>=0.99606 +/- 16 pcm
  [GPU] batch  111/150 | k=0.99474  <k>=0.99605 +/- 16 pcm
  [GPU] batch  112/150 | k=0.99636  <k>=0.99605 +/- 16 pcm
  [GPU] batch  113/150 | k=0.99428  <k>=0.99603 +/- 16 pcm
  [GPU] batch  114/150 | k=0.99568  <k>=0.99602 +/- 16 pcm
  [GPU] batch  115/150 | k=0.99654  <k>=0.99603 +/- 16 pcm
  [GPU] batch  116/150 | k=0.99752  <k>=0.99605 +/- 15 pcm
  [GPU] batch  117/150 | k=0.99914  <k>=0.99608 +/- 16 pcm
  [GPU] batch  118/150 | k=1.00023  <k>=0.99613 +/- 16 pcm
  [GPU] batch  119/150 | k=0.99705  <k>=0.99614 +/- 16 pcm
  [GPU] batch  120/150 | k=0.99655  <k>=0.99615 +/- 16 pcm
  [GPU] batch  121/150 | k=0.99587  <k>=0.99614 +/- 16 pcm
  [GPU] batch  122/150 | k=0.99516  <k>=0.99613 +/- 16 pcm
  [GPU] batch  123/150 | k=0.99615  <k>=0.99613 +/- 15 pcm
  [GPU] batch  124/150 | k=0.99697  <k>=0.99614 +/- 15 pcm
  [GPU] batch  125/150 | k=0.99432  <k>=0.99612 +/- 15 pcm
  [GPU] batch  126/150 | k=0.99956  <k>=0.99616 +/- 15 pcm
  [GPU] batch  127/150 | k=0.99694  <k>=0.99617 +/- 15 pcm
  [GPU] batch  128/150 | k=0.99582  <k>=0.99616 +/- 15 pcm
  [GPU] batch  129/150 | k=0.99406  <k>=0.99614 +/- 15 pcm
  [GPU] batch  130/150 | k=0.99569  <k>=0.99614 +/- 15 pcm
  [GPU] batch  131/150 | k=0.99573  <k>=0.99613 +/- 15 pcm
  [GPU] batch  132/150 | k=0.99586  <k>=0.99613 +/- 15 pcm
  [GPU] batch  133/150 | k=0.99698  <k>=0.99614 +/- 15 pcm
  [GPU] batch  134/150 | k=0.99793  <k>=0.99616 +/- 15 pcm
  [GPU] batch  135/150 | k=0.99636  <k>=0.99616 +/- 14 pcm
  [GPU] batch  136/150 | k=0.99483  <k>=0.99614 +/- 14 pcm
  [GPU] batch  137/150 | k=0.99706  <k>=0.99615 +/- 14 pcm
  [GPU] batch  138/150 | k=0.99569  <k>=0.99615 +/- 14 pcm
  [GPU] batch  139/150 | k=0.99585  <k>=0.99615 +/- 14 pcm
  [GPU] batch  140/150 | k=0.99566  <k>=0.99614 +/- 14 pcm
  [GPU] batch  141/150 | k=0.99607  <k>=0.99614 +/- 14 pcm
  [GPU] batch  142/150 | k=0.99824  <k>=0.99616 +/- 14 pcm
  [GPU] batch  143/150 | k=0.99506  <k>=0.99615 +/- 14 pcm
  [GPU] batch  144/150 | k=0.99448  <k>=0.99614 +/- 14 pcm
  [GPU] batch  145/150 | k=0.99752  <k>=0.99615 +/- 14 pcm
  [GPU] batch  146/150 | k=0.99345  <k>=0.99612 +/- 14 pcm
  [GPU] batch  147/150 | k=0.99658  <k>=0.99613 +/- 14 pcm
  [GPU] batch  148/150 | k=0.99574  <k>=0.99613 +/- 13 pcm
  [GPU] batch  149/150 | k=0.99517  <k>=0.99612 +/- 13 pcm
  [GPU] batch  150/150 | k=0.99489  <k>=0.99611 +/- 13 pcm
  heu-met-fast-015 -- seed 4/5 done in 75.5s: k=0.99611 +/- 0.00013
  heu-met-fast-015 -- seed 5/5 (seed=46) starting
  GPU: WMP payload = 0.0 KB (0 / 14 nuclides covered)
  GPU auto-refill: picked factor=3.48 for particles_per_batch=200000
  [GPU] batch    1/150 | k=0.84004  (inactive)
  [GPU] batch    2/150 | k=0.95736  (inactive)
  [GPU] batch    3/150 | k=0.97882  (inactive)
  [GPU] batch    4/150 | k=0.98817  (inactive)
  [GPU] batch    5/150 | k=0.99331  (inactive)
  [GPU] batch    6/150 | k=0.99434  (inactive)
  [GPU] batch    7/150 | k=0.99555  (inactive)
  [GPU] batch    8/150 | k=0.99601  (inactive)
  [GPU] batch    9/150 | k=0.99474  (inactive)
  [GPU] batch   10/150 | k=0.99777  (inactive)
  [GPU] batch   11/150 | k=0.99547  (inactive)
  [GPU] batch   12/150 | k=0.99703  (inactive)
  [GPU] batch   13/150 | k=0.99464  (inactive)
  [GPU] batch   14/150 | k=0.99614  (inactive)
  [GPU] batch   15/150 | k=0.99852  (inactive)
  [GPU] batch   16/150 | k=0.99687  (inactive)
  [GPU] batch   17/150 | k=0.99894  (inactive)
  [GPU] batch   18/150 | k=0.99741  (inactive)
  [GPU] batch   19/150 | k=0.99447  (inactive)
  [GPU] batch   20/150 | k=0.99688  (inactive)
  [GPU] batch   21/150 | k=0.99586  (inactive)
  [GPU] batch   22/150 | k=0.99522  (inactive)
  [GPU] batch   23/150 | k=0.99891  (inactive)
  [GPU] batch   24/150 | k=0.99902  (inactive)
  [GPU] batch   25/150 | k=0.99542  (inactive)
  [GPU] batch   26/150 | k=0.99433  (inactive)
  [GPU] batch   27/150 | k=0.99772  (inactive)
  [GPU] batch   28/150 | k=0.99567  (inactive)
  [GPU] batch   29/150 | k=0.99496  (inactive)
  [GPU] batch   30/150 | k=0.99595  (inactive)
  [GPU] batch   31/150 | k=0.99784  (1st active)
  [GPU] batch   32/150 | k=0.99548  <k>=0.99666 +/- 118 pcm
  [GPU] batch   33/150 | k=0.99628  <k>=0.99653 +/- 69 pcm
  [GPU] batch   34/150 | k=0.99627  <k>=0.99647 +/- 49 pcm
  [GPU] batch   35/150 | k=0.99558  <k>=0.99629 +/- 42 pcm
  [GPU] batch   36/150 | k=0.99588  <k>=0.99622 +/- 35 pcm
  [GPU] batch   37/150 | k=0.99805  <k>=0.99648 +/- 39 pcm
  [GPU] batch   38/150 | k=0.99827  <k>=0.99671 +/- 41 pcm
  [GPU] batch   39/150 | k=0.99756  <k>=0.99680 +/- 37 pcm
  [GPU] batch   40/150 | k=0.99423  <k>=0.99654 +/- 42 pcm
  [GPU] batch   41/150 | k=0.99757  <k>=0.99664 +/- 39 pcm
  [GPU] batch   42/150 | k=0.99702  <k>=0.99667 +/- 36 pcm
  [GPU] batch   43/150 | k=0.99642  <k>=0.99665 +/- 33 pcm
  [GPU] batch   44/150 | k=0.99450  <k>=0.99650 +/- 34 pcm
  [GPU] batch   45/150 | k=0.99703  <k>=0.99653 +/- 32 pcm
  [GPU] batch   46/150 | k=0.99520  <k>=0.99645 +/- 31 pcm
  [GPU] batch   47/150 | k=0.99495  <k>=0.99636 +/- 31 pcm
  [GPU] batch   48/150 | k=0.99446  <k>=0.99625 +/- 31 pcm
  [GPU] batch   49/150 | k=0.99353  <k>=0.99611 +/- 32 pcm
  [GPU] batch   50/150 | k=0.99459  <k>=0.99604 +/- 32 pcm
  [GPU] batch   51/150 | k=0.99556  <k>=0.99601 +/- 30 pcm
  [GPU] batch   52/150 | k=0.99620  <k>=0.99602 +/- 29 pcm
  [GPU] batch   53/150 | k=0.99447  <k>=0.99595 +/- 28 pcm
  [GPU] batch   54/150 | k=0.99621  <k>=0.99596 +/- 27 pcm
  [GPU] batch   55/150 | k=0.99463  <k>=0.99591 +/- 27 pcm
  [GPU] batch   56/150 | k=0.99562  <k>=0.99590 +/- 26 pcm
  [GPU] batch   57/150 | k=0.99445  <k>=0.99585 +/- 25 pcm
  [GPU] batch   58/150 | k=0.99628  <k>=0.99586 +/- 24 pcm
  [GPU] batch   59/150 | k=0.99472  <k>=0.99582 +/- 24 pcm
  [GPU] batch   60/150 | k=0.99358  <k>=0.99575 +/- 24 pcm
  [GPU] batch   61/150 | k=0.99463  <k>=0.99571 +/- 24 pcm
  [GPU] batch   62/150 | k=0.99347  <k>=0.99564 +/- 24 pcm
  [GPU] batch   63/150 | k=0.99288  <k>=0.99556 +/- 25 pcm
  [GPU] batch   64/150 | k=0.99483  <k>=0.99554 +/- 24 pcm
  [GPU] batch   65/150 | k=0.99256  <k>=0.99545 +/- 25 pcm
  [GPU] batch   66/150 | k=0.99496  <k>=0.99544 +/- 24 pcm
  [GPU] batch   67/150 | k=0.99654  <k>=0.99547 +/- 24 pcm
  [GPU] batch   68/150 | k=0.99504  <k>=0.99546 +/- 23 pcm
  [GPU] batch   69/150 | k=0.99469  <k>=0.99544 +/- 23 pcm
  [GPU] batch   70/150 | k=0.99423  <k>=0.99541 +/- 22 pcm
  [GPU] batch   71/150 | k=0.99670  <k>=0.99544 +/- 22 pcm
  [GPU] batch   72/150 | k=0.99470  <k>=0.99542 +/- 21 pcm
  [GPU] batch   73/150 | k=0.99421  <k>=0.99539 +/- 21 pcm
  [GPU] batch   74/150 | k=0.99726  <k>=0.99543 +/- 21 pcm
  [GPU] batch   75/150 | k=0.99635  <k>=0.99545 +/- 21 pcm
  [GPU] batch   76/150 | k=0.99291  <k>=0.99540 +/- 21 pcm
  [GPU] batch   77/150 | k=0.99656  <k>=0.99542 +/- 21 pcm
  [GPU] batch   78/150 | k=0.99745  <k>=0.99547 +/- 21 pcm
  [GPU] batch   79/150 | k=0.99792  <k>=0.99552 +/- 21 pcm
  [GPU] batch   80/150 | k=0.99468  <k>=0.99550 +/- 21 pcm
  [GPU] batch   81/150 | k=0.99850  <k>=0.99556 +/- 21 pcm
  [GPU] batch   82/150 | k=0.99801  <k>=0.99561 +/- 21 pcm
  [GPU] batch   83/150 | k=0.99521  <k>=0.99560 +/- 21 pcm
  [GPU] batch   84/150 | k=0.99700  <k>=0.99562 +/- 20 pcm
  [GPU] batch   85/150 | k=0.99448  <k>=0.99560 +/- 20 pcm
  [GPU] batch   86/150 | k=0.99496  <k>=0.99559 +/- 20 pcm
  [GPU] batch   87/150 | k=0.99600  <k>=0.99560 +/- 20 pcm
  [GPU] batch   88/150 | k=0.99749  <k>=0.99563 +/- 19 pcm
  [GPU] batch   89/150 | k=0.99546  <k>=0.99563 +/- 19 pcm
  [GPU] batch   90/150 | k=0.99457  <k>=0.99561 +/- 19 pcm
  [GPU] batch   91/150 | k=0.99505  <k>=0.99560 +/- 19 pcm
  [GPU] batch   92/150 | k=0.99456  <k>=0.99559 +/- 18 pcm
  [GPU] batch   93/150 | k=0.99626  <k>=0.99560 +/- 18 pcm
  [GPU] batch   94/150 | k=0.99445  <k>=0.99558 +/- 18 pcm
  [GPU] batch   95/150 | k=0.99550  <k>=0.99558 +/- 18 pcm
  [GPU] batch   96/150 | k=0.99449  <k>=0.99556 +/- 17 pcm
  [GPU] batch   97/150 | k=0.99972  <k>=0.99562 +/- 18 pcm
  [GPU] batch   98/150 | k=0.99749  <k>=0.99565 +/- 18 pcm
  [GPU] batch   99/150 | k=0.99521  <k>=0.99564 +/- 18 pcm
  [GPU] batch  100/150 | k=0.99508  <k>=0.99564 +/- 18 pcm
  [GPU] batch  101/150 | k=0.99421  <k>=0.99562 +/- 18 pcm
  [GPU] batch  102/150 | k=0.99769  <k>=0.99564 +/- 18 pcm
  [GPU] batch  103/150 | k=0.99589  <k>=0.99565 +/- 17 pcm
  [GPU] batch  104/150 | k=0.99574  <k>=0.99565 +/- 17 pcm
  [GPU] batch  105/150 | k=0.99687  <k>=0.99567 +/- 17 pcm
  [GPU] batch  106/150 | k=0.99778  <k>=0.99569 +/- 17 pcm
  [GPU] batch  107/150 | k=0.99746  <k>=0.99572 +/- 17 pcm
  [GPU] batch  108/150 | k=0.99404  <k>=0.99569 +/- 17 pcm
  [GPU] batch  109/150 | k=0.99533  <k>=0.99569 +/- 17 pcm
  [GPU] batch  110/150 | k=0.99860  <k>=0.99573 +/- 17 pcm
  [GPU] batch  111/150 | k=0.99584  <k>=0.99573 +/- 17 pcm
  [GPU] batch  112/150 | k=0.99682  <k>=0.99574 +/- 16 pcm
  [GPU] batch  113/150 | k=0.99487  <k>=0.99573 +/- 16 pcm
  [GPU] batch  114/150 | k=0.99476  <k>=0.99572 +/- 16 pcm
  [GPU] batch  115/150 | k=0.99591  <k>=0.99572 +/- 16 pcm
  [GPU] batch  116/150 | k=0.99481  <k>=0.99571 +/- 16 pcm
  [GPU] batch  117/150 | k=0.99658  <k>=0.99572 +/- 16 pcm
  [GPU] batch  118/150 | k=0.99593  <k>=0.99572 +/- 15 pcm
  [GPU] batch  119/150 | k=0.99493  <k>=0.99571 +/- 15 pcm
  [GPU] batch  120/150 | k=0.99437  <k>=0.99570 +/- 15 pcm
  [GPU] batch  121/150 | k=0.99482  <k>=0.99569 +/- 15 pcm
  [GPU] batch  122/150 | k=0.99472  <k>=0.99568 +/- 15 pcm
  [GPU] batch  123/150 | k=0.99455  <k>=0.99567 +/- 15 pcm
  [GPU] batch  124/150 | k=0.99338  <k>=0.99564 +/- 15 pcm
  [GPU] batch  125/150 | k=0.99665  <k>=0.99565 +/- 15 pcm
  [GPU] batch  126/150 | k=0.99700  <k>=0.99567 +/- 15 pcm
  [GPU] batch  127/150 | k=0.99749  <k>=0.99569 +/- 15 pcm
  [GPU] batch  128/150 | k=0.99396  <k>=0.99567 +/- 15 pcm
  [GPU] batch  129/150 | k=0.99753  <k>=0.99569 +/- 15 pcm
  [GPU] batch  130/150 | k=0.99754  <k>=0.99571 +/- 15 pcm
  [GPU] batch  131/150 | k=0.99448  <k>=0.99569 +/- 14 pcm
  [GPU] batch  132/150 | k=0.99695  <k>=0.99571 +/- 14 pcm
  [GPU] batch  133/150 | k=0.99732  <k>=0.99572 +/- 14 pcm
  [GPU] batch  134/150 | k=0.99811  <k>=0.99574 +/- 14 pcm
  [GPU] batch  135/150 | k=0.99632  <k>=0.99575 +/- 14 pcm
  [GPU] batch  136/150 | k=0.99759  <k>=0.99577 +/- 14 pcm
  [GPU] batch  137/150 | k=0.99472  <k>=0.99576 +/- 14 pcm
  [GPU] batch  138/150 | k=0.99791  <k>=0.99578 +/- 14 pcm
  [GPU] batch  139/150 | k=0.99726  <k>=0.99579 +/- 14 pcm
  [GPU] batch  140/150 | k=0.99516  <k>=0.99579 +/- 14 pcm
  [GPU] batch  141/150 | k=0.99647  <k>=0.99579 +/- 14 pcm
  [GPU] batch  142/150 | k=0.99743  <k>=0.99581 +/- 14 pcm
  [GPU] batch  143/150 | k=0.99491  <k>=0.99580 +/- 14 pcm
  [GPU] batch  144/150 | k=0.99507  <k>=0.99579 +/- 14 pcm
  [GPU] batch  145/150 | k=0.99611  <k>=0.99579 +/- 13 pcm
  [GPU] batch  146/150 | k=0.99741  <k>=0.99581 +/- 13 pcm
  [GPU] batch  147/150 | k=0.99676  <k>=0.99582 +/- 13 pcm
  [GPU] batch  148/150 | k=0.99770  <k>=0.99583 +/- 13 pcm
  [GPU] batch  149/150 | k=0.99400  <k>=0.99582 +/- 13 pcm
  [GPU] batch  150/150 | k=0.99449  <k>=0.99581 +/- 13 pcm
  heu-met-fast-015 -- seed 5/5 done in 75.2s: k=0.99581 +/- 0.00013
heu-met-fast-015: FAIL -- k=0.99595+/-0.00008, delta=-365pcm, bound=+/-340pcm, 2.15sigma, 376.6s (5seed x 150b x 30i x 200000p) [36/375]
[3/341] heu-met-fast-018_case-2 starting (5seed x 150b x 30i x 200000p)
  heu-met-fast-018_case-2 -- seed 1/5 (seed=42) starting
  GPU: WMP payload = 0.0 KB (0 / 14 nuclides covered)
  GPU auto-refill: picked factor=3.48 for particles_per_batch=200000
  [GPU] batch    1/150 | k=0.84269  (inactive)
  [GPU] batch    2/150 | k=0.96271  (inactive)
  [GPU] batch    3/150 | k=0.98685  (inactive)
  [GPU] batch    4/150 | k=0.99516  (inactive)
  [GPU] batch    5/150 | k=0.99583  (inactive)
  [GPU] batch    6/150 | k=0.99835  (inactive)
  [GPU] batch    7/150 | k=1.00291  (inactive)
  [GPU] batch    8/150 | k=1.00136  (inactive)
  [GPU] batch    9/150 | k=0.99925  (inactive)
  [GPU] batch   10/150 | k=0.99883  (inactive)
  [GPU] batch   11/150 | k=1.00389  (inactive)
  [GPU] batch   12/150 | k=0.99859  (inactive)
  [GPU] batch   13/150 | k=1.00059  (inactive)
  [GPU] batch   14/150 | k=1.00226  (inactive)
  [GPU] batch   15/150 | k=0.99841  (inactive)
  [GPU] batch   16/150 | k=1.00066  (inactive)
  [GPU] batch   17/150 | k=1.00221  (inactive)
  [GPU] batch   18/150 | k=1.00138  (inactive)
  [GPU] batch   19/150 | k=0.99933  (inactive)
  [GPU] batch   20/150 | k=1.00032  (inactive)
  [GPU] batch   21/150 | k=0.99884  (inactive)
  [GPU] batch   22/150 | k=1.00088  (inactive)
  [GPU] batch   23/150 | k=1.00157  (inactive)
  [GPU] batch   24/150 | k=1.00558  (inactive)
  [GPU] batch   25/150 | k=1.00369  (inactive)
  [GPU] batch   26/150 | k=1.00288  (inactive)
  [GPU] batch   27/150 | k=1.00172  (inactive)
  [GPU] batch   28/150 | k=1.00133  (inactive)
  [GPU] batch   29/150 | k=1.00026  (inactive)
  [GPU] batch   30/150 | k=0.99842  (inactive)
  [GPU] batch   31/150 | k=1.00173  (1st active)
  [GPU] batch   32/150 | k=1.00166  <k>=1.00170 +/- 4 pcm
  [GPU] batch   33/150 | k=1.00337  <k>=1.00226 +/- 56 pcm
  [GPU] batch   34/150 | k=0.99991  <k>=1.00167 +/- 71 pcm
  [GPU] batch   35/150 | k=0.99972  <k>=1.00128 +/- 67 pcm
  [GPU] batch   36/150 | k=1.00167  <k>=1.00134 +/- 55 pcm
  [GPU] batch   37/150 | k=1.00188  <k>=1.00142 +/- 47 pcm
  [GPU] batch   38/150 | k=1.00189  <k>=1.00148 +/- 41 pcm
  [GPU] batch   39/150 | k=1.00357  <k>=1.00171 +/- 43 pcm
  [GPU] batch   40/150 | k=1.00039  <k>=1.00158 +/- 41 pcm
  [GPU] batch   41/150 | k=0.99895  <k>=1.00134 +/- 44 pcm
  [GPU] batch   42/150 | k=1.00190  <k>=1.00139 +/- 40 pcm
  [GPU] batch   43/150 | k=1.00071  <k>=1.00133 +/- 38 pcm
  [GPU] batch   44/150 | k=1.00067  <k>=1.00129 +/- 35 pcm
  [GPU] batch   45/150 | k=1.00028  <k>=1.00122 +/- 33 pcm
  [GPU] batch   46/150 | k=0.99940  <k>=1.00111 +/- 33 pcm
  [GPU] batch   47/150 | k=1.00224  <k>=1.00117 +/- 32 pcm
  [GPU] batch   48/150 | k=1.00315  <k>=1.00128 +/- 32 pcm
  [GPU] batch   49/150 | k=1.00029  <k>=1.00123 +/- 31 pcm
  [GPU] batch   50/150 | k=1.00270  <k>=1.00130 +/- 30 pcm
  [GPU] batch   51/150 | k=1.00150  <k>=1.00131 +/- 29 pcm
  [GPU] batch   52/150 | k=0.99956  <k>=1.00123 +/- 28 pcm
  [GPU] batch   53/150 | k=1.00248  <k>=1.00129 +/- 28 pcm
  [GPU] batch   54/150 | k=1.00188  <k>=1.00131 +/- 27 pcm
  [GPU] batch   55/150 | k=1.00034  <k>=1.00127 +/- 26 pcm
  [GPU] batch   56/150 | k=1.00037  <k>=1.00124 +/- 25 pcm
  [GPU] batch   57/150 | k=1.00386  <k>=1.00134 +/- 26 pcm
  [GPU] batch   58/150 | k=1.00124  <k>=1.00133 +/- 25 pcm
  [GPU] batch   59/150 | k=1.00052  <k>=1.00130 +/- 24 pcm
  [GPU] batch   60/150 | k=1.00304  <k>=1.00136 +/- 24 pcm
  [GPU] batch   61/150 | k=1.00243  <k>=1.00140 +/- 24 pcm
  [GPU] batch   62/150 | k=1.00037  <k>=1.00136 +/- 23 pcm
  [GPU] batch   63/150 | k=0.99769  <k>=1.00125 +/- 25 pcm
  [GPU] batch   64/150 | k=0.99868  <k>=1.00118 +/- 25 pcm
  [GPU] batch   65/150 | k=1.00160  <k>=1.00119 +/- 25 pcm
  [GPU] batch   66/150 | k=0.99932  <k>=1.00114 +/- 25 pcm
  [GPU] batch   67/150 | k=0.99949  <k>=1.00109 +/- 24 pcm
  [GPU] batch   68/150 | k=1.00171  <k>=1.00111 +/- 24 pcm
  [GPU] batch   69/150 | k=0.99902  <k>=1.00106 +/- 24 pcm
  [GPU] batch   70/150 | k=0.99970  <k>=1.00102 +/- 23 pcm
  [GPU] batch   71/150 | k=0.99926  <k>=1.00098 +/- 23 pcm
  [GPU] batch   72/150 | k=1.00063  <k>=1.00097 +/- 23 pcm
  [GPU] batch   73/150 | k=0.99930  <k>=1.00093 +/- 22 pcm
  [GPU] batch   74/150 | k=1.00255  <k>=1.00097 +/- 22 pcm
  [GPU] batch   75/150 | k=1.00131  <k>=1.00098 +/- 22 pcm
  [GPU] batch   76/150 | k=1.00146  <k>=1.00099 +/- 21 pcm
  [GPU] batch   77/150 | k=1.00002  <k>=1.00097 +/- 21 pcm
  [GPU] batch   78/150 | k=1.00150  <k>=1.00098 +/- 21 pcm
  [GPU] batch   79/150 | k=0.99987  <k>=1.00095 +/- 20 pcm
  [GPU] batch   80/150 | k=1.00053  <k>=1.00095 +/- 20 pcm
  [GPU] batch   81/150 | k=1.00151  <k>=1.00096 +/- 20 pcm
  [GPU] batch   82/150 | k=1.00266  <k>=1.00099 +/- 19 pcm
  [GPU] batch   83/150 | k=1.00074  <k>=1.00099 +/- 19 pcm
  [GPU] batch   84/150 | k=0.99982  <k>=1.00096 +/- 19 pcm
  [GPU] batch   85/150 | k=1.00115  <k>=1.00097 +/- 18 pcm
  [GPU] batch   86/150 | k=0.99984  <k>=1.00095 +/- 18 pcm
  [GPU] batch   87/150 | k=1.00196  <k>=1.00096 +/- 18 pcm
  [GPU] batch   88/150 | k=1.00055  <k>=1.00096 +/- 18 pcm
  [GPU] batch   89/150 | k=0.99965  <k>=1.00094 +/- 18 pcm
  [GPU] batch   90/150 | k=1.00287  <k>=1.00097 +/- 18 pcm
  [GPU] batch   91/150 | k=0.99835  <k>=1.00092 +/- 18 pcm
  [GPU] batch   92/150 | k=1.00067  <k>=1.00092 +/- 18 pcm
  [GPU] batch   93/150 | k=1.00193  <k>=1.00094 +/- 17 pcm
  [GPU] batch   94/150 | k=1.00474  <k>=1.00100 +/- 18 pcm
  [GPU] batch   95/150 | k=0.99974  <k>=1.00098 +/- 18 pcm
  [GPU] batch   96/150 | k=1.00059  <k>=1.00097 +/- 18 pcm
  [GPU] batch   97/150 | k=0.99946  <k>=1.00095 +/- 17 pcm
  [GPU] batch   98/150 | k=1.00013  <k>=1.00094 +/- 17 pcm
  [GPU] batch   99/150 | k=1.00139  <k>=1.00094 +/- 17 pcm
  [GPU] batch  100/150 | k=1.00046  <k>=1.00094 +/- 17 pcm
  [GPU] batch  101/150 | k=1.00082  <k>=1.00093 +/- 17 pcm
  [GPU] batch  102/150 | k=0.99881  <k>=1.00090 +/- 17 pcm
  [GPU] batch  103/150 | k=1.00104  <k>=1.00091 +/- 16 pcm
  [GPU] batch  104/150 | k=1.00430  <k>=1.00095 +/- 17 pcm
  [GPU] batch  105/150 | k=1.00093  <k>=1.00095 +/- 17 pcm
  [GPU] batch  106/150 | k=1.00121  <k>=1.00096 +/- 16 pcm
  [GPU] batch  107/150 | k=1.00196  <k>=1.00097 +/- 16 pcm
  [GPU] batch  108/150 | k=1.00256  <k>=1.00099 +/- 16 pcm
  [GPU] batch  109/150 | k=0.99936  <k>=1.00097 +/- 16 pcm
  [GPU] batch  110/150 | k=1.00179  <k>=1.00098 +/- 16 pcm
  [GPU] batch  111/150 | k=1.00091  <k>=1.00098 +/- 16 pcm
  [GPU] batch  112/150 | k=1.00007  <k>=1.00097 +/- 16 pcm
  [GPU] batch  113/150 | k=1.00107  <k>=1.00097 +/- 15 pcm
  [GPU] batch  114/150 | k=1.00253  <k>=1.00099 +/- 15 pcm
  [GPU] batch  115/150 | k=1.00059  <k>=1.00098 +/- 15 pcm
  [GPU] batch  116/150 | k=1.00077  <k>=1.00098 +/- 15 pcm
  [GPU] batch  117/150 | k=0.99942  <k>=1.00096 +/- 15 pcm
  [GPU] batch  118/150 | k=1.00101  <k>=1.00096 +/- 15 pcm
  [GPU] batch  119/150 | k=1.00022  <k>=1.00095 +/- 15 pcm
  [GPU] batch  120/150 | k=1.00193  <k>=1.00096 +/- 14 pcm
  [GPU] batch  121/150 | k=1.00080  <k>=1.00096 +/- 14 pcm
  [GPU] batch  122/150 | k=0.99975  <k>=1.00095 +/- 14 pcm
  [GPU] batch  123/150 | k=0.99851  <k>=1.00092 +/- 14 pcm
  [GPU] batch  124/150 | k=0.99994  <k>=1.00091 +/- 14 pcm
  [GPU] batch  125/150 | k=0.99969  <k>=1.00090 +/- 14 pcm
  [GPU] batch  126/150 | k=1.00248  <k>=1.00092 +/- 14 pcm
  [GPU] batch  127/150 | k=1.00076  <k>=1.00092 +/- 14 pcm
  [GPU] batch  128/150 | k=1.00166  <k>=1.00092 +/- 14 pcm
  [GPU] batch  129/150 | k=0.99809  <k>=1.00089 +/- 14 pcm
  [GPU] batch  130/150 | k=1.00191  <k>=1.00090 +/- 14 pcm
  [GPU] batch  131/150 | k=0.99930  <k>=1.00089 +/- 14 pcm
  [GPU] batch  132/150 | k=0.99894  <k>=1.00087 +/- 14 pcm
  [GPU] batch  133/150 | k=1.00048  <k>=1.00087 +/- 14 pcm
  [GPU] batch  134/150 | k=1.00147  <k>=1.00087 +/- 13 pcm
  [GPU] batch  135/150 | k=1.00064  <k>=1.00087 +/- 13 pcm
  [GPU] batch  136/150 | k=1.00201  <k>=1.00088 +/- 13 pcm
  [GPU] batch  137/150 | k=0.99960  <k>=1.00087 +/- 13 pcm
  [GPU] batch  138/150 | k=1.00176  <k>=1.00088 +/- 13 pcm
  [GPU] batch  139/150 | k=1.00144  <k>=1.00088 +/- 13 pcm
  [GPU] batch  140/150 | k=0.99770  <k>=1.00085 +/- 13 pcm
  [GPU] batch  141/150 | k=0.99855  <k>=1.00083 +/- 13 pcm
  [GPU] batch  142/150 | k=0.99672  <k>=1.00079 +/- 14 pcm
  [GPU] batch  143/150 | k=0.99974  <k>=1.00079 +/- 14 pcm
  [GPU] batch  144/150 | k=0.99949  <k>=1.00077 +/- 13 pcm
  [GPU] batch  145/150 | k=0.99946  <k>=1.00076 +/- 13 pcm
  [GPU] batch  146/150 | k=1.00200  <k>=1.00077 +/- 13 pcm
  [GPU] batch  147/150 | k=1.00240  <k>=1.00079 +/- 13 pcm
  [GPU] batch  148/150 | k=1.00007  <k>=1.00078 +/- 13 pcm
  [GPU] batch  149/150 | k=1.00211  <k>=1.00079 +/- 13 pcm
  [GPU] batch  150/150 | k=1.00151  <k>=1.00080 +/- 13 pcm
  heu-met-fast-018_case-2 -- seed 1/5 done in 51.0s: k=1.00080 +/- 0.00013
  heu-met-fast-018_case-2 -- seed 2/5 (seed=43) starting
  GPU: WMP payload = 0.0 KB (0 / 14 nuclides covered)
  GPU auto-refill: picked factor=3.48 for particles_per_batch=200000
  [GPU] batch    1/150 | k=0.84261  (inactive)
  [GPU] batch    2/150 | k=0.96580  (inactive)
  [GPU] batch    3/150 | k=0.98681  (inactive)
  [GPU] batch    4/150 | k=0.99453  (inactive)
  [GPU] batch    5/150 | k=0.99859  (inactive)
  [GPU] batch    6/150 | k=0.99900  (inactive)
  [GPU] batch    7/150 | k=1.00337  (inactive)
  [GPU] batch    8/150 | k=1.00248  (inactive)
  [GPU] batch    9/150 | k=1.00082  (inactive)
  [GPU] batch   10/150 | k=1.00160  (inactive)
  [GPU] batch   11/150 | k=1.00207  (inactive)
  [GPU] batch   12/150 | k=0.99828  (inactive)
  [GPU] batch   13/150 | k=1.00508  (inactive)
  [GPU] batch   14/150 | k=1.00202  (inactive)
  [GPU] batch   15/150 | k=1.00252  (inactive)
  [GPU] batch   16/150 | k=1.00069  (inactive)
  [GPU] batch   17/150 | k=1.00155  (inactive)
  [GPU] batch   18/150 | k=1.00294  (inactive)
  [GPU] batch   19/150 | k=0.99860  (inactive)
  [GPU] batch   20/150 | k=1.00007  (inactive)
  [GPU] batch   21/150 | k=0.99959  (inactive)
  [GPU] batch   22/150 | k=0.99930  (inactive)
  [GPU] batch   23/150 | k=0.99970  (inactive)
  [GPU] batch   24/150 | k=1.00055  (inactive)
  [GPU] batch   25/150 | k=1.00005  (inactive)
  [GPU] batch   26/150 | k=1.00020  (inactive)
  [GPU] batch   27/150 | k=1.00047  (inactive)
  [GPU] batch   28/150 | k=1.00262  (inactive)
  [GPU] batch   29/150 | k=1.00038  (inactive)
  [GPU] batch   30/150 | k=1.00225  (inactive)
  [GPU] batch   31/150 | k=1.00048  (1st active)
  [GPU] batch   32/150 | k=1.00109  <k>=1.00079 +/- 31 pcm
  [GPU] batch   33/150 | k=1.00236  <k>=1.00131 +/- 55 pcm
  [GPU] batch   34/150 | k=1.00253  <k>=1.00162 +/- 50 pcm
  [GPU] batch   35/150 | k=1.00141  <k>=1.00157 +/- 39 pcm
  [GPU] batch   36/150 | k=1.00192  <k>=1.00163 +/- 32 pcm
  [GPU] batch   37/150 | k=0.99950  <k>=1.00133 +/- 41 pcm
  [GPU] batch   38/150 | k=0.99824  <k>=1.00094 +/- 52 pcm
  [GPU] batch   39/150 | k=1.00099  <k>=1.00095 +/- 46 pcm
  [GPU] batch   40/150 | k=0.99910  <k>=1.00076 +/- 45 pcm
  [GPU] batch   41/150 | k=1.00257  <k>=1.00093 +/- 44 pcm
  [GPU] batch   42/150 | k=1.00031  <k>=1.00088 +/- 41 pcm
  [GPU] batch   43/150 | k=1.00199  <k>=1.00096 +/- 38 pcm
  [GPU] batch   44/150 | k=1.00238  <k>=1.00106 +/- 37 pcm
  [GPU] batch   45/150 | k=0.99996  <k>=1.00099 +/- 35 pcm
  [GPU] batch   46/150 | k=1.00116  <k>=1.00100 +/- 33 pcm
  [GPU] batch   47/150 | k=0.99997  <k>=1.00094 +/- 31 pcm
  [GPU] batch   48/150 | k=1.00068  <k>=1.00092 +/- 30 pcm
  [GPU] batch   49/150 | k=1.00060  <k>=1.00091 +/- 28 pcm
  [GPU] batch   50/150 | k=1.00061  <k>=1.00089 +/- 27 pcm
  [GPU] batch   51/150 | k=1.00136  <k>=1.00092 +/- 26 pcm
  [GPU] batch   52/150 | k=1.00015  <k>=1.00088 +/- 25 pcm
  [GPU] batch   53/150 | k=1.00122  <k>=1.00090 +/- 24 pcm
  [GPU] batch   54/150 | k=1.00381  <k>=1.00102 +/- 26 pcm
  [GPU] batch   55/150 | k=0.99779  <k>=1.00089 +/- 28 pcm
  [GPU] batch   56/150 | k=1.00105  <k>=1.00089 +/- 27 pcm
  [GPU] batch   57/150 | k=1.00173  <k>=1.00092 +/- 26 pcm
  [GPU] batch   58/150 | k=1.00200  <k>=1.00096 +/- 25 pcm
  [GPU] batch   59/150 | k=1.00220  <k>=1.00101 +/- 25 pcm
  [GPU] batch   60/150 | k=1.00171  <k>=1.00103 +/- 24 pcm
  [GPU] batch   61/150 | k=1.00248  <k>=1.00108 +/- 24 pcm
  [GPU] batch   62/150 | k=0.99887  <k>=1.00101 +/- 24 pcm
  [GPU] batch   63/150 | k=1.00216  <k>=1.00104 +/- 23 pcm
  [GPU] batch   64/150 | k=1.00235  <k>=1.00108 +/- 23 pcm
  [GPU] batch   65/150 | k=1.00108  <k>=1.00108 +/- 22 pcm
  [GPU] batch   66/150 | k=1.00104  <k>=1.00108 +/- 22 pcm
  [GPU] batch   67/150 | k=1.00104  <k>=1.00108 +/- 21 pcm
  [GPU] batch   68/150 | k=1.00169  <k>=1.00109 +/- 21 pcm
  [GPU] batch   69/150 | k=0.99982  <k>=1.00106 +/- 20 pcm
  [GPU] batch   70/150 | k=1.00109  <k>=1.00106 +/- 20 pcm
  [GPU] batch   71/150 | k=1.00016  <k>=1.00104 +/- 19 pcm
  [GPU] batch   72/150 | k=1.00054  <k>=1.00103 +/- 19 pcm
  [GPU] batch   73/150 | k=0.99982  <k>=1.00100 +/- 19 pcm
  [GPU] batch   74/150 | k=0.99997  <k>=1.00098 +/- 19 pcm
  [GPU] batch   75/150 | k=1.00198  <k>=1.00100 +/- 18 pcm
  [GPU] batch   76/150 | k=0.99894  <k>=1.00095 +/- 18 pcm
  [GPU] batch   77/150 | k=0.99974  <k>=1.00093 +/- 18 pcm
  [GPU] batch   78/150 | k=0.99815  <k>=1.00087 +/- 19 pcm
  [GPU] batch   79/150 | k=0.99973  <k>=1.00085 +/- 18 pcm
  [GPU] batch   80/150 | k=1.00100  <k>=1.00085 +/- 18 pcm
  [GPU] batch   81/150 | k=1.00015  <k>=1.00084 +/- 18 pcm
  [GPU] batch   82/150 | k=1.00354  <k>=1.00089 +/- 18 pcm
  [GPU] batch   83/150 | k=1.00072  <k>=1.00089 +/- 18 pcm
  [GPU] batch   84/150 | k=1.00176  <k>=1.00090 +/- 18 pcm
  [GPU] batch   85/150 | k=0.99899  <k>=1.00087 +/- 18 pcm
  [GPU] batch   86/150 | k=1.00163  <k>=1.00088 +/- 17 pcm
  [GPU] batch   87/150 | k=1.00206  <k>=1.00090 +/- 17 pcm
  [GPU] batch   88/150 | k=1.00423  <k>=1.00096 +/- 18 pcm
  [GPU] batch   89/150 | k=1.00236  <k>=1.00098 +/- 18 pcm
  [GPU] batch   90/150 | k=1.00102  <k>=1.00098 +/- 17 pcm
  [GPU] batch   91/150 | k=1.00193  <k>=1.00100 +/- 17 pcm
  [GPU] batch   92/150 | k=0.99870  <k>=1.00096 +/- 17 pcm
  [GPU] batch   93/150 | k=0.99992  <k>=1.00095 +/- 17 pcm
  [GPU] batch   94/150 | k=0.99914  <k>=1.00092 +/- 17 pcm
  [GPU] batch   95/150 | k=1.00124  <k>=1.00092 +/- 17 pcm
  [GPU] batch   96/150 | k=1.00084  <k>=1.00092 +/- 17 pcm
  [GPU] batch   97/150 | k=1.00273  <k>=1.00095 +/- 17 pcm
  [GPU] batch   98/150 | k=1.00146  <k>=1.00096 +/- 16 pcm
  [GPU] batch   99/150 | k=1.00122  <k>=1.00096 +/- 16 pcm
  [GPU] batch  100/150 | k=1.00303  <k>=1.00099 +/- 16 pcm
  [GPU] batch  101/150 | k=1.00234  <k>=1.00101 +/- 16 pcm
  [GPU] batch  102/150 | k=1.00255  <k>=1.00103 +/- 16 pcm
  [GPU] batch  103/150 | k=1.00054  <k>=1.00102 +/- 16 pcm
  [GPU] batch  104/150 | k=1.00106  <k>=1.00102 +/- 16 pcm
  [GPU] batch  105/150 | k=0.99919  <k>=1.00100 +/- 15 pcm
  [GPU] batch  106/150 | k=1.00181  <k>=1.00101 +/- 15 pcm
  [GPU] batch  107/150 | k=1.00100  <k>=1.00101 +/- 15 pcm
  [GPU] batch  108/150 | k=1.00107  <k>=1.00101 +/- 15 pcm
  [GPU] batch  109/150 | k=0.99821  <k>=1.00097 +/- 15 pcm
  [GPU] batch  110/150 | k=1.00255  <k>=1.00099 +/- 15 pcm
  [GPU] batch  111/150 | k=1.00167  <k>=1.00100 +/- 15 pcm
  [GPU] batch  112/150 | k=0.99938  <k>=1.00098 +/- 15 pcm
  [GPU] batch  113/150 | k=0.99960  <k>=1.00097 +/- 15 pcm
  [GPU] batch  114/150 | k=0.99899  <k>=1.00094 +/- 15 pcm
  [GPU] batch  115/150 | k=1.00074  <k>=1.00094 +/- 15 pcm
  [GPU] batch  116/150 | k=0.99801  <k>=1.00091 +/- 15 pcm
  [GPU] batch  117/150 | k=1.00127  <k>=1.00091 +/- 15 pcm
  [GPU] batch  118/150 | k=0.99834  <k>=1.00088 +/- 15 pcm
  [GPU] batch  119/150 | k=0.99887  <k>=1.00086 +/- 15 pcm
  [GPU] batch  120/150 | k=1.00273  <k>=1.00088 +/- 15 pcm
  [GPU] batch  121/150 | k=1.00155  <k>=1.00089 +/- 15 pcm
  [GPU] batch  122/150 | k=0.99903  <k>=1.00087 +/- 15 pcm
  [GPU] batch  123/150 | k=1.00129  <k>=1.00087 +/- 14 pcm
  [GPU] batch  124/150 | k=1.00096  <k>=1.00087 +/- 14 pcm
  [GPU] batch  125/150 | k=1.00378  <k>=1.00090 +/- 15 pcm
  [GPU] batch  126/150 | k=1.00357  <k>=1.00093 +/- 15 pcm
  [GPU] batch  127/150 | k=1.00009  <k>=1.00092 +/- 14 pcm
  [GPU] batch  128/150 | k=1.00047  <k>=1.00092 +/- 14 pcm
  [GPU] batch  129/150 | k=0.99886  <k>=1.00090 +/- 14 pcm
  [GPU] batch  130/150 | k=1.00030  <k>=1.00089 +/- 14 pcm
  [GPU] batch  131/150 | k=1.00118  <k>=1.00089 +/- 14 pcm
  [GPU] batch  132/150 | k=0.99988  <k>=1.00088 +/- 14 pcm
  [GPU] batch  133/150 | k=0.99888  <k>=1.00086 +/- 14 pcm
  [GPU] batch  134/150 | k=1.00111  <k>=1.00087 +/- 14 pcm
  [GPU] batch  135/150 | k=0.99997  <k>=1.00086 +/- 14 pcm
  [GPU] batch  136/150 | k=0.99948  <k>=1.00084 +/- 14 pcm
  [GPU] batch  137/150 | k=1.00019  <k>=1.00084 +/- 14 pcm
  [GPU] batch  138/150 | k=1.00346  <k>=1.00086 +/- 14 pcm
  [GPU] batch  139/150 | k=1.00090  <k>=1.00086 +/- 14 pcm
  [GPU] batch  140/150 | k=1.00013  <k>=1.00086 +/- 13 pcm
  [GPU] batch  141/150 | k=0.99835  <k>=1.00083 +/- 13 pcm
  [GPU] batch  142/150 | k=1.00151  <k>=1.00084 +/- 13 pcm
  [GPU] batch  143/150 | k=0.99887  <k>=1.00082 +/- 13 pcm
  [GPU] batch  144/150 | k=1.00382  <k>=1.00085 +/- 14 pcm
  [GPU] batch  145/150 | k=0.99784  <k>=1.00082 +/- 14 pcm
  [GPU] batch  146/150 | k=1.00093  <k>=1.00082 +/- 14 pcm
  [GPU] batch  147/150 | k=1.00167  <k>=1.00083 +/- 13 pcm
  [GPU] batch  148/150 | k=0.99967  <k>=1.00082 +/- 13 pcm
  [GPU] batch  149/150 | k=1.00150  <k>=1.00083 +/- 13 pcm
  [GPU] batch  150/150 | k=0.99742  <k>=1.00080 +/- 13 pcm
  heu-met-fast-018_case-2 -- seed 2/5 done in 51.0s: k=1.00080 +/- 0.00013
  heu-met-fast-018_case-2 -- seed 3/5 (seed=44) starting
  GPU: WMP payload = 0.0 KB (0 / 14 nuclides covered)
  GPU auto-refill: picked factor=3.48 for particles_per_batch=200000
  [GPU] batch    1/150 | k=0.84085  (inactive)
  [GPU] batch    2/150 | k=0.96234  (inactive)
  [GPU] batch    3/150 | k=0.98373  (inactive)
  [GPU] batch    4/150 | k=0.99557  (inactive)
  [GPU] batch    5/150 | k=0.99649  (inactive)
  [GPU] batch    6/150 | k=1.00118  (inactive)
  [GPU] batch    7/150 | k=1.00066  (inactive)
  [GPU] batch    8/150 | k=0.99933  (inactive)
  [GPU] batch    9/150 | k=0.99640  (inactive)
  [GPU] batch   10/150 | k=1.00192  (inactive)
  [GPU] batch   11/150 | k=1.00154  (inactive)
  [GPU] batch   12/150 | k=0.99847  (inactive)
  [GPU] batch   13/150 | k=0.99770  (inactive)
  [GPU] batch   14/150 | k=1.00008  (inactive)
  [GPU] batch   15/150 | k=1.00313  (inactive)
  [GPU] batch   16/150 | k=1.00253  (inactive)
  [GPU] batch   17/150 | k=1.00026  (inactive)
  [GPU] batch   18/150 | k=0.99782  (inactive)
  [GPU] batch   19/150 | k=0.99925  (inactive)
  [GPU] batch   20/150 | k=0.99889  (inactive)
  [GPU] batch   21/150 | k=0.99949  (inactive)
  [GPU] batch   22/150 | k=0.99888  (inactive)
  [GPU] batch   23/150 | k=0.99919  (inactive)
  [GPU] batch   24/150 | k=0.99837  (inactive)
  [GPU] batch   25/150 | k=1.00118  (inactive)
  [GPU] batch   26/150 | k=1.00202  (inactive)
  [GPU] batch   27/150 | k=0.99998  (inactive)
  [GPU] batch   28/150 | k=1.00139  (inactive)
  [GPU] batch   29/150 | k=0.99763  (inactive)
  [GPU] batch   30/150 | k=0.99999  (inactive)
  [GPU] batch   31/150 | k=0.99884  (1st active)
  [GPU] batch   32/150 | k=1.00041  <k>=0.99962 +/- 78 pcm
  [GPU] batch   33/150 | k=1.00216  <k>=1.00047 +/- 96 pcm
  [GPU] batch   34/150 | k=1.00294  <k>=1.00109 +/- 92 pcm
  [GPU] batch   35/150 | k=1.00177  <k>=1.00122 +/- 72 pcm
  [GPU] batch   36/150 | k=1.00135  <k>=1.00124 +/- 59 pcm
  [GPU] batch   37/150 | k=0.99718  <k>=1.00066 +/- 77 pcm
  [GPU] batch   38/150 | k=1.00066  <k>=1.00066 +/- 66 pcm
  [GPU] batch   39/150 | k=1.00181  <k>=1.00079 +/- 60 pcm
  [GPU] batch   40/150 | k=1.00105  <k>=1.00082 +/- 54 pcm
  [GPU] batch   41/150 | k=0.99788  <k>=1.00055 +/- 55 pcm
  [GPU] batch   42/150 | k=1.00171  <k>=1.00065 +/- 51 pcm
  [GPU] batch   43/150 | k=1.00126  <k>=1.00069 +/- 48 pcm
  [GPU] batch   44/150 | k=1.00261  <k>=1.00083 +/- 46 pcm
  [GPU] batch   45/150 | k=0.99814  <k>=1.00065 +/- 47 pcm
  [GPU] batch   46/150 | k=1.00051  <k>=1.00064 +/- 44 pcm
  [GPU] batch   47/150 | k=1.00289  <k>=1.00077 +/- 43 pcm
  [GPU] batch   48/150 | k=0.99906  <k>=1.00068 +/- 42 pcm
  [GPU] batch   49/150 | k=1.00078  <k>=1.00068 +/- 39 pcm
  [GPU] batch   50/150 | k=1.00156  <k>=1.00073 +/- 38 pcm
  [GPU] batch   51/150 | k=1.00183  <k>=1.00078 +/- 36 pcm
  [GPU] batch   52/150 | k=1.00091  <k>=1.00079 +/- 34 pcm
  [GPU] batch   53/150 | k=0.99985  <k>=1.00075 +/- 33 pcm
  [GPU] batch   54/150 | k=0.99888  <k>=1.00067 +/- 33 pcm
  [GPU] batch   55/150 | k=0.99989  <k>=1.00064 +/- 32 pcm
  [GPU] batch   56/150 | k=1.00238  <k>=1.00070 +/- 31 pcm
  [GPU] batch   57/150 | k=1.00031  <k>=1.00069 +/- 30 pcm
  [GPU] batch   58/150 | k=1.00197  <k>=1.00074 +/- 29 pcm
  [GPU] batch   59/150 | k=1.00119  <k>=1.00075 +/- 28 pcm
  [GPU] batch   60/150 | k=1.00313  <k>=1.00083 +/- 28 pcm
  [GPU] batch   61/150 | k=1.00005  <k>=1.00081 +/- 28 pcm
  [GPU] batch   62/150 | k=1.00019  <k>=1.00079 +/- 27 pcm
  [GPU] batch   63/150 | k=1.00174  <k>=1.00081 +/- 26 pcm
  [GPU] batch   64/150 | k=1.00138  <k>=1.00083 +/- 25 pcm
  [GPU] batch   65/150 | k=1.00135  <k>=1.00085 +/- 25 pcm
  [GPU] batch   66/150 | k=1.00192  <k>=1.00088 +/- 24 pcm
  [GPU] batch   67/150 | k=1.00240  <k>=1.00092 +/- 24 pcm
  [GPU] batch   68/150 | k=1.00206  <k>=1.00095 +/- 23 pcm
  [GPU] batch   69/150 | k=1.00180  <k>=1.00097 +/- 23 pcm
  [GPU] batch   70/150 | k=1.00346  <k>=1.00103 +/- 23 pcm
  [GPU] batch   71/150 | k=1.00038  <k>=1.00102 +/- 23 pcm
  [GPU] batch   72/150 | k=1.00039  <k>=1.00100 +/- 22 pcm
  [GPU] batch   73/150 | k=1.00094  <k>=1.00100 +/- 22 pcm
  [GPU] batch   74/150 | k=1.00052  <k>=1.00099 +/- 21 pcm
  [GPU] batch   75/150 | k=1.00142  <k>=1.00100 +/- 21 pcm
  [GPU] batch   76/150 | k=1.00247  <k>=1.00103 +/- 21 pcm
  [GPU] batch   77/150 | k=0.99865  <k>=1.00098 +/- 21 pcm
  [GPU] batch   78/150 | k=1.00075  <k>=1.00097 +/- 20 pcm
  [GPU] batch   79/150 | k=0.99884  <k>=1.00093 +/- 20 pcm
  [GPU] batch   80/150 | k=1.00249  <k>=1.00096 +/- 20 pcm
  [GPU] batch   81/150 | k=1.00421  <k>=1.00103 +/- 21 pcm
  [GPU] batch   82/150 | k=0.99980  <k>=1.00100 +/- 20 pcm
  [GPU] batch   83/150 | k=1.00114  <k>=1.00100 +/- 20 pcm
  [GPU] batch   84/150 | k=0.99938  <k>=1.00097 +/- 20 pcm
  [GPU] batch   85/150 | k=0.99986  <k>=1.00095 +/- 20 pcm
  [GPU] batch   86/150 | k=1.00178  <k>=1.00097 +/- 19 pcm
  [GPU] batch   87/150 | k=1.00038  <k>=1.00096 +/- 19 pcm
  [GPU] batch   88/150 | k=1.00097  <k>=1.00096 +/- 19 pcm
  [GPU] batch   89/150 | k=1.00084  <k>=1.00096 +/- 18 pcm
  [GPU] batch   90/150 | k=1.00158  <k>=1.00097 +/- 18 pcm
  [GPU] batch   91/150 | k=0.99691  <k>=1.00090 +/- 19 pcm
  [GPU] batch   92/150 | k=1.00024  <k>=1.00089 +/- 19 pcm
  [GPU] batch   93/150 | k=1.00203  <k>=1.00091 +/- 19 pcm
  [GPU] batch   94/150 | k=1.00193  <k>=1.00092 +/- 18 pcm
  [GPU] batch   95/150 | k=1.00043  <k>=1.00092 +/- 18 pcm
  [GPU] batch   96/150 | k=0.99761  <k>=1.00087 +/- 18 pcm
  [GPU] batch   97/150 | k=1.00131  <k>=1.00087 +/- 18 pcm
  [GPU] batch   98/150 | k=1.00051  <k>=1.00087 +/- 18 pcm
  [GPU] batch   99/150 | k=1.00027  <k>=1.00086 +/- 18 pcm
  [GPU] batch  100/150 | k=1.00099  <k>=1.00086 +/- 17 pcm
  [GPU] batch  101/150 | k=1.00266  <k>=1.00089 +/- 17 pcm
  [GPU] batch  102/150 | k=0.99980  <k>=1.00087 +/- 17 pcm
  [GPU] batch  103/150 | k=0.99954  <k>=1.00085 +/- 17 pcm
  [GPU] batch  104/150 | k=1.00050  <k>=1.00085 +/- 17 pcm
  [GPU] batch  105/150 | k=1.00253  <k>=1.00087 +/- 17 pcm
  [GPU] batch  106/150 | k=1.00085  <k>=1.00087 +/- 17 pcm
  [GPU] batch  107/150 | k=1.00045  <k>=1.00086 +/- 16 pcm
  [GPU] batch  108/150 | k=1.00120  <k>=1.00087 +/- 16 pcm
  [GPU] batch  109/150 | k=1.00162  <k>=1.00088 +/- 16 pcm
  [GPU] batch  110/150 | k=1.00192  <k>=1.00089 +/- 16 pcm
  [GPU] batch  111/150 | k=1.00210  <k>=1.00091 +/- 16 pcm
  [GPU] batch  112/150 | k=0.99918  <k>=1.00089 +/- 16 pcm
  [GPU] batch  113/150 | k=1.00036  <k>=1.00088 +/- 15 pcm
  [GPU] batch  114/150 | k=1.00074  <k>=1.00088 +/- 15 pcm
  [GPU] batch  115/150 | k=1.00240  <k>=1.00090 +/- 15 pcm
  [GPU] batch  116/150 | k=1.00183  <k>=1.00091 +/- 15 pcm
  [GPU] batch  117/150 | k=1.00088  <k>=1.00091 +/- 15 pcm
  [GPU] batch  118/150 | k=1.00132  <k>=1.00091 +/- 15 pcm
  [GPU] batch  119/150 | k=1.00152  <k>=1.00092 +/- 15 pcm
  [GPU] batch  120/150 | k=1.00052  <k>=1.00091 +/- 14 pcm
  [GPU] batch  121/150 | k=0.99947  <k>=1.00090 +/- 14 pcm
  [GPU] batch  122/150 | k=1.00031  <k>=1.00089 +/- 14 pcm
  [GPU] batch  123/150 | k=1.00115  <k>=1.00089 +/- 14 pcm
  [GPU] batch  124/150 | k=1.00159  <k>=1.00090 +/- 14 pcm
  [GPU] batch  125/150 | k=0.99941  <k>=1.00089 +/- 14 pcm
  [GPU] batch  126/150 | k=1.00077  <k>=1.00088 +/- 14 pcm
  [GPU] batch  127/150 | k=1.00003  <k>=1.00088 +/- 14 pcm
  [GPU] batch  128/150 | k=1.00050  <k>=1.00087 +/- 13 pcm
  [GPU] batch  129/150 | k=1.00229  <k>=1.00089 +/- 13 pcm
  [GPU] batch  130/150 | k=0.99853  <k>=1.00086 +/- 13 pcm
  [GPU] batch  131/150 | k=1.00091  <k>=1.00086 +/- 13 pcm
  [GPU] batch  132/150 | k=0.99918  <k>=1.00085 +/- 13 pcm
  [GPU] batch  133/150 | k=0.99879  <k>=1.00083 +/- 13 pcm
  [GPU] batch  134/150 | k=1.00267  <k>=1.00084 +/- 13 pcm
  [GPU] batch  135/150 | k=0.99838  <k>=1.00082 +/- 13 pcm
  [GPU] batch  136/150 | k=1.00014  <k>=1.00081 +/- 13 pcm
  [GPU] batch  137/150 | k=1.00249  <k>=1.00083 +/- 13 pcm
  [GPU] batch  138/150 | k=1.00092  <k>=1.00083 +/- 13 pcm
  [GPU] batch  139/150 | k=1.00011  <k>=1.00082 +/- 13 pcm
  [GPU] batch  140/150 | k=1.00399  <k>=1.00085 +/- 13 pcm
  [GPU] batch  141/150 | k=1.00280  <k>=1.00087 +/- 13 pcm
  [GPU] batch  142/150 | k=1.00250  <k>=1.00088 +/- 13 pcm
  [GPU] batch  143/150 | k=0.99957  <k>=1.00087 +/- 13 pcm
  [GPU] batch  144/150 | k=0.99998  <k>=1.00087 +/- 13 pcm
  [GPU] batch  145/150 | k=0.99932  <k>=1.00085 +/- 13 pcm
  [GPU] batch  146/150 | k=0.99862  <k>=1.00083 +/- 13 pcm
  [GPU] batch  147/150 | k=1.00126  <k>=1.00084 +/- 13 pcm
  [GPU] batch  148/150 | k=1.00030  <k>=1.00083 +/- 13 pcm
  [GPU] batch  149/150 | k=1.00082  <k>=1.00083 +/- 13 pcm
  [GPU] batch  150/150 | k=1.00330  <k>=1.00085 +/- 13 pcm
  heu-met-fast-018_case-2 -- seed 3/5 done in 51.1s: k=1.00085 +/- 0.00013
  heu-met-fast-018_case-2 -- seed 4/5 (seed=45) starting
  GPU: WMP payload = 0.0 KB (0 / 14 nuclides covered)
  GPU auto-refill: picked factor=3.48 for particles_per_batch=200000
  [GPU] batch    1/150 | k=0.84203  (inactive)
  [GPU] batch    2/150 | k=0.96345  (inactive)
  [GPU] batch    3/150 | k=0.98493  (inactive)
  [GPU] batch    4/150 | k=0.99519  (inactive)
  [GPU] batch    5/150 | k=0.99742  (inactive)
  [GPU] batch    6/150 | k=0.99683  (inactive)
  [GPU] batch    7/150 | k=1.00123  (inactive)
  [GPU] batch    8/150 | k=0.99992  (inactive)
  [GPU] batch    9/150 | k=1.00006  (inactive)
  [GPU] batch   10/150 | k=1.00179  (inactive)
  [GPU] batch   11/150 | k=1.00032  (inactive)
  [GPU] batch   12/150 | k=0.99969  (inactive)
  [GPU] batch   13/150 | k=1.00199  (inactive)
  [GPU] batch   14/150 | k=0.99751  (inactive)
  [GPU] batch   15/150 | k=0.99934  (inactive)
  [GPU] batch   16/150 | k=0.99796  (inactive)
  [GPU] batch   17/150 | k=1.00341  (inactive)
  [GPU] batch   18/150 | k=1.00100  (inactive)
  [GPU] batch   19/150 | k=0.99957  (inactive)
  [GPU] batch   20/150 | k=1.00042  (inactive)
  [GPU] batch   21/150 | k=1.00269  (inactive)
  [GPU] batch   22/150 | k=1.00006  (inactive)
  [GPU] batch   23/150 | k=1.00089  (inactive)
  [GPU] batch   24/150 | k=1.00106  (inactive)
  [GPU] batch   25/150 | k=0.99905  (inactive)
  [GPU] batch   26/150 | k=1.00149  (inactive)
  [GPU] batch   27/150 | k=0.99919  (inactive)
  [GPU] batch   28/150 | k=0.99939  (inactive)
  [GPU] batch   29/150 | k=1.00131  (inactive)
  [GPU] batch   30/150 | k=1.00236  (inactive)
  [GPU] batch   31/150 | k=1.00109  (1st active)
  [GPU] batch   32/150 | k=1.00015  <k>=1.00062 +/- 47 pcm
  [GPU] batch   33/150 | k=1.00006  <k>=1.00043 +/- 33 pcm
  [GPU] batch   34/150 | k=0.99952  <k>=1.00020 +/- 33 pcm
  [GPU] batch   35/150 | k=1.00117  <k>=1.00040 +/- 32 pcm
  [GPU] batch   36/150 | k=1.00030  <k>=1.00038 +/- 26 pcm
  [GPU] batch   37/150 | k=1.00354  <k>=1.00083 +/- 50 pcm
  [GPU] batch   38/150 | k=1.00307  <k>=1.00111 +/- 52 pcm
  [GPU] batch   39/150 | k=1.00212  <k>=1.00122 +/- 47 pcm
  [GPU] batch   40/150 | k=1.00181  <k>=1.00128 +/- 42 pcm
  [GPU] batch   41/150 | k=1.00315  <k>=1.00145 +/- 42 pcm
  [GPU] batch   42/150 | k=1.00014  <k>=1.00134 +/- 40 pcm
  [GPU] batch   43/150 | k=1.00100  <k>=1.00132 +/- 37 pcm
  [GPU] batch   44/150 | k=0.99906  <k>=1.00116 +/- 38 pcm
  [GPU] batch   45/150 | k=0.99969  <k>=1.00106 +/- 36 pcm
  [GPU] batch   46/150 | k=1.00145  <k>=1.00108 +/- 34 pcm
  [GPU] batch   47/150 | k=1.00360  <k>=1.00123 +/- 35 pcm
  [GPU] batch   48/150 | k=1.00135  <k>=1.00124 +/- 33 pcm
  [GPU] batch   49/150 | k=0.99856  <k>=1.00110 +/- 35 pcm
  [GPU] batch   50/150 | k=1.00129  <k>=1.00111 +/- 33 pcm
  [GPU] batch   51/150 | k=1.00222  <k>=1.00116 +/- 32 pcm
  [GPU] batch   52/150 | k=0.99991  <k>=1.00110 +/- 31 pcm
  [GPU] batch   53/150 | k=1.00265  <k>=1.00117 +/- 30 pcm
  [GPU] batch   54/150 | k=1.00015  <k>=1.00113 +/- 29 pcm
  [GPU] batch   55/150 | k=0.99986  <k>=1.00108 +/- 28 pcm
  [GPU] batch   56/150 | k=1.00040  <k>=1.00105 +/- 27 pcm
  [GPU] batch   57/150 | k=1.00213  <k>=1.00109 +/- 27 pcm
  [GPU] batch   58/150 | k=1.00146  <k>=1.00110 +/- 26 pcm
  [GPU] batch   59/150 | k=1.00049  <k>=1.00108 +/- 25 pcm
  [GPU] batch   60/150 | k=1.00122  <k>=1.00109 +/- 24 pcm
  [GPU] batch   61/150 | k=1.00265  <k>=1.00114 +/- 24 pcm
  [GPU] batch   62/150 | k=0.99808  <k>=1.00104 +/- 25 pcm
  [GPU] batch   63/150 | k=1.00071  <k>=1.00103 +/- 24 pcm
  [GPU] batch   64/150 | k=1.00127  <k>=1.00104 +/- 23 pcm
  [GPU] batch   65/150 | k=1.00088  <k>=1.00103 +/- 23 pcm
  [GPU] batch   66/150 | k=1.00193  <k>=1.00106 +/- 22 pcm
  [GPU] batch   67/150 | k=1.00151  <k>=1.00107 +/- 22 pcm
  [GPU] batch   68/150 | k=0.99880  <k>=1.00101 +/- 22 pcm
  [GPU] batch   69/150 | k=1.00161  <k>=1.00103 +/- 21 pcm
  [GPU] batch   70/150 | k=1.00144  <k>=1.00104 +/- 21 pcm
  [GPU] batch   71/150 | k=1.00023  <k>=1.00102 +/- 21 pcm
  [GPU] batch   72/150 | k=1.00074  <k>=1.00101 +/- 20 pcm
  [GPU] batch   73/150 | k=1.00030  <k>=1.00099 +/- 20 pcm
  [GPU] batch   74/150 | k=1.00071  <k>=1.00099 +/- 19 pcm
  [GPU] batch   75/150 | k=0.99879  <k>=1.00094 +/- 19 pcm
  [GPU] batch   76/150 | k=1.00005  <k>=1.00092 +/- 19 pcm
  [GPU] batch   77/150 | k=0.99954  <k>=1.00089 +/- 19 pcm
  [GPU] batch   78/150 | k=1.00268  <k>=1.00093 +/- 19 pcm
  [GPU] batch   79/150 | k=1.00016  <k>=1.00091 +/- 19 pcm
  [GPU] batch   80/150 | k=1.00230  <k>=1.00094 +/- 18 pcm
  [GPU] batch   81/150 | k=1.00095  <k>=1.00094 +/- 18 pcm
  [GPU] batch   82/150 | k=1.00042  <k>=1.00093 +/- 18 pcm
  [GPU] batch   83/150 | k=0.99772  <k>=1.00087 +/- 18 pcm
  [GPU] batch   84/150 | k=1.00315  <k>=1.00091 +/- 19 pcm
  [GPU] batch   85/150 | k=1.00044  <k>=1.00090 +/- 18 pcm
  [GPU] batch   86/150 | k=1.00149  <k>=1.00091 +/- 18 pcm
  [GPU] batch   87/150 | k=0.99948  <k>=1.00089 +/- 18 pcm
  [GPU] batch   88/150 | k=1.00199  <k>=1.00091 +/- 18 pcm
  [GPU] batch   89/150 | k=1.00043  <k>=1.00090 +/- 17 pcm
  [GPU] batch   90/150 | k=1.00050  <k>=1.00089 +/- 17 pcm
  [GPU] batch   91/150 | k=1.00065  <k>=1.00089 +/- 17 pcm
  [GPU] batch   92/150 | k=0.99785  <k>=1.00084 +/- 17 pcm
  [GPU] batch   93/150 | k=1.00315  <k>=1.00088 +/- 17 pcm
  [GPU] batch   94/150 | k=1.00104  <k>=1.00088 +/- 17 pcm
  [GPU] batch   95/150 | k=1.00133  <k>=1.00089 +/- 17 pcm
  [GPU] batch   96/150 | k=0.99629  <k>=1.00082 +/- 18 pcm
  [GPU] batch   97/150 | k=1.00174  <k>=1.00083 +/- 18 pcm
  [GPU] batch   98/150 | k=0.99982  <k>=1.00082 +/- 18 pcm
  [GPU] batch   99/150 | k=0.99942  <k>=1.00080 +/- 17 pcm
  [GPU] batch  100/150 | k=1.00023  <k>=1.00079 +/- 17 pcm
  [GPU] batch  101/150 | k=1.00238  <k>=1.00081 +/- 17 pcm
  [GPU] batch  102/150 | k=1.00005  <k>=1.00080 +/- 17 pcm
  [GPU] batch  103/150 | k=0.99865  <k>=1.00077 +/- 17 pcm
  [GPU] batch  104/150 | k=1.00082  <k>=1.00077 +/- 17 pcm
  [GPU] batch  105/150 | k=1.00000  <k>=1.00076 +/- 16 pcm
  [GPU] batch  106/150 | k=1.00019  <k>=1.00075 +/- 16 pcm
  [GPU] batch  107/150 | k=1.00098  <k>=1.00076 +/- 16 pcm
  [GPU] batch  108/150 | k=1.00178  <k>=1.00077 +/- 16 pcm
  [GPU] batch  109/150 | k=1.00071  <k>=1.00077 +/- 16 pcm
  [GPU] batch  110/150 | k=1.00017  <k>=1.00076 +/- 16 pcm
  [GPU] batch  111/150 | k=1.00048  <k>=1.00076 +/- 15 pcm
  [GPU] batch  112/150 | k=1.00215  <k>=1.00077 +/- 15 pcm
  [GPU] batch  113/150 | k=0.99922  <k>=1.00076 +/- 15 pcm
  [GPU] batch  114/150 | k=1.00362  <k>=1.00079 +/- 15 pcm
  [GPU] batch  115/150 | k=1.00115  <k>=1.00079 +/- 15 pcm
  [GPU] batch  116/150 | k=1.00175  <k>=1.00080 +/- 15 pcm
  [GPU] batch  117/150 | k=1.00151  <k>=1.00081 +/- 15 pcm
  [GPU] batch  118/150 | k=1.00116  <k>=1.00082 +/- 15 pcm
  [GPU] batch  119/150 | k=1.00238  <k>=1.00083 +/- 15 pcm
  [GPU] batch  120/150 | k=0.99953  <k>=1.00082 +/- 15 pcm
  [GPU] batch  121/150 | k=1.00155  <k>=1.00083 +/- 14 pcm
  [GPU] batch  122/150 | k=1.00096  <k>=1.00083 +/- 14 pcm
  [GPU] batch  123/150 | k=1.00318  <k>=1.00085 +/- 14 pcm
  [GPU] batch  124/150 | k=1.00450  <k>=1.00089 +/- 15 pcm
  [GPU] batch  125/150 | k=0.99750  <k>=1.00086 +/- 15 pcm
  [GPU] batch  126/150 | k=1.00266  <k>=1.00088 +/- 15 pcm
  [GPU] batch  127/150 | k=1.00175  <k>=1.00089 +/- 15 pcm
  [GPU] batch  128/150 | k=1.00203  <k>=1.00090 +/- 15 pcm
  [GPU] batch  129/150 | k=1.00010  <k>=1.00089 +/- 15 pcm
  [GPU] batch  130/150 | k=1.00233  <k>=1.00090 +/- 15 pcm
  [GPU] batch  131/150 | k=1.00150  <k>=1.00091 +/- 14 pcm
  [GPU] batch  132/150 | k=1.00099  <k>=1.00091 +/- 14 pcm
  [GPU] batch  133/150 | k=1.00219  <k>=1.00092 +/- 14 pcm
  [GPU] batch  134/150 | k=1.00113  <k>=1.00092 +/- 14 pcm
  [GPU] batch  135/150 | k=1.00192  <k>=1.00093 +/- 14 pcm
  [GPU] batch  136/150 | k=1.00242  <k>=1.00095 +/- 14 pcm
  [GPU] batch  137/150 | k=1.00287  <k>=1.00097 +/- 14 pcm
  [GPU] batch  138/150 | k=1.00189  <k>=1.00097 +/- 14 pcm
  [GPU] batch  139/150 | k=1.00148  <k>=1.00098 +/- 14 pcm
  [GPU] batch  140/150 | k=1.00149  <k>=1.00098 +/- 14 pcm
  [GPU] batch  141/150 | k=1.00024  <k>=1.00098 +/- 13 pcm
  [GPU] batch  142/150 | k=0.99941  <k>=1.00096 +/- 13 pcm
  [GPU] batch  143/150 | k=1.00226  <k>=1.00097 +/- 13 pcm
  [GPU] batch  144/150 | k=0.99957  <k>=1.00096 +/- 13 pcm
  [GPU] batch  145/150 | k=0.99946  <k>=1.00095 +/- 13 pcm
  [GPU] batch  146/150 | k=1.00062  <k>=1.00095 +/- 13 pcm
  [GPU] batch  147/150 | k=1.00215  <k>=1.00096 +/- 13 pcm
  [GPU] batch  148/150 | k=1.00144  <k>=1.00096 +/- 13 pcm
  [GPU] batch  149/150 | k=0.99893  <k>=1.00094 +/- 13 pcm
  [GPU] batch  150/150 | k=0.99958  <k>=1.00093 +/- 13 pcm
  heu-met-fast-018_case-2 -- seed 4/5 done in 50.8s: k=1.00093 +/- 0.00013
  heu-met-fast-018_case-2 -- seed 5/5 (seed=46) starting
  GPU: WMP payload = 0.0 KB (0 / 14 nuclides covered)
  GPU auto-refill: picked factor=3.48 for particles_per_batch=200000
  [GPU] batch    1/150 | k=0.84130  (inactive)
  [GPU] batch    2/150 | k=0.96392  (inactive)
  [GPU] batch    3/150 | k=0.98615  (inactive)
  [GPU] batch    4/150 | k=0.99385  (inactive)
  [GPU] batch    5/150 | k=0.99777  (inactive)
  [GPU] batch    6/150 | k=1.00027  (inactive)
  [GPU] batch    7/150 | k=0.99948  (inactive)
  [GPU] batch    8/150 | k=0.99959  (inactive)
  [GPU] batch    9/150 | k=1.00007  (inactive)
  [GPU] batch   10/150 | k=1.00137  (inactive)
  [GPU] batch   11/150 | k=1.00361  (inactive)
  [GPU] batch   12/150 | k=1.00100  (inactive)
  [GPU] batch   13/150 | k=1.00141  (inactive)
  [GPU] batch   14/150 | k=1.00094  (inactive)
  [GPU] batch   15/150 | k=1.00090  (inactive)
  [GPU] batch   16/150 | k=1.00295  (inactive)
  [GPU] batch   17/150 | k=1.00166  (inactive)
  [GPU] batch   18/150 | k=1.00231  (inactive)
  [GPU] batch   19/150 | k=1.00013  (inactive)
  [GPU] batch   20/150 | k=1.00173  (inactive)
  [GPU] batch   21/150 | k=0.99964  (inactive)
  [GPU] batch   22/150 | k=0.99931  (inactive)
  [GPU] batch   23/150 | k=1.00034  (inactive)
  [GPU] batch   24/150 | k=1.00195  (inactive)
  [GPU] batch   25/150 | k=1.00013  (inactive)
  [GPU] batch   26/150 | k=1.00111  (inactive)
  [GPU] batch   27/150 | k=1.00097  (inactive)
  [GPU] batch   28/150 | k=0.99996  (inactive)
  [GPU] batch   29/150 | k=0.99922  (inactive)
  [GPU] batch   30/150 | k=1.00090  (inactive)
  [GPU] batch   31/150 | k=0.99997  (1st active)
  [GPU] batch   32/150 | k=1.00153  <k>=1.00075 +/- 78 pcm
  [GPU] batch   33/150 | k=0.99956  <k>=1.00036 +/- 60 pcm
  [GPU] batch   34/150 | k=1.00426  <k>=1.00133 +/- 106 pcm
  [GPU] batch   35/150 | k=1.00356  <k>=1.00178 +/- 94 pcm
  [GPU] batch   36/150 | k=1.00089  <k>=1.00163 +/- 78 pcm
  [GPU] batch   37/150 | k=1.00344  <k>=1.00189 +/- 71 pcm
  [GPU] batch   38/150 | k=1.00079  <k>=1.00175 +/- 63 pcm
  [GPU] batch   39/150 | k=1.00200  <k>=1.00178 +/- 55 pcm
  [GPU] batch   40/150 | k=1.00249  <k>=1.00185 +/- 50 pcm
  [GPU] batch   41/150 | k=1.00198  <k>=1.00186 +/- 45 pcm
  [GPU] batch   42/150 | k=0.99991  <k>=1.00170 +/- 44 pcm
  [GPU] batch   43/150 | k=1.00111  <k>=1.00165 +/- 41 pcm
  [GPU] batch   44/150 | k=1.00178  <k>=1.00166 +/- 38 pcm
  [GPU] batch   45/150 | k=1.00177  <k>=1.00167 +/- 35 pcm
  [GPU] batch   46/150 | k=0.99937  <k>=1.00153 +/- 36 pcm
  [GPU] batch   47/150 | k=1.00368  <k>=1.00165 +/- 36 pcm
  [GPU] batch   48/150 | k=1.00028  <k>=1.00158 +/- 35 pcm
  [GPU] batch   49/150 | k=0.99867  <k>=1.00142 +/- 36 pcm
  [GPU] batch   50/150 | k=1.00059  <k>=1.00138 +/- 35 pcm
  [GPU] batch   51/150 | k=0.99960  <k>=1.00130 +/- 34 pcm
  [GPU] batch   52/150 | k=1.00133  <k>=1.00130 +/- 33 pcm
  [GPU] batch   53/150 | k=1.00270  <k>=1.00136 +/- 32 pcm
  [GPU] batch   54/150 | k=0.99734  <k>=1.00119 +/- 35 pcm
  [GPU] batch   55/150 | k=0.99751  <k>=1.00104 +/- 36 pcm
  [GPU] batch   56/150 | k=0.99871  <k>=1.00095 +/- 36 pcm
  [GPU] batch   57/150 | k=0.99850  <k>=1.00086 +/- 36 pcm
  [GPU] batch   58/150 | k=0.99965  <k>=1.00082 +/- 35 pcm
  [GPU] batch   59/150 | k=0.99994  <k>=1.00079 +/- 34 pcm
  [GPU] batch   60/150 | k=1.00143  <k>=1.00081 +/- 33 pcm
  [GPU] batch   61/150 | k=0.99875  <k>=1.00074 +/- 32 pcm
  [GPU] batch   62/150 | k=1.00151  <k>=1.00077 +/- 31 pcm
  [GPU] batch   63/150 | k=1.00126  <k>=1.00078 +/- 30 pcm
  [GPU] batch   64/150 | k=1.00247  <k>=1.00083 +/- 30 pcm
  [GPU] batch   65/150 | k=1.00205  <k>=1.00087 +/- 29 pcm
  [GPU] batch   66/150 | k=1.00267  <k>=1.00092 +/- 29 pcm
  [GPU] batch   67/150 | k=1.00163  <k>=1.00094 +/- 28 pcm
  [GPU] batch   68/150 | k=1.00052  <k>=1.00093 +/- 27 pcm
  [GPU] batch   69/150 | k=1.00002  <k>=1.00090 +/- 27 pcm
  [GPU] batch   70/150 | k=1.00058  <k>=1.00090 +/- 26 pcm
  [GPU] batch   71/150 | k=1.00117  <k>=1.00090 +/- 26 pcm
  [GPU] batch   72/150 | k=1.00069  <k>=1.00090 +/- 25 pcm
  [GPU] batch   73/150 | k=1.00054  <k>=1.00089 +/- 24 pcm
  [GPU] batch   74/150 | k=1.00104  <k>=1.00089 +/- 24 pcm
  [GPU] batch   75/150 | k=1.00037  <k>=1.00088 +/- 23 pcm
  [GPU] batch   76/150 | k=1.00079  <k>=1.00088 +/- 23 pcm
  [GPU] batch   77/150 | k=1.00140  <k>=1.00089 +/- 22 pcm
  [GPU] batch   78/150 | k=1.00326  <k>=1.00094 +/- 22 pcm
  [GPU] batch   79/150 | k=1.00091  <k>=1.00094 +/- 22 pcm
  [GPU] batch   80/150 | k=1.00183  <k>=1.00096 +/- 22 pcm
  [GPU] batch   81/150 | k=1.00215  <k>=1.00098 +/- 21 pcm
  [GPU] batch   82/150 | k=1.00091  <k>=1.00098 +/- 21 pcm
  [GPU] batch   83/150 | k=1.00072  <k>=1.00097 +/- 20 pcm
  [GPU] batch   84/150 | k=1.00114  <k>=1.00098 +/- 20 pcm
  [GPU] batch   85/150 | k=0.99996  <k>=1.00096 +/- 20 pcm
  [GPU] batch   86/150 | k=0.99970  <k>=1.00094 +/- 20 pcm
  [GPU] batch   87/150 | k=1.00085  <k>=1.00093 +/- 19 pcm
  [GPU] batch   88/150 | k=1.00245  <k>=1.00096 +/- 19 pcm
  [GPU] batch   89/150 | k=1.00204  <k>=1.00098 +/- 19 pcm
  [GPU] batch   90/150 | k=1.00058  <k>=1.00097 +/- 19 pcm
  [GPU] batch   91/150 | k=1.00174  <k>=1.00098 +/- 18 pcm
  [GPU] batch   92/150 | k=0.99999  <k>=1.00097 +/- 18 pcm
  [GPU] batch   93/150 | k=1.00241  <k>=1.00099 +/- 18 pcm
  [GPU] batch   94/150 | k=1.00207  <k>=1.00101 +/- 18 pcm
  [GPU] batch   95/150 | k=1.00050  <k>=1.00100 +/- 17 pcm
  [GPU] batch   96/150 | k=0.99982  <k>=1.00098 +/- 17 pcm
  [GPU] batch   97/150 | k=1.00441  <k>=1.00103 +/- 18 pcm
  [GPU] batch   98/150 | k=1.00158  <k>=1.00104 +/- 18 pcm
  [GPU] batch   99/150 | k=0.99784  <k>=1.00100 +/- 18 pcm
  [GPU] batch  100/150 | k=1.00055  <k>=1.00099 +/- 18 pcm
  [GPU] batch  101/150 | k=0.99991  <k>=1.00097 +/- 17 pcm
  [GPU] batch  102/150 | k=1.00187  <k>=1.00099 +/- 17 pcm
  [GPU] batch  103/150 | k=1.00053  <k>=1.00098 +/- 17 pcm
  [GPU] batch  104/150 | k=1.00290  <k>=1.00101 +/- 17 pcm
  [GPU] batch  105/150 | k=1.00093  <k>=1.00100 +/- 17 pcm
  [GPU] batch  106/150 | k=0.99950  <k>=1.00099 +/- 17 pcm
  [GPU] batch  107/150 | k=1.00098  <k>=1.00098 +/- 16 pcm
  [GPU] batch  108/150 | k=1.00060  <k>=1.00098 +/- 16 pcm
  [GPU] batch  109/150 | k=1.00125  <k>=1.00098 +/- 16 pcm
  [GPU] batch  110/150 | k=1.00045  <k>=1.00098 +/- 16 pcm
  [GPU] batch  111/150 | k=1.00079  <k>=1.00097 +/- 16 pcm
  [GPU] batch  112/150 | k=1.00104  <k>=1.00098 +/- 15 pcm
  [GPU] batch  113/150 | k=1.00099  <k>=1.00098 +/- 15 pcm
  [GPU] batch  114/150 | k=1.00319  <k>=1.00100 +/- 15 pcm
  [GPU] batch  115/150 | k=0.99978  <k>=1.00099 +/- 15 pcm
  [GPU] batch  116/150 | k=1.00199  <k>=1.00100 +/- 15 pcm
  [GPU] batch  117/150 | k=1.00046  <k>=1.00099 +/- 15 pcm
  [GPU] batch  118/150 | k=1.00152  <k>=1.00100 +/- 15 pcm
  [GPU] batch  119/150 | k=1.00127  <k>=1.00100 +/- 15 pcm
  [GPU] batch  120/150 | k=1.00192  <k>=1.00101 +/- 14 pcm
  [GPU] batch  121/150 | k=1.00059  <k>=1.00101 +/- 14 pcm
  [GPU] batch  122/150 | k=1.00116  <k>=1.00101 +/- 14 pcm
  [GPU] batch  123/150 | k=1.00080  <k>=1.00101 +/- 14 pcm
  [GPU] batch  124/150 | k=1.00022  <k>=1.00100 +/- 14 pcm
  [GPU] batch  125/150 | k=1.00046  <k>=1.00099 +/- 14 pcm
  [GPU] batch  126/150 | k=1.00158  <k>=1.00100 +/- 14 pcm
  [GPU] batch  127/150 | k=1.00261  <k>=1.00102 +/- 14 pcm
  [GPU] batch  128/150 | k=1.00261  <k>=1.00103 +/- 14 pcm
  [GPU] batch  129/150 | k=1.00174  <k>=1.00104 +/- 13 pcm
  [GPU] batch  130/150 | k=1.00091  <k>=1.00104 +/- 13 pcm
  [GPU] batch  131/150 | k=1.00115  <k>=1.00104 +/- 13 pcm
  [GPU] batch  132/150 | k=1.00219  <k>=1.00105 +/- 13 pcm
  [GPU] batch  133/150 | k=1.00328  <k>=1.00107 +/- 13 pcm
  [GPU] batch  134/150 | k=1.00065  <k>=1.00107 +/- 13 pcm
  [GPU] batch  135/150 | k=1.00076  <k>=1.00106 +/- 13 pcm
  [GPU] batch  136/150 | k=1.00313  <k>=1.00108 +/- 13 pcm
  [GPU] batch  137/150 | k=1.00046  <k>=1.00108 +/- 13 pcm
  [GPU] batch  138/150 | k=1.00186  <k>=1.00109 +/- 13 pcm
  [GPU] batch  139/150 | k=0.99821  <k>=1.00106 +/- 13 pcm
  [GPU] batch  140/150 | k=0.99923  <k>=1.00104 +/- 13 pcm
  [GPU] batch  141/150 | k=1.00117  <k>=1.00104 +/- 13 pcm
  [GPU] batch  142/150 | k=1.00090  <k>=1.00104 +/- 13 pcm
  [GPU] batch  143/150 | k=0.99994  <k>=1.00103 +/- 13 pcm
  [GPU] batch  144/150 | k=0.99927  <k>=1.00102 +/- 13 pcm
  [GPU] batch  145/150 | k=0.99873  <k>=1.00100 +/- 13 pcm
  [GPU] batch  146/150 | k=0.99890  <k>=1.00098 +/- 13 pcm
  [GPU] batch  147/150 | k=1.00018  <k>=1.00097 +/- 13 pcm
  [GPU] batch  148/150 | k=1.00129  <k>=1.00097 +/- 12 pcm
  [GPU] batch  149/150 | k=0.99995  <k>=1.00097 +/- 12 pcm
  [GPU] batch  150/150 | k=1.00328  <k>=1.00099 +/- 12 pcm
  heu-met-fast-018_case-2 -- seed 5/5 done in 51.0s: k=1.00099 +/- 0.00012
heu-met-fast-018_case-2: PASS -- k=1.00087+/-0.00004, delta=+87pcm, bound=+/-280pcm, 0.62sigma, 254.9s (5seed x 150b x 30i x 200000p) [37/375]
[4/341] heu-met-fast-019_case-1 starting (5seed x 150b x 30i x 200000p)
  heu-met-fast-019_case-1 -- seed 1/5 (seed=42) starting
  Loading E:\git\open_rust_mc\data\endfb-viii.1-hdf5\neutron\C12.h5 (rank=15)...
    AWR = 11.894 (6 temps, 1643 energy pts)
    Discrete levels: 13/13 (continuum=true, angle_dists=13)
    Elastic angular dist: 719 energies, CM=true
    Total XS: summed 20 leaf reactions (no MT=3 available)
    MT=2  (elastic)  Table (1643 pts, 12.8 KB)
    MT=4  (inelastic) synthetic rank=15 (sum + CDF over 13 levels, CDF=20.4 KB)
    MT=102 (capture) rank=15
    MT=28 (n,np)    rank=15
    Missing channels: max=0.4908 b
    Total XS: summed 20 leaf reactions (no MT=3 available)
    Pointwise XS: 1643 energy pts × 7 channels = 89.9 KB
  Loading E:\git\open_rust_mc\data\endfb-viii.1-hdf5\neutron\C13.h5 (rank=15)...
    AWR = 12.892 (6 temps, 1313 energy pts)
    Discrete levels: 3/3 (continuum=false, angle_dists=3)
    Elastic angular dist: 533 energies, CM=true
    Total XS: summed 6 leaf reactions (no MT=3 available)
    MT=2  (elastic)  Table (1313 pts, 10.3 KB)
    MT=4  (inelastic) synthetic rank=15 (sum + CDF over 3 levels, CDF=4.7 KB)
    MT=102 (capture) rank=15
    Missing channels: max=0.1034 b
    Total XS: summed 6 leaf reactions (no MT=3 available)
    Pointwise XS: 1313 energy pts × 7 channels = 71.8 KB
  Thermal: c_Graphite  nuclides=["C0", "C12", "C13"]  energy_max=4.90 eV  AWR=11.894
  Temperatures: ["296K", "400K", "500K", "600K", "700K", "800K", "1000K", "1200K", "1600K", "2000K"]
    Continuous: 109 inc energies, 88445 E_out pts, 1415120 mu pts
    296K inelastic: 109 energies, type=incoherent_inelastic
    Continuous: 109 inc energies, 90076 E_out pts, 1441216 mu pts
    400K inelastic: 109 energies, type=incoherent_inelastic
    Continuous: 109 inc energies, 89172 E_out pts, 1426752 mu pts
    500K inelastic: 109 energies, type=incoherent_inelastic
    Continuous: 109 inc energies, 88004 E_out pts, 1408064 mu pts
    600K inelastic: 109 energies, type=incoherent_inelastic
    Continuous: 109 inc energies, 86439 E_out pts, 1383024 mu pts
    700K inelastic: 109 energies, type=incoherent_inelastic
    Continuous: 109 inc energies, 85374 E_out pts, 1365984 mu pts
    800K inelastic: 109 energies, type=incoherent_inelastic
    Continuous: 109 inc energies, 82841 E_out pts, 1325456 mu pts
    1000K inelastic: 109 energies, type=incoherent_inelastic
    Continuous: 109 inc energies, 81021 E_out pts, 1296336 mu pts
    1200K inelastic: 109 energies, type=incoherent_inelastic
    Continuous: 109 inc energies, 78193 E_out pts, 1251088 mu pts
    1600K inelastic: 109 energies, type=incoherent_inelastic
    Continuous: 109 inc energies, 76301 E_out pts, 1220816 mu pts
    2000K inelastic: 109 energies, type=incoherent_inelastic
    296K elastic: coherent, 168 Bragg edges
    400K elastic: coherent, 158 Bragg edges
    500K elastic: coherent, 144 Bragg edges
    600K elastic: coherent, 135 Bragg edges
    700K elastic: coherent, 130 Bragg edges
    800K elastic: coherent, 122 Bragg edges
    1000K elastic: coherent, 107 Bragg edges
    1200K elastic: coherent, 98 Bragg edges
    1600K elastic: coherent, 84 Bragg edges
    2000K elastic: coherent, 77 Bragg edges
  GPU S(α,β) slot 0 (nuc 3): coherent elastic, 168 Bragg edges
  GPU S(α,β) slot 0 (nuc 3): 109 inc energies, 88445 E_out pts, 1415120 mu pts
  GPU S(α,β) slot 1 (nuc 3): coherent elastic, 158 Bragg edges
  GPU S(α,β) slot 1 (nuc 3): 109 inc energies, 90076 E_out pts, 1441216 mu pts
  GPU S(α,β) slot 2 (nuc 3): coherent elastic, 144 Bragg edges
  GPU S(α,β) slot 2 (nuc 3): 109 inc energies, 89172 E_out pts, 1426752 mu pts
  GPU S(α,β) slot 3 (nuc 3): coherent elastic, 135 Bragg edges
  GPU S(α,β) slot 3 (nuc 3): 109 inc energies, 88004 E_out pts, 1408064 mu pts
  GPU S(α,β) slot 4 (nuc 3): coherent elastic, 130 Bragg edges
  GPU S(α,β) slot 4 (nuc 3): 109 inc energies, 86439 E_out pts, 1383024 mu pts
  GPU S(α,β) slot 5 (nuc 3): coherent elastic, 122 Bragg edges
  GPU S(α,β) slot 5 (nuc 3): 109 inc energies, 85374 E_out pts, 1365984 mu pts
  GPU S(α,β) slot 6 (nuc 3): coherent elastic, 107 Bragg edges
  GPU S(α,β) slot 6 (nuc 3): 109 inc energies, 82841 E_out pts, 1325456 mu pts
  GPU S(α,β) slot 7 (nuc 3): coherent elastic, 98 Bragg edges
  GPU S(α,β) slot 7 (nuc 3): 109 inc energies, 81021 E_out pts, 1296336 mu pts
  GPU S(α,β) slot 8 (nuc 3): coherent elastic, 84 Bragg edges
  GPU S(α,β) slot 8 (nuc 3): 109 inc energies, 78193 E_out pts, 1251088 mu pts
  GPU S(α,β) slot 9 (nuc 3): coherent elastic, 77 Bragg edges
  GPU S(α,β) slot 9 (nuc 3): 109 inc energies, 76301 E_out pts, 1220816 mu pts
  GPU S(α,β) slot 10 (nuc 4): coherent elastic, 168 Bragg edges
  GPU S(α,β) slot 10 (nuc 4): 109 inc energies, 88445 E_out pts, 1415120 mu pts
  GPU S(α,β) slot 11 (nuc 4): coherent elastic, 158 Bragg edges
  GPU S(α,β) slot 11 (nuc 4): 109 inc energies, 90076 E_out pts, 1441216 mu pts
  GPU S(α,β) slot 12 (nuc 4): coherent elastic, 144 Bragg edges
  GPU S(α,β) slot 12 (nuc 4): 109 inc energies, 89172 E_out pts, 1426752 mu pts
  GPU S(α,β) slot 13 (nuc 4): coherent elastic, 135 Bragg edges
  GPU S(α,β) slot 13 (nuc 4): 109 inc energies, 88004 E_out pts, 1408064 mu pts
  GPU S(α,β) slot 14 (nuc 4): coherent elastic, 130 Bragg edges
  GPU S(α,β) slot 14 (nuc 4): 109 inc energies, 86439 E_out pts, 1383024 mu pts
  GPU S(α,β) slot 15 (nuc 4): coherent elastic, 122 Bragg edges
  GPU S(α,β) slot 15 (nuc 4): 109 inc energies, 85374 E_out pts, 1365984 mu pts
  GPU S(α,β) slot 16 (nuc 4): coherent elastic, 107 Bragg edges
  GPU S(α,β) slot 16 (nuc 4): 109 inc energies, 82841 E_out pts, 1325456 mu pts
  GPU S(α,β) slot 17 (nuc 4): coherent elastic, 98 Bragg edges
  GPU S(α,β) slot 17 (nuc 4): 109 inc energies, 81021 E_out pts, 1296336 mu pts
  GPU S(α,β) slot 18 (nuc 4): coherent elastic, 84 Bragg edges
  GPU S(α,β) slot 18 (nuc 4): 109 inc energies, 78193 E_out pts, 1251088 mu pts
  GPU S(α,β) slot 19 (nuc 4): coherent elastic, 77 Bragg edges
  GPU S(α,β) slot 19 (nuc 4): 109 inc energies, 76301 E_out pts, 1220816 mu pts
  GPU: WMP payload = 0.0 KB (0 / 14 nuclides covered)
  GPU auto-refill: picked factor=3.48 for particles_per_batch=200000
  [GPU] batch    1/150 | k=0.96098  (inactive)
  [GPU] batch    2/150 | k=1.00666  (inactive)
  [GPU] batch    3/150 | k=1.00745  (inactive)
  [GPU] batch    4/150 | k=1.00806  (inactive)
  [GPU] batch    5/150 | k=1.00538  (inactive)
  [GPU] batch    6/150 | k=1.00788  (inactive)
  [GPU] batch    7/150 | k=1.00702  (inactive)
  [GPU] batch    8/150 | k=1.00643  (inactive)
  [GPU] batch    9/150 | k=1.00763  (inactive)
  [GPU] batch   10/150 | k=1.00776  (inactive)
  [GPU] batch   11/150 | k=1.00706  (inactive)
  [GPU] batch   12/150 | k=1.00730  (inactive)
  [GPU] batch   13/150 | k=1.00591  (inactive)
  [GPU] batch   14/150 | k=1.00771  (inactive)
  [GPU] batch   15/150 | k=1.00704  (inactive)
  [GPU] batch   16/150 | k=1.00746  (inactive)
  [GPU] batch   17/150 | k=1.00397  (inactive)
  [GPU] batch   18/150 | k=1.00584  (inactive)
  [GPU] batch   19/150 | k=1.00558  (inactive)
  [GPU] batch   20/150 | k=1.00612  (inactive)
  [GPU] batch   21/150 | k=1.00495  (inactive)
  [GPU] batch   22/150 | k=1.00422  (inactive)
  [GPU] batch   23/150 | k=1.00987  (inactive)
  [GPU] batch   24/150 | k=1.00794  (inactive)
  [GPU] batch   25/150 | k=1.00677  (inactive)
  [GPU] batch   26/150 | k=1.00621  (inactive)
  [GPU] batch   27/150 | k=1.00914  (inactive)
  [GPU] batch   28/150 | k=1.00665  (inactive)
  [GPU] batch   29/150 | k=1.00825  (inactive)
  [GPU] batch   30/150 | k=1.00500  (inactive)
  [GPU] batch   31/150 | k=1.00568  (1st active)
  [GPU] batch   32/150 | k=1.00824  <k>=1.00696 +/- 128 pcm
  [GPU] batch   33/150 | k=1.00578  <k>=1.00657 +/- 84 pcm
  [GPU] batch   34/150 | k=1.00625  <k>=1.00649 +/- 60 pcm
  [GPU] batch   35/150 | k=1.00613  <k>=1.00642 +/- 47 pcm
  [GPU] batch   36/150 | k=1.00359  <k>=1.00595 +/- 61 pcm
  [GPU] batch   37/150 | k=1.00666  <k>=1.00605 +/- 52 pcm
  [GPU] batch   38/150 | k=1.00732  <k>=1.00621 +/- 48 pcm
  [GPU] batch   39/150 | k=1.00883  <k>=1.00650 +/- 51 pcm
  [GPU] batch   40/150 | k=1.00527  <k>=1.00638 +/- 48 pcm
  [GPU] batch   41/150 | k=1.00756  <k>=1.00648 +/- 44 pcm
  [GPU] batch   42/150 | k=1.00753  <k>=1.00657 +/- 41 pcm
  [GPU] batch   43/150 | k=1.00752  <k>=1.00664 +/- 39 pcm
  [GPU] batch   44/150 | k=1.00598  <k>=1.00660 +/- 36 pcm
  [GPU] batch   45/150 | k=1.00665  <k>=1.00660 +/- 34 pcm
  [GPU] batch   46/150 | k=1.00809  <k>=1.00669 +/- 33 pcm
  [GPU] batch   47/150 | k=1.00728  <k>=1.00673 +/- 31 pcm
  [GPU] batch   48/150 | k=1.00541  <k>=1.00665 +/- 30 pcm
  [GPU] batch   49/150 | k=1.00566  <k>=1.00660 +/- 29 pcm
  [GPU] batch   50/150 | k=1.00648  <k>=1.00660 +/- 28 pcm
  [GPU] batch   51/150 | k=1.00940  <k>=1.00673 +/- 29 pcm
  [GPU] batch   52/150 | k=1.00568  <k>=1.00668 +/- 28 pcm
  [GPU] batch   53/150 | k=1.00801  <k>=1.00674 +/- 28 pcm
  [GPU] batch   54/150 | k=1.00914  <k>=1.00684 +/- 28 pcm
  [GPU] batch   55/150 | k=1.00771  <k>=1.00687 +/- 28 pcm
  [GPU] batch   56/150 | k=1.00835  <k>=1.00693 +/- 27 pcm
  [GPU] batch   57/150 | k=1.00720  <k>=1.00694 +/- 26 pcm
  [GPU] batch   58/150 | k=1.00675  <k>=1.00693 +/- 25 pcm
  [GPU] batch   59/150 | k=1.00662  <k>=1.00692 +/- 24 pcm
  [GPU] batch   60/150 | k=1.00605  <k>=1.00689 +/- 24 pcm
  [GPU] batch   61/150 | k=1.00839  <k>=1.00694 +/- 23 pcm
  [GPU] batch   62/150 | k=1.00684  <k>=1.00694 +/- 23 pcm
  [GPU] batch   63/150 | k=1.00920  <k>=1.00701 +/- 23 pcm
  [GPU] batch   64/150 | k=1.00669  <k>=1.00700 +/- 22 pcm
  [GPU] batch   65/150 | k=1.00836  <k>=1.00704 +/- 22 pcm
  [GPU] batch   66/150 | k=1.00806  <k>=1.00707 +/- 22 pcm
  [GPU] batch   67/150 | k=1.00607  <k>=1.00704 +/- 21 pcm
  [GPU] batch   68/150 | k=1.00874  <k>=1.00708 +/- 21 pcm
  [GPU] batch   69/150 | k=1.00512  <k>=1.00703 +/- 21 pcm
  [GPU] batch   70/150 | k=1.00707  <k>=1.00703 +/- 21 pcm
  [GPU] batch   71/150 | k=1.00634  <k>=1.00702 +/- 20 pcm
  [GPU] batch   72/150 | k=1.00448  <k>=1.00696 +/- 21 pcm
  [GPU] batch   73/150 | k=1.00699  <k>=1.00696 +/- 20 pcm
  [GPU] batch   74/150 | k=1.00596  <k>=1.00693 +/- 20 pcm
  [GPU] batch   75/150 | k=1.00496  <k>=1.00689 +/- 20 pcm
  [GPU] batch   76/150 | k=1.00867  <k>=1.00693 +/- 20 pcm
  [GPU] batch   77/150 | k=1.00563  <k>=1.00690 +/- 20 pcm
  [GPU] batch   78/150 | k=1.00737  <k>=1.00691 +/- 19 pcm
  [GPU] batch   79/150 | k=1.00996  <k>=1.00697 +/- 20 pcm
  [GPU] batch   80/150 | k=1.00769  <k>=1.00699 +/- 19 pcm
  [GPU] batch   81/150 | k=1.01051  <k>=1.00706 +/- 20 pcm
  [GPU] batch   82/150 | k=1.00876  <k>=1.00709 +/- 20 pcm
  [GPU] batch   83/150 | k=1.00780  <k>=1.00710 +/- 20 pcm
  [GPU] batch   84/150 | k=1.00701  <k>=1.00710 +/- 19 pcm
  [GPU] batch   85/150 | k=1.00729  <k>=1.00711 +/- 19 pcm
  [GPU] batch   86/150 | k=1.00705  <k>=1.00710 +/- 19 pcm
  [GPU] batch   87/150 | k=1.00869  <k>=1.00713 +/- 19 pcm
  [GPU] batch   88/150 | k=1.00726  <k>=1.00713 +/- 18 pcm
  [GPU] batch   89/150 | k=1.00753  <k>=1.00714 +/- 18 pcm
  [GPU] batch   90/150 | k=1.00786  <k>=1.00715 +/- 18 pcm
  [GPU] batch   91/150 | k=1.00537  <k>=1.00712 +/- 18 pcm
  [GPU] batch   92/150 | k=1.00574  <k>=1.00710 +/- 18 pcm
  [GPU] batch   93/150 | k=1.00735  <k>=1.00711 +/- 17 pcm
  [GPU] batch   94/150 | k=1.00972  <k>=1.00715 +/- 17 pcm
  [GPU] batch   95/150 | k=1.00656  <k>=1.00714 +/- 17 pcm
  [GPU] batch   96/150 | k=1.00771  <k>=1.00715 +/- 17 pcm
  [GPU] batch   97/150 | k=1.00848  <k>=1.00717 +/- 17 pcm
  [GPU] batch   98/150 | k=1.00787  <k>=1.00718 +/- 17 pcm
  [GPU] batch   99/150 | k=1.00487  <k>=1.00714 +/- 17 pcm
  [GPU] batch  100/150 | k=1.00636  <k>=1.00713 +/- 16 pcm
  [GPU] batch  101/150 | k=1.00517  <k>=1.00710 +/- 16 pcm
  [GPU] batch  102/150 | k=1.00718  <k>=1.00711 +/- 16 pcm
  [GPU] batch  103/150 | k=1.00628  <k>=1.00709 +/- 16 pcm
  [GPU] batch  104/150 | k=1.00836  <k>=1.00711 +/- 16 pcm
  [GPU] batch  105/150 | k=1.00647  <k>=1.00710 +/- 16 pcm
  [GPU] batch  106/150 | k=1.00754  <k>=1.00711 +/- 16 pcm
  [GPU] batch  107/150 | k=1.00685  <k>=1.00710 +/- 15 pcm
  [GPU] batch  108/150 | k=1.00355  <k>=1.00706 +/- 16 pcm
  [GPU] batch  109/150 | k=1.00597  <k>=1.00705 +/- 16 pcm
  [GPU] batch  110/150 | k=1.00603  <k>=1.00703 +/- 16 pcm
  [GPU] batch  111/150 | k=1.00452  <k>=1.00700 +/- 16 pcm
  [GPU] batch  112/150 | k=1.00637  <k>=1.00699 +/- 15 pcm
  [GPU] batch  113/150 | k=1.00825  <k>=1.00701 +/- 15 pcm
  [GPU] batch  114/150 | k=1.00634  <k>=1.00700 +/- 15 pcm
  [GPU] batch  115/150 | k=1.00683  <k>=1.00700 +/- 15 pcm
  [GPU] batch  116/150 | k=1.00750  <k>=1.00700 +/- 15 pcm
  [GPU] batch  117/150 | k=1.00680  <k>=1.00700 +/- 15 pcm
  [GPU] batch  118/150 | k=1.00612  <k>=1.00699 +/- 15 pcm
  [GPU] batch  119/150 | k=1.00751  <k>=1.00700 +/- 14 pcm
  [GPU] batch  120/150 | k=1.00618  <k>=1.00699 +/- 14 pcm
  [GPU] batch  121/150 | k=1.00605  <k>=1.00698 +/- 14 pcm
  [GPU] batch  122/150 | k=1.00601  <k>=1.00697 +/- 14 pcm
  [GPU] batch  123/150 | k=1.00682  <k>=1.00697 +/- 14 pcm
  [GPU] batch  124/150 | k=1.00846  <k>=1.00698 +/- 14 pcm
  [GPU] batch  125/150 | k=1.00708  <k>=1.00698 +/- 14 pcm
  [GPU] batch  126/150 | k=1.00720  <k>=1.00699 +/- 14 pcm
  [GPU] batch  127/150 | k=1.00772  <k>=1.00699 +/- 13 pcm
  [GPU] batch  128/150 | k=1.00831  <k>=1.00701 +/- 13 pcm
  [GPU] batch  129/150 | k=1.00762  <k>=1.00701 +/- 13 pcm
  [GPU] batch  130/150 | k=1.00768  <k>=1.00702 +/- 13 pcm
  [GPU] batch  131/150 | k=1.00929  <k>=1.00704 +/- 13 pcm
  [GPU] batch  132/150 | k=1.00430  <k>=1.00702 +/- 13 pcm
  [GPU] batch  133/150 | k=1.00409  <k>=1.00699 +/- 14 pcm
  [GPU] batch  134/150 | k=1.00581  <k>=1.00698 +/- 13 pcm
  [GPU] batch  135/150 | k=1.01029  <k>=1.00701 +/- 14 pcm
  [GPU] batch  136/150 | k=1.00604  <k>=1.00700 +/- 14 pcm
  [GPU] batch  137/150 | k=1.00680  <k>=1.00700 +/- 13 pcm
  [GPU] batch  138/150 | k=1.00395  <k>=1.00697 +/- 14 pcm
  [GPU] batch  139/150 | k=1.00720  <k>=1.00697 +/- 13 pcm
  [GPU] batch  140/150 | k=1.00712  <k>=1.00697 +/- 13 pcm
  [GPU] batch  141/150 | k=1.00661  <k>=1.00697 +/- 13 pcm
  [GPU] batch  142/150 | k=1.00491  <k>=1.00695 +/- 13 pcm
  [GPU] batch  143/150 | k=1.00643  <k>=1.00695 +/- 13 pcm
  [GPU] batch  144/150 | k=1.00730  <k>=1.00695 +/- 13 pcm
  [GPU] batch  145/150 | k=1.00743  <k>=1.00695 +/- 13 pcm
  [GPU] batch  146/150 | k=1.00724  <k>=1.00695 +/- 13 pcm
  [GPU] batch  147/150 | k=1.00832  <k>=1.00697 +/- 13 pcm
  [GPU] batch  148/150 | k=1.00359  <k>=1.00694 +/- 13 pcm
  [GPU] batch  149/150 | k=1.00594  <k>=1.00693 +/- 13 pcm
  [GPU] batch  150/150 | k=1.01037  <k>=1.00696 +/- 13 pcm
  heu-met-fast-019_case-1 -- seed 1/5 done in 231.7s: k=1.00696 +/- 0.00013
  heu-met-fast-019_case-1 -- seed 2/5 (seed=43) starting
  GPU: WMP payload = 0.0 KB (0 / 14 nuclides covered)
  GPU auto-refill: picked factor=3.48 for particles_per_batch=200000
  [GPU] batch    1/150 | k=0.95775  (inactive)
  [GPU] batch    2/150 | k=1.00902  (inactive)
  [GPU] batch    3/150 | k=1.00958  (inactive)
  [GPU] batch    4/150 | k=1.00752  (inactive)
  [GPU] batch    5/150 | k=1.00727  (inactive)
  [GPU] batch    6/150 | k=1.00503  (inactive)
  [GPU] batch    7/150 | k=1.00598  (inactive)
  [GPU] batch    8/150 | k=1.00518  (inactive)
  [GPU] batch    9/150 | k=1.00654  (inactive)
  [GPU] batch   10/150 | k=1.00589  (inactive)
  [GPU] batch   11/150 | k=1.00782  (inactive)
  [GPU] batch   12/150 | k=1.00731  (inactive)
  [GPU] batch   13/150 | k=1.00451  (inactive)
  [GPU] batch   14/150 | k=1.00813  (inactive)
  [GPU] batch   15/150 | k=1.00675  (inactive)
  [GPU] batch   16/150 | k=1.00443  (inactive)
  [GPU] batch   17/150 | k=1.00515  (inactive)
  [GPU] batch   18/150 | k=1.00530  (inactive)
  [GPU] batch   19/150 | k=1.00526  (inactive)
  [GPU] batch   20/150 | k=1.00665  (inactive)
  [GPU] batch   21/150 | k=1.00386  (inactive)
  [GPU] batch   22/150 | k=1.00631  (inactive)
  [GPU] batch   23/150 | k=1.00574  (inactive)
  [GPU] batch   24/150 | k=1.00855  (inactive)
  [GPU] batch   25/150 | k=1.00844  (inactive)
  [GPU] batch   26/150 | k=1.00894  (inactive)
  [GPU] batch   27/150 | k=1.00714  (inactive)
  [GPU] batch   28/150 | k=1.00612  (inactive)
  [GPU] batch   29/150 | k=1.00617  (inactive)
  [GPU] batch   30/150 | k=1.00658  (inactive)
  [GPU] batch   31/150 | k=1.00580  (1st active)
  [GPU] batch   32/150 | k=1.00481  <k>=1.00531 +/- 50 pcm
  [GPU] batch   33/150 | k=1.00684  <k>=1.00582 +/- 59 pcm
  [GPU] batch   34/150 | k=1.00562  <k>=1.00577 +/- 42 pcm
  [GPU] batch   35/150 | k=1.00676  <k>=1.00597 +/- 38 pcm
  [GPU] batch   36/150 | k=1.00804  <k>=1.00631 +/- 46 pcm
  [GPU] batch   37/150 | k=1.00650  <k>=1.00634 +/- 39 pcm
  [GPU] batch   38/150 | k=1.00762  <k>=1.00650 +/- 38 pcm
  [GPU] batch   39/150 | k=1.00649  <k>=1.00650 +/- 33 pcm
  [GPU] batch   40/150 | k=1.00350  <k>=1.00620 +/- 42 pcm
  [GPU] batch   41/150 | k=1.00896  <k>=1.00645 +/- 46 pcm
  [GPU] batch   42/150 | k=1.00377  <k>=1.00623 +/- 47 pcm
  [GPU] batch   43/150 | k=1.00802  <k>=1.00636 +/- 46 pcm
  [GPU] batch   44/150 | k=1.00774  <k>=1.00646 +/- 43 pcm
  [GPU] batch   45/150 | k=1.00658  <k>=1.00647 +/- 40 pcm
  [GPU] batch   46/150 | k=1.00793  <k>=1.00656 +/- 39 pcm
  [GPU] batch   47/150 | k=1.00810  <k>=1.00665 +/- 38 pcm
  [GPU] batch   48/150 | k=1.00739  <k>=1.00669 +/- 36 pcm
  [GPU] batch   49/150 | k=1.00798  <k>=1.00676 +/- 34 pcm
  [GPU] batch   50/150 | k=1.00916  <k>=1.00688 +/- 35 pcm
  [GPU] batch   51/150 | k=1.00581  <k>=1.00683 +/- 34 pcm
  [GPU] batch   52/150 | k=1.00435  <k>=1.00672 +/- 34 pcm
  [GPU] batch   53/150 | k=1.00620  <k>=1.00669 +/- 32 pcm
  [GPU] batch   54/150 | k=1.00566  <k>=1.00665 +/- 31 pcm
  [GPU] batch   55/150 | k=1.00691  <k>=1.00666 +/- 30 pcm
  [GPU] batch   56/150 | k=1.00585  <k>=1.00663 +/- 29 pcm
  [GPU] batch   57/150 | k=1.00823  <k>=1.00669 +/- 29 pcm
  [GPU] batch   58/150 | k=1.00825  <k>=1.00675 +/- 28 pcm
  [GPU] batch   59/150 | k=1.00777  <k>=1.00678 +/- 27 pcm
  [GPU] batch   60/150 | k=1.00624  <k>=1.00676 +/- 27 pcm
  [GPU] batch   61/150 | k=1.00760  <k>=1.00679 +/- 26 pcm
  [GPU] batch   62/150 | k=1.00592  <k>=1.00676 +/- 25 pcm
  [GPU] batch   63/150 | k=1.00731  <k>=1.00678 +/- 24 pcm
  [GPU] batch   64/150 | k=1.00781  <k>=1.00681 +/- 24 pcm
  [GPU] batch   65/150 | k=1.00806  <k>=1.00685 +/- 23 pcm
  [GPU] batch   66/150 | k=1.00466  <k>=1.00678 +/- 24 pcm
  [GPU] batch   67/150 | k=1.00649  <k>=1.00678 +/- 23 pcm
  [GPU] batch   68/150 | k=1.00688  <k>=1.00678 +/- 22 pcm
  [GPU] batch   69/150 | k=1.00597  <k>=1.00676 +/- 22 pcm
  [GPU] batch   70/150 | k=1.00621  <k>=1.00674 +/- 21 pcm
  [GPU] batch   71/150 | k=1.00652  <k>=1.00674 +/- 21 pcm
  [GPU] batch   72/150 | k=1.00509  <k>=1.00670 +/- 21 pcm
  [GPU] batch   73/150 | k=1.00716  <k>=1.00671 +/- 20 pcm
  [GPU] batch   74/150 | k=1.00699  <k>=1.00672 +/- 20 pcm
  [GPU] batch   75/150 | k=1.00456  <k>=1.00667 +/- 20 pcm
  [GPU] batch   76/150 | k=1.00701  <k>=1.00668 +/- 20 pcm
  [GPU] batch   77/150 | k=1.00448  <k>=1.00663 +/- 20 pcm
  [GPU] batch   78/150 | k=1.00504  <k>=1.00660 +/- 20 pcm
  [GPU] batch   79/150 | k=1.00415  <k>=1.00655 +/- 20 pcm
  [GPU] batch   80/150 | k=1.00866  <k>=1.00659 +/- 20 pcm
  [GPU] batch   81/150 | k=1.00894  <k>=1.00663 +/- 20 pcm
  [GPU] batch   82/150 | k=1.00992  <k>=1.00670 +/- 21 pcm
  [GPU] batch   83/150 | k=1.00708  <k>=1.00671 +/- 20 pcm
  [GPU] batch   84/150 | k=1.00951  <k>=1.00676 +/- 20 pcm
  [GPU] batch   85/150 | k=1.00835  <k>=1.00679 +/- 20 pcm
  [GPU] batch   86/150 | k=1.00588  <k>=1.00677 +/- 20 pcm
  [GPU] batch   87/150 | k=1.00846  <k>=1.00680 +/- 20 pcm
  [GPU] batch   88/150 | k=1.00758  <k>=1.00681 +/- 20 pcm
  [GPU] batch   89/150 | k=1.00487  <k>=1.00678 +/- 20 pcm
  [GPU] batch   90/150 | k=1.00853  <k>=1.00681 +/- 19 pcm
  [GPU] batch   91/150 | k=1.00859  <k>=1.00684 +/- 19 pcm
  [GPU] batch   92/150 | k=1.00787  <k>=1.00686 +/- 19 pcm
  [GPU] batch   93/150 | k=1.00810  <k>=1.00687 +/- 19 pcm
  [GPU] batch   94/150 | k=1.00605  <k>=1.00686 +/- 19 pcm
  [GPU] batch   95/150 | k=1.00977  <k>=1.00691 +/- 19 pcm
  [GPU] batch   96/150 | k=1.00905  <k>=1.00694 +/- 19 pcm
  [GPU] batch   97/150 | k=1.00657  <k>=1.00693 +/- 19 pcm
  [GPU] batch   98/150 | k=1.00701  <k>=1.00693 +/- 18 pcm
  [GPU] batch   99/150 | k=1.00595  <k>=1.00692 +/- 18 pcm
  [GPU] batch  100/150 | k=1.00629  <k>=1.00691 +/- 18 pcm
  [GPU] batch  101/150 | k=1.00550  <k>=1.00689 +/- 18 pcm
  [GPU] batch  102/150 | k=1.00857  <k>=1.00691 +/- 18 pcm
  [GPU] batch  103/150 | k=1.00556  <k>=1.00690 +/- 17 pcm
  [GPU] batch  104/150 | k=1.00768  <k>=1.00691 +/- 17 pcm
  [GPU] batch  105/150 | k=1.00530  <k>=1.00689 +/- 17 pcm
  [GPU] batch  106/150 | k=1.00640  <k>=1.00688 +/- 17 pcm
  [GPU] batch  107/150 | k=1.00651  <k>=1.00687 +/- 17 pcm
  [GPU] batch  108/150 | k=1.00737  <k>=1.00688 +/- 17 pcm
  [GPU] batch  109/150 | k=1.00533  <k>=1.00686 +/- 16 pcm
  [GPU] batch  110/150 | k=1.00868  <k>=1.00688 +/- 16 pcm
  [GPU] batch  111/150 | k=1.00632  <k>=1.00688 +/- 16 pcm
  [GPU] batch  112/150 | k=1.00670  <k>=1.00687 +/- 16 pcm
  [GPU] batch  113/150 | k=1.00766  <k>=1.00688 +/- 16 pcm
  [GPU] batch  114/150 | k=1.00765  <k>=1.00689 +/- 16 pcm
  [GPU] batch  115/150 | k=1.00581  <k>=1.00688 +/- 16 pcm
  [GPU] batch  116/150 | k=1.00685  <k>=1.00688 +/- 15 pcm
  [GPU] batch  117/150 | k=1.00669  <k>=1.00688 +/- 15 pcm
  [GPU] batch  118/150 | k=1.00547  <k>=1.00686 +/- 15 pcm
  [GPU] batch  119/150 | k=1.00624  <k>=1.00685 +/- 15 pcm
  [GPU] batch  120/150 | k=1.00825  <k>=1.00687 +/- 15 pcm
  [GPU] batch  121/150 | k=1.00835  <k>=1.00689 +/- 15 pcm
  [GPU] batch  122/150 | k=1.00601  <k>=1.00688 +/- 15 pcm
  [GPU] batch  123/150 | k=1.00713  <k>=1.00688 +/- 15 pcm
  [GPU] batch  124/150 | k=1.00870  <k>=1.00690 +/- 14 pcm
  [GPU] batch  125/150 | k=1.00786  <k>=1.00691 +/- 14 pcm
  [GPU] batch  126/150 | k=1.00471  <k>=1.00689 +/- 14 pcm
  [GPU] batch  127/150 | k=1.00821  <k>=1.00690 +/- 14 pcm
  [GPU] batch  128/150 | k=1.00626  <k>=1.00689 +/- 14 pcm
  [GPU] batch  129/150 | k=1.00766  <k>=1.00690 +/- 14 pcm
  [GPU] batch  130/150 | k=1.00661  <k>=1.00690 +/- 14 pcm
  [GPU] batch  131/150 | k=1.00274  <k>=1.00686 +/- 14 pcm
  [GPU] batch  132/150 | k=1.00450  <k>=1.00683 +/- 14 pcm
  [GPU] batch  133/150 | k=1.00644  <k>=1.00683 +/- 14 pcm
  [GPU] batch  134/150 | k=1.00679  <k>=1.00683 +/- 14 pcm
  [GPU] batch  135/150 | k=1.00661  <k>=1.00683 +/- 14 pcm
  [GPU] batch  136/150 | k=1.00966  <k>=1.00685 +/- 14 pcm
  [GPU] batch  137/150 | k=1.00629  <k>=1.00685 +/- 14 pcm
  [GPU] batch  138/150 | k=1.00544  <k>=1.00684 +/- 14 pcm
  [GPU] batch  139/150 | k=1.00748  <k>=1.00684 +/- 14 pcm
  [GPU] batch  140/150 | k=1.00726  <k>=1.00685 +/- 14 pcm
  [GPU] batch  141/150 | k=1.00602  <k>=1.00684 +/- 14 pcm
  [GPU] batch  142/150 | k=1.00545  <k>=1.00683 +/- 14 pcm
  [GPU] batch  143/150 | k=1.00707  <k>=1.00683 +/- 13 pcm
  [GPU] batch  144/150 | k=1.00554  <k>=1.00682 +/- 13 pcm
  [GPU] batch  145/150 | k=1.00677  <k>=1.00682 +/- 13 pcm
  [GPU] batch  146/150 | k=1.00641  <k>=1.00681 +/- 13 pcm
  [GPU] batch  147/150 | k=1.00881  <k>=1.00683 +/- 13 pcm
  [GPU] batch  148/150 | k=1.00657  <k>=1.00683 +/- 13 pcm
  [GPU] batch  149/150 | k=1.00886  <k>=1.00685 +/- 13 pcm
  [GPU] batch  150/150 | k=1.00478  <k>=1.00683 +/- 13 pcm
  heu-met-fast-019_case-1 -- seed 2/5 done in 231.3s: k=1.00683 +/- 0.00013
  heu-met-fast-019_case-1 -- seed 3/5 (seed=44) starting
  GPU: WMP payload = 0.0 KB (0 / 14 nuclides covered)
  GPU auto-refill: picked factor=3.48 for particles_per_batch=200000
  [GPU] batch    1/150 | k=0.95909  (inactive)
  [GPU] batch    2/150 | k=1.01063  (inactive)
  [GPU] batch    3/150 | k=1.00940  (inactive)
  [GPU] batch    4/150 | k=1.00980  (inactive)
  [GPU] batch    5/150 | k=1.00807  (inactive)
  [GPU] batch    6/150 | k=1.00595  (inactive)
  [GPU] batch    7/150 | k=1.00639  (inactive)
  [GPU] batch    8/150 | k=1.00610  (inactive)
  [GPU] batch    9/150 | k=1.00638  (inactive)
  [GPU] batch   10/150 | k=1.00748  (inactive)
  [GPU] batch   11/150 | k=1.00842  (inactive)
  [GPU] batch   12/150 | k=1.00451  (inactive)
  [GPU] batch   13/150 | k=1.00832  (inactive)
  [GPU] batch   14/150 | k=1.00920  (inactive)
  [GPU] batch   15/150 | k=1.00582  (inactive)
  [GPU] batch   16/150 | k=1.01030  (inactive)
  [GPU] batch   17/150 | k=1.00683  (inactive)
  [GPU] batch   18/150 | k=1.00355  (inactive)
  [GPU] batch   19/150 | k=1.00620  (inactive)
  [GPU] batch   20/150 | k=1.00779  (inactive)
  [GPU] batch   21/150 | k=1.00934  (inactive)
  [GPU] batch   22/150 | k=1.00690  (inactive)
  [GPU] batch   23/150 | k=1.00834  (inactive)
  [GPU] batch   24/150 | k=1.00458  (inactive)
  [GPU] batch   25/150 | k=1.00552  (inactive)
  [GPU] batch   26/150 | k=1.00559  (inactive)
  [GPU] batch   27/150 | k=1.00757  (inactive)
  [GPU] batch   28/150 | k=1.00678  (inactive)
  [GPU] batch   29/150 | k=1.00590  (inactive)
  [GPU] batch   30/150 | k=1.00695  (inactive)
  [GPU] batch   31/150 | k=1.00607  (1st active)
  [GPU] batch   32/150 | k=1.00375  <k>=1.00491 +/- 116 pcm
  [GPU] batch   33/150 | k=1.00770  <k>=1.00584 +/- 115 pcm
  [GPU] batch   34/150 | k=1.00576  <k>=1.00582 +/- 81 pcm
  [GPU] batch   35/150 | k=1.00599  <k>=1.00585 +/- 63 pcm
  [GPU] batch   36/150 | k=1.00771  <k>=1.00616 +/- 60 pcm
  [GPU] batch   37/150 | k=1.00839  <k>=1.00648 +/- 60 pcm
  [GPU] batch   38/150 | k=1.00783  <k>=1.00665 +/- 55 pcm
  [GPU] batch   39/150 | k=1.00773  <k>=1.00677 +/- 50 pcm
  [GPU] batch   40/150 | k=1.00724  <k>=1.00682 +/- 45 pcm
  [GPU] batch   41/150 | k=1.00623  <k>=1.00676 +/- 41 pcm
  [GPU] batch   42/150 | k=1.00821  <k>=1.00688 +/- 39 pcm
  [GPU] batch   43/150 | k=1.00668  <k>=1.00687 +/- 36 pcm
  [GPU] batch   44/150 | k=1.00615  <k>=1.00682 +/- 34 pcm
  [GPU] batch   45/150 | k=1.00560  <k>=1.00674 +/- 32 pcm
  [GPU] batch   46/150 | k=1.00727  <k>=1.00677 +/- 30 pcm
  [GPU] batch   47/150 | k=1.00599  <k>=1.00672 +/- 29 pcm
  [GPU] batch   48/150 | k=1.00283  <k>=1.00651 +/- 35 pcm
  [GPU] batch   49/150 | k=1.00817  <k>=1.00659 +/- 34 pcm
  [GPU] batch   50/150 | k=1.00701  <k>=1.00662 +/- 32 pcm
  [GPU] batch   51/150 | k=1.00692  <k>=1.00663 +/- 31 pcm
  [GPU] batch   52/150 | k=1.00909  <k>=1.00674 +/- 31 pcm
  [GPU] batch   53/150 | k=1.00798  <k>=1.00680 +/- 31 pcm
  [GPU] batch   54/150 | k=1.00643  <k>=1.00678 +/- 29 pcm
  [GPU] batch   55/150 | k=1.00765  <k>=1.00682 +/- 28 pcm
  [GPU] batch   56/150 | k=1.00919  <k>=1.00691 +/- 29 pcm
  [GPU] batch   57/150 | k=1.00560  <k>=1.00686 +/- 28 pcm
  [GPU] batch   58/150 | k=1.00607  <k>=1.00683 +/- 27 pcm
  [GPU] batch   59/150 | k=1.00759  <k>=1.00686 +/- 26 pcm
  [GPU] batch   60/150 | k=1.00963  <k>=1.00695 +/- 27 pcm
  [GPU] batch   61/150 | k=1.00701  <k>=1.00695 +/- 26 pcm
  [GPU] batch   62/150 | k=1.00629  <k>=1.00693 +/- 25 pcm
  [GPU] batch   63/150 | k=1.00779  <k>=1.00696 +/- 25 pcm
  [GPU] batch   64/150 | k=1.00990  <k>=1.00704 +/- 26 pcm
  [GPU] batch   65/150 | k=1.00474  <k>=1.00698 +/- 26 pcm
  [GPU] batch   66/150 | k=1.00530  <k>=1.00693 +/- 25 pcm
  [GPU] batch   67/150 | k=1.00659  <k>=1.00692 +/- 25 pcm
  [GPU] batch   68/150 | k=1.00757  <k>=1.00694 +/- 24 pcm
  [GPU] batch   69/150 | k=1.00883  <k>=1.00699 +/- 24 pcm
  [GPU] batch   70/150 | k=1.00732  <k>=1.00699 +/- 23 pcm
  [GPU] batch   71/150 | k=1.00772  <k>=1.00701 +/- 23 pcm
  [GPU] batch   72/150 | k=1.00522  <k>=1.00697 +/- 23 pcm
  [GPU] batch   73/150 | k=1.00686  <k>=1.00697 +/- 22 pcm
  [GPU] batch   74/150 | k=1.00821  <k>=1.00700 +/- 22 pcm
  [GPU] batch   75/150 | k=1.00669  <k>=1.00699 +/- 21 pcm
  [GPU] batch   76/150 | k=1.00507  <k>=1.00695 +/- 21 pcm
  [GPU] batch   77/150 | k=1.00695  <k>=1.00695 +/- 21 pcm
  [GPU] batch   78/150 | k=1.00795  <k>=1.00697 +/- 21 pcm
  [GPU] batch   79/150 | k=1.00777  <k>=1.00698 +/- 20 pcm
  [GPU] batch   80/150 | k=1.00767  <k>=1.00700 +/- 20 pcm
  [GPU] batch   81/150 | k=1.00705  <k>=1.00700 +/- 19 pcm
  [GPU] batch   82/150 | k=1.00672  <k>=1.00699 +/- 19 pcm
  [GPU] batch   83/150 | k=1.00792  <k>=1.00701 +/- 19 pcm
  [GPU] batch   84/150 | k=1.00740  <k>=1.00702 +/- 18 pcm
  [GPU] batch   85/150 | k=1.00820  <k>=1.00704 +/- 18 pcm
  [GPU] batch   86/150 | k=1.00590  <k>=1.00702 +/- 18 pcm
  [GPU] batch   87/150 | k=1.00843  <k>=1.00704 +/- 18 pcm
  [GPU] batch   88/150 | k=1.00877  <k>=1.00707 +/- 18 pcm
  [GPU] batch   89/150 | k=1.00527  <k>=1.00704 +/- 18 pcm
  [GPU] batch   90/150 | k=1.00527  <k>=1.00701 +/- 18 pcm
  [GPU] batch   91/150 | k=1.00833  <k>=1.00704 +/- 18 pcm
  [GPU] batch   92/150 | k=1.00560  <k>=1.00701 +/- 17 pcm
  [GPU] batch   93/150 | k=1.00565  <k>=1.00699 +/- 17 pcm
  [GPU] batch   94/150 | k=1.00687  <k>=1.00699 +/- 17 pcm
  [GPU] batch   95/150 | k=1.00588  <k>=1.00697 +/- 17 pcm
  [GPU] batch   96/150 | k=1.00646  <k>=1.00696 +/- 17 pcm
  [GPU] batch   97/150 | k=1.00619  <k>=1.00695 +/- 16 pcm
  [GPU] batch   98/150 | k=1.00616  <k>=1.00694 +/- 16 pcm
  [GPU] batch   99/150 | k=1.00723  <k>=1.00695 +/- 16 pcm
  [GPU] batch  100/150 | k=1.00745  <k>=1.00695 +/- 16 pcm
  [GPU] batch  101/150 | k=1.00722  <k>=1.00696 +/- 16 pcm
  [GPU] batch  102/150 | k=1.00455  <k>=1.00692 +/- 16 pcm
  [GPU] batch  103/150 | k=1.00408  <k>=1.00688 +/- 16 pcm
  [GPU] batch  104/150 | k=1.00645  <k>=1.00688 +/- 16 pcm
  [GPU] batch  105/150 | k=1.00840  <k>=1.00690 +/- 16 pcm
  [GPU] batch  106/150 | k=1.00661  <k>=1.00689 +/- 15 pcm
  [GPU] batch  107/150 | k=1.00543  <k>=1.00688 +/- 15 pcm
  [GPU] batch  108/150 | k=1.00668  <k>=1.00687 +/- 15 pcm
  [GPU] batch  109/150 | k=1.00710  <k>=1.00688 +/- 15 pcm
  [GPU] batch  110/150 | k=1.00884  <k>=1.00690 +/- 15 pcm
  [GPU] batch  111/150 | k=1.00652  <k>=1.00690 +/- 15 pcm
  [GPU] batch  112/150 | k=1.00473  <k>=1.00687 +/- 15 pcm
  [GPU] batch  113/150 | k=1.00662  <k>=1.00687 +/- 15 pcm
  [GPU] batch  114/150 | k=1.00875  <k>=1.00689 +/- 15 pcm
  [GPU] batch  115/150 | k=1.00719  <k>=1.00689 +/- 15 pcm
  [GPU] batch  116/150 | k=1.00532  <k>=1.00687 +/- 14 pcm
  [GPU] batch  117/150 | k=1.00614  <k>=1.00687 +/- 14 pcm
  [GPU] batch  118/150 | k=1.00900  <k>=1.00689 +/- 14 pcm
  [GPU] batch  119/150 | k=1.00434  <k>=1.00686 +/- 14 pcm
  [GPU] batch  120/150 | k=1.00914  <k>=1.00689 +/- 15 pcm
  [GPU] batch  121/150 | k=1.00505  <k>=1.00687 +/- 15 pcm
  [GPU] batch  122/150 | k=1.00605  <k>=1.00686 +/- 14 pcm
  [GPU] batch  123/150 | k=1.00625  <k>=1.00685 +/- 14 pcm
  [GPU] batch  124/150 | k=1.00627  <k>=1.00684 +/- 14 pcm
  [GPU] batch  125/150 | k=1.00563  <k>=1.00683 +/- 14 pcm
  [GPU] batch  126/150 | k=1.00696  <k>=1.00683 +/- 14 pcm
  [GPU] batch  127/150 | k=1.00655  <k>=1.00683 +/- 14 pcm
  [GPU] batch  128/150 | k=1.00902  <k>=1.00685 +/- 14 pcm
  [GPU] batch  129/150 | k=1.00664  <k>=1.00685 +/- 14 pcm
  [GPU] batch  130/150 | k=1.00867  <k>=1.00687 +/- 14 pcm
  [GPU] batch  131/150 | k=1.00827  <k>=1.00688 +/- 14 pcm
  [GPU] batch  132/150 | k=1.00551  <k>=1.00687 +/- 13 pcm
  [GPU] batch  133/150 | k=1.00561  <k>=1.00686 +/- 13 pcm
  [GPU] batch  134/150 | k=1.00601  <k>=1.00685 +/- 13 pcm
  [GPU] batch  135/150 | k=1.00598  <k>=1.00684 +/- 13 pcm
  [GPU] batch  136/150 | k=1.00609  <k>=1.00683 +/- 13 pcm
  [GPU] batch  137/150 | k=1.00710  <k>=1.00684 +/- 13 pcm
  [GPU] batch  138/150 | k=1.00547  <k>=1.00682 +/- 13 pcm
  [GPU] batch  139/150 | k=1.00544  <k>=1.00681 +/- 13 pcm
  [GPU] batch  140/150 | k=1.00679  <k>=1.00681 +/- 13 pcm
  [GPU] batch  141/150 | k=1.00486  <k>=1.00679 +/- 13 pcm
  [GPU] batch  142/150 | k=1.00801  <k>=1.00680 +/- 13 pcm
  [GPU] batch  143/150 | k=1.00565  <k>=1.00679 +/- 13 pcm
  [GPU] batch  144/150 | k=1.00411  <k>=1.00677 +/- 13 pcm
  [GPU] batch  145/150 | k=1.00821  <k>=1.00678 +/- 13 pcm
  [GPU] batch  146/150 | k=1.00624  <k>=1.00678 +/- 13 pcm
  [GPU] batch  147/150 | k=1.00629  <k>=1.00677 +/- 12 pcm
  [GPU] batch  148/150 | k=1.00558  <k>=1.00676 +/- 12 pcm
  [GPU] batch  149/150 | k=1.00585  <k>=1.00676 +/- 12 pcm
  [GPU] batch  150/150 | k=1.00866  <k>=1.00677 +/- 12 pcm
  heu-met-fast-019_case-1 -- seed 3/5 done in 231.4s: k=1.00677 +/- 0.00012
  heu-met-fast-019_case-1 -- seed 4/5 (seed=45) starting
  GPU: WMP payload = 0.0 KB (0 / 14 nuclides covered)
  GPU auto-refill: picked factor=3.48 for particles_per_batch=200000
  [GPU] batch    1/150 | k=0.95867  (inactive)
  [GPU] batch    2/150 | k=1.01010  (inactive)
  [GPU] batch    3/150 | k=1.00692  (inactive)
  [GPU] batch    4/150 | k=1.00814  (inactive)
  [GPU] batch    5/150 | k=1.00734  (inactive)
  [GPU] batch    6/150 | k=1.00539  (inactive)
  [GPU] batch    7/150 | k=1.00529  (inactive)
  [GPU] batch    8/150 | k=1.00527  (inactive)
  [GPU] batch    9/150 | k=1.00765  (inactive)
  [GPU] batch   10/150 | k=1.00842  (inactive)
  [GPU] batch   11/150 | k=1.00529  (inactive)
  [GPU] batch   12/150 | k=1.00636  (inactive)
  [GPU] batch   13/150 | k=1.00580  (inactive)
  [GPU] batch   14/150 | k=1.00785  (inactive)
  [GPU] batch   15/150 | k=1.00689  (inactive)
  [GPU] batch   16/150 | k=1.00689  (inactive)
  [GPU] batch   17/150 | k=1.00341  (inactive)
  [GPU] batch   18/150 | k=1.00668  (inactive)
  [GPU] batch   19/150 | k=1.00723  (inactive)
  [GPU] batch   20/150 | k=1.00665  (inactive)
  [GPU] batch   21/150 | k=1.00850  (inactive)
  [GPU] batch   22/150 | k=1.00523  (inactive)
  [GPU] batch   23/150 | k=1.00724  (inactive)
  [GPU] batch   24/150 | k=1.00770  (inactive)
  [GPU] batch   25/150 | k=1.00715  (inactive)
  [GPU] batch   26/150 | k=1.00462  (inactive)
  [GPU] batch   27/150 | k=1.00756  (inactive)
  [GPU] batch   28/150 | k=1.00806  (inactive)
  [GPU] batch   29/150 | k=1.00952  (inactive)
  [GPU] batch   30/150 | k=1.00563  (inactive)
  [GPU] batch   31/150 | k=1.00850  (1st active)
  [GPU] batch   32/150 | k=1.00629  <k>=1.00739 +/- 110 pcm
  [GPU] batch   33/150 | k=1.00762  <k>=1.00747 +/- 64 pcm
  [GPU] batch   34/150 | k=1.00732  <k>=1.00743 +/- 46 pcm
  [GPU] batch   35/150 | k=1.00603  <k>=1.00715 +/- 45 pcm
  [GPU] batch   36/150 | k=1.00699  <k>=1.00713 +/- 37 pcm
  [GPU] batch   37/150 | k=1.00709  <k>=1.00712 +/- 31 pcm
  [GPU] batch   38/150 | k=1.00804  <k>=1.00724 +/- 29 pcm
  [GPU] batch   39/150 | k=1.00586  <k>=1.00708 +/- 30 pcm
  [GPU] batch   40/150 | k=1.00633  <k>=1.00701 +/- 28 pcm
  [GPU] batch   41/150 | k=1.00690  <k>=1.00700 +/- 25 pcm
  [GPU] batch   42/150 | k=1.00685  <k>=1.00699 +/- 23 pcm
  [GPU] batch   43/150 | k=1.00714  <k>=1.00700 +/- 21 pcm
  [GPU] batch   44/150 | k=1.00549  <k>=1.00689 +/- 22 pcm
  [GPU] batch   45/150 | k=1.00739  <k>=1.00692 +/- 21 pcm
  [GPU] batch   46/150 | k=1.00651  <k>=1.00690 +/- 20 pcm
  [GPU] batch   47/150 | k=1.00799  <k>=1.00696 +/- 20 pcm
  [GPU] batch   48/150 | k=1.00851  <k>=1.00705 +/- 21 pcm
  [GPU] batch   49/150 | k=1.00500  <k>=1.00694 +/- 22 pcm
  [GPU] batch   50/150 | k=1.00854  <k>=1.00702 +/- 23 pcm
  [GPU] batch   51/150 | k=1.00608  <k>=1.00698 +/- 22 pcm
  [GPU] batch   52/150 | k=1.00675  <k>=1.00697 +/- 21 pcm
  [GPU] batch   53/150 | k=1.00568  <k>=1.00691 +/- 21 pcm
  [GPU] batch   54/150 | k=1.00742  <k>=1.00693 +/- 20 pcm
  [GPU] batch   55/150 | k=1.00457  <k>=1.00684 +/- 21 pcm
  [GPU] batch   56/150 | k=1.00729  <k>=1.00685 +/- 21 pcm
  [GPU] batch   57/150 | k=1.00871  <k>=1.00692 +/- 21 pcm
  [GPU] batch   58/150 | k=1.00738  <k>=1.00694 +/- 20 pcm
  [GPU] batch   59/150 | k=1.00776  <k>=1.00697 +/- 20 pcm
  [GPU] batch   60/150 | k=1.00983  <k>=1.00706 +/- 21 pcm
  [GPU] batch   61/150 | k=1.00714  <k>=1.00706 +/- 21 pcm
  [GPU] batch   62/150 | k=1.00917  <k>=1.00713 +/- 21 pcm
  [GPU] batch   63/150 | k=1.00648  <k>=1.00711 +/- 21 pcm
  [GPU] batch   64/150 | k=1.00630  <k>=1.00709 +/- 20 pcm
  [GPU] batch   65/150 | k=1.00886  <k>=1.00714 +/- 20 pcm
  [GPU] batch   66/150 | k=1.00771  <k>=1.00715 +/- 20 pcm
  [GPU] batch   67/150 | k=1.00926  <k>=1.00721 +/- 20 pcm
  [GPU] batch   68/150 | k=1.00972  <k>=1.00728 +/- 20 pcm
  [GPU] batch   69/150 | k=1.00754  <k>=1.00728 +/- 20 pcm
  [GPU] batch   70/150 | k=1.00717  <k>=1.00728 +/- 19 pcm
  [GPU] batch   71/150 | k=1.00784  <k>=1.00729 +/- 19 pcm
  [GPU] batch   72/150 | k=1.00499  <k>=1.00724 +/- 19 pcm
  [GPU] batch   73/150 | k=1.00681  <k>=1.00723 +/- 19 pcm
  [GPU] batch   74/150 | k=1.00418  <k>=1.00716 +/- 20 pcm
  [GPU] batch   75/150 | k=1.00653  <k>=1.00715 +/- 19 pcm
  [GPU] batch   76/150 | k=1.00888  <k>=1.00718 +/- 19 pcm
  [GPU] batch   77/150 | k=1.00621  <k>=1.00716 +/- 19 pcm
  [GPU] batch   78/150 | k=1.00695  <k>=1.00716 +/- 19 pcm
  [GPU] batch   79/150 | k=1.00622  <k>=1.00714 +/- 18 pcm
  [GPU] batch   80/150 | k=1.00816  <k>=1.00716 +/- 18 pcm
  [GPU] batch   81/150 | k=1.00644  <k>=1.00715 +/- 18 pcm
  [GPU] batch   82/150 | k=1.00636  <k>=1.00713 +/- 17 pcm
  [GPU] batch   83/150 | k=1.00928  <k>=1.00717 +/- 18 pcm
  [GPU] batch   84/150 | k=1.00911  <k>=1.00721 +/- 18 pcm
  [GPU] batch   85/150 | k=1.00859  <k>=1.00723 +/- 18 pcm
  [GPU] batch   86/150 | k=1.00439  <k>=1.00718 +/- 18 pcm
  [GPU] batch   87/150 | k=1.00706  <k>=1.00718 +/- 18 pcm
  [GPU] batch   88/150 | k=1.00799  <k>=1.00719 +/- 17 pcm
  [GPU] batch   89/150 | k=1.00730  <k>=1.00720 +/- 17 pcm
  [GPU] batch   90/150 | k=1.00670  <k>=1.00719 +/- 17 pcm
  [GPU] batch   91/150 | k=1.00430  <k>=1.00714 +/- 17 pcm
  [GPU] batch   92/150 | k=1.00534  <k>=1.00711 +/- 17 pcm
  [GPU] batch   93/150 | k=1.01266  <k>=1.00720 +/- 19 pcm
  [GPU] batch   94/150 | k=1.00557  <k>=1.00717 +/- 19 pcm
  [GPU] batch   95/150 | k=1.01007  <k>=1.00722 +/- 19 pcm
  [GPU] batch   96/150 | k=1.00794  <k>=1.00723 +/- 19 pcm
  [GPU] batch   97/150 | k=1.00570  <k>=1.00721 +/- 19 pcm
  [GPU] batch   98/150 | k=1.00640  <k>=1.00719 +/- 19 pcm
  [GPU] batch   99/150 | k=1.00524  <k>=1.00717 +/- 18 pcm
  [GPU] batch  100/150 | k=1.00552  <k>=1.00714 +/- 18 pcm
  [GPU] batch  101/150 | k=1.00593  <k>=1.00712 +/- 18 pcm
  [GPU] batch  102/150 | k=1.00447  <k>=1.00709 +/- 18 pcm
  [GPU] batch  103/150 | k=1.00820  <k>=1.00710 +/- 18 pcm
  [GPU] batch  104/150 | k=1.00757  <k>=1.00711 +/- 18 pcm
  [GPU] batch  105/150 | k=1.00666  <k>=1.00710 +/- 18 pcm
  [GPU] batch  106/150 | k=1.00991  <k>=1.00714 +/- 18 pcm
  [GPU] batch  107/150 | k=1.00658  <k>=1.00713 +/- 18 pcm
  [GPU] batch  108/150 | k=1.00863  <k>=1.00715 +/- 17 pcm
  [GPU] batch  109/150 | k=1.00579  <k>=1.00714 +/- 17 pcm
  [GPU] batch  110/150 | k=1.00739  <k>=1.00714 +/- 17 pcm
  [GPU] batch  111/150 | k=1.00644  <k>=1.00713 +/- 17 pcm
  [GPU] batch  112/150 | k=1.00451  <k>=1.00710 +/- 17 pcm
  [GPU] batch  113/150 | k=1.00570  <k>=1.00708 +/- 17 pcm
  [GPU] batch  114/150 | k=1.00757  <k>=1.00709 +/- 17 pcm
  [GPU] batch  115/150 | k=1.00519  <k>=1.00706 +/- 17 pcm
  [GPU] batch  116/150 | k=1.00668  <k>=1.00706 +/- 16 pcm
  [GPU] batch  117/150 | k=1.00734  <k>=1.00706 +/- 16 pcm
  [GPU] batch  118/150 | k=1.00636  <k>=1.00706 +/- 16 pcm
  [GPU] batch  119/150 | k=1.00857  <k>=1.00707 +/- 16 pcm
  [GPU] batch  120/150 | k=1.00498  <k>=1.00705 +/- 16 pcm
  [GPU] batch  121/150 | k=1.00397  <k>=1.00702 +/- 16 pcm
  [GPU] batch  122/150 | k=1.00568  <k>=1.00700 +/- 16 pcm
  [GPU] batch  123/150 | k=1.00639  <k>=1.00699 +/- 16 pcm
  [GPU] batch  124/150 | k=1.00792  <k>=1.00700 +/- 16 pcm
  [GPU] batch  125/150 | k=1.00803  <k>=1.00701 +/- 16 pcm
  [GPU] batch  126/150 | k=1.00601  <k>=1.00700 +/- 16 pcm
  [GPU] batch  127/150 | k=1.00663  <k>=1.00700 +/- 15 pcm
  [GPU] batch  128/150 | k=1.00626  <k>=1.00699 +/- 15 pcm
  [GPU] batch  129/150 | k=1.00719  <k>=1.00699 +/- 15 pcm
  [GPU] batch  130/150 | k=1.00525  <k>=1.00698 +/- 15 pcm
  [GPU] batch  131/150 | k=1.00702  <k>=1.00698 +/- 15 pcm
  [GPU] batch  132/150 | k=1.00586  <k>=1.00697 +/- 15 pcm
  [GPU] batch  133/150 | k=1.00684  <k>=1.00697 +/- 15 pcm
  [GPU] batch  134/150 | k=1.00736  <k>=1.00697 +/- 14 pcm
  [GPU] batch  135/150 | k=1.00730  <k>=1.00697 +/- 14 pcm
  [GPU] batch  136/150 | k=1.00714  <k>=1.00697 +/- 14 pcm
  [GPU] batch  137/150 | k=1.00798  <k>=1.00698 +/- 14 pcm
  [GPU] batch  138/150 | k=1.00605  <k>=1.00697 +/- 14 pcm
  [GPU] batch  139/150 | k=1.01095  <k>=1.00701 +/- 14 pcm
  [GPU] batch  140/150 | k=1.00786  <k>=1.00702 +/- 14 pcm
  [GPU] batch  141/150 | k=1.00715  <k>=1.00702 +/- 14 pcm
  [GPU] batch  142/150 | k=1.00585  <k>=1.00701 +/- 14 pcm
  [GPU] batch  143/150 | k=1.00848  <k>=1.00702 +/- 14 pcm
  [GPU] batch  144/150 | k=1.00522  <k>=1.00701 +/- 14 pcm
  [GPU] batch  145/150 | k=1.00674  <k>=1.00700 +/- 14 pcm
  [GPU] batch  146/150 | k=1.00679  <k>=1.00700 +/- 14 pcm
  [GPU] batch  147/150 | k=1.00903  <k>=1.00702 +/- 14 pcm
  [GPU] batch  148/150 | k=1.00729  <k>=1.00702 +/- 14 pcm
  [GPU] batch  149/150 | k=1.00914  <k>=1.00704 +/- 14 pcm
  [GPU] batch  150/150 | k=1.00656  <k>=1.00704 +/- 13 pcm
  heu-met-fast-019_case-1 -- seed 4/5 done in 231.3s: k=1.00704 +/- 0.00013
  heu-met-fast-019_case-1 -- seed 5/5 (seed=46) starting
  GPU: WMP payload = 0.0 KB (0 / 14 nuclides covered)
  GPU auto-refill: picked factor=3.48 for particles_per_batch=200000
  [GPU] batch    1/150 | k=0.95876  (inactive)
  [GPU] batch    2/150 | k=1.01014  (inactive)
  [GPU] batch    3/150 | k=1.00867  (inactive)
  [GPU] batch    4/150 | k=1.00761  (inactive)
  [GPU] batch    5/150 | k=1.00647  (inactive)
  [GPU] batch    6/150 | k=1.00462  (inactive)
  [GPU] batch    7/150 | k=1.00616  (inactive)
  [GPU] batch    8/150 | k=1.00798  (inactive)
  [GPU] batch    9/150 | k=1.00501  (inactive)
  [GPU] batch   10/150 | k=1.00830  (inactive)
  [GPU] batch   11/150 | k=1.00955  (inactive)
  [GPU] batch   12/150 | k=1.00700  (inactive)
  [GPU] batch   13/150 | k=1.00767  (inactive)
  [GPU] batch   14/150 | k=1.00917  (inactive)
  [GPU] batch   15/150 | k=1.00706  (inactive)
  [GPU] batch   16/150 | k=1.00692  (inactive)
  [GPU] batch   17/150 | k=1.00741  (inactive)
  [GPU] batch   18/150 | k=1.00565  (inactive)
  [GPU] batch   19/150 | k=1.00822  (inactive)
  [GPU] batch   20/150 | k=1.00908  (inactive)
  [GPU] batch   21/150 | k=1.00372  (inactive)
  [GPU] batch   22/150 | k=1.00554  (inactive)
  [GPU] batch   23/150 | k=1.00630  (inactive)
  [GPU] batch   24/150 | k=1.00658  (inactive)
  [GPU] batch   25/150 | k=1.00737  (inactive)
  [GPU] batch   26/150 | k=1.00793  (inactive)
  [GPU] batch   27/150 | k=1.00724  (inactive)
  [GPU] batch   28/150 | k=1.00568  (inactive)
  [GPU] batch   29/150 | k=1.00514  (inactive)
  [GPU] batch   30/150 | k=1.00724  (inactive)
  [GPU] batch   31/150 | k=1.00477  (1st active)
  [GPU] batch   32/150 | k=1.00721  <k>=1.00599 +/- 122 pcm
  [GPU] batch   33/150 | k=1.00819  <k>=1.00672 +/- 102 pcm
  [GPU] batch   34/150 | k=1.00695  <k>=1.00678 +/- 72 pcm
  [GPU] batch   35/150 | k=1.00825  <k>=1.00707 +/- 63 pcm
  [GPU] batch   36/150 | k=1.00475  <k>=1.00669 +/- 64 pcm
  [GPU] batch   37/150 | k=1.00677  <k>=1.00670 +/- 55 pcm
  [GPU] batch   38/150 | k=1.00571  <k>=1.00657 +/- 49 pcm
  [GPU] batch   39/150 | k=1.00691  <k>=1.00661 +/- 43 pcm
  [GPU] batch   40/150 | k=1.00685  <k>=1.00664 +/- 39 pcm
  [GPU] batch   41/150 | k=1.00772  <k>=1.00673 +/- 36 pcm
  [GPU] batch   42/150 | k=1.00804  <k>=1.00684 +/- 35 pcm
  [GPU] batch   43/150 | k=1.00636  <k>=1.00681 +/- 32 pcm
  [GPU] batch   44/150 | k=1.00665  <k>=1.00679 +/- 30 pcm
  [GPU] batch   45/150 | k=1.00765  <k>=1.00685 +/- 29 pcm
  [GPU] batch   46/150 | k=1.00811  <k>=1.00693 +/- 28 pcm
  [GPU] batch   47/150 | k=1.00465  <k>=1.00680 +/- 29 pcm
  [GPU] batch   48/150 | k=1.00658  <k>=1.00678 +/- 28 pcm
  [GPU] batch   49/150 | k=1.00720  <k>=1.00681 +/- 26 pcm
  [GPU] batch   50/150 | k=1.00705  <k>=1.00682 +/- 25 pcm
  [GPU] batch   51/150 | k=1.00732  <k>=1.00684 +/- 24 pcm
  [GPU] batch   52/150 | k=1.00535  <k>=1.00677 +/- 24 pcm
  [GPU] batch   53/150 | k=1.00729  <k>=1.00680 +/- 23 pcm
  [GPU] batch   54/150 | k=1.00503  <k>=1.00672 +/- 23 pcm
  [GPU] batch   55/150 | k=1.00595  <k>=1.00669 +/- 22 pcm
  [GPU] batch   56/150 | k=1.00674  <k>=1.00669 +/- 21 pcm
  [GPU] batch   57/150 | k=1.00717  <k>=1.00671 +/- 21 pcm
  [GPU] batch   58/150 | k=1.00374  <k>=1.00660 +/- 23 pcm
  [GPU] batch   59/150 | k=1.00821  <k>=1.00666 +/- 23 pcm
  [GPU] batch   60/150 | k=1.00713  <k>=1.00668 +/- 22 pcm
  [GPU] batch   61/150 | k=1.00395  <k>=1.00659 +/- 23 pcm
  [GPU] batch   62/150 | k=1.00725  <k>=1.00661 +/- 22 pcm
  [GPU] batch   63/150 | k=1.00810  <k>=1.00665 +/- 22 pcm
  [GPU] batch   64/150 | k=1.00637  <k>=1.00665 +/- 21 pcm
  [GPU] batch   65/150 | k=1.00686  <k>=1.00665 +/- 21 pcm
  [GPU] batch   66/150 | k=1.00704  <k>=1.00666 +/- 20 pcm
  [GPU] batch   67/150 | k=1.01027  <k>=1.00676 +/- 22 pcm
  [GPU] batch   68/150 | k=1.00655  <k>=1.00675 +/- 21 pcm
  [GPU] batch   69/150 | k=1.00708  <k>=1.00676 +/- 21 pcm
  [GPU] batch   70/150 | k=1.00866  <k>=1.00681 +/- 21 pcm
  [GPU] batch   71/150 | k=1.00724  <k>=1.00682 +/- 20 pcm
  [GPU] batch   72/150 | k=1.00893  <k>=1.00687 +/- 20 pcm
  [GPU] batch   73/150 | k=1.00735  <k>=1.00688 +/- 20 pcm
  [GPU] batch   74/150 | k=1.00812  <k>=1.00691 +/- 20 pcm
  [GPU] batch   75/150 | k=1.00770  <k>=1.00693 +/- 19 pcm
  [GPU] batch   76/150 | k=1.00803  <k>=1.00695 +/- 19 pcm
  [GPU] batch   77/150 | k=1.00691  <k>=1.00695 +/- 19 pcm
  [GPU] batch   78/150 | k=1.00570  <k>=1.00692 +/- 19 pcm
  [GPU] batch   79/150 | k=1.00598  <k>=1.00691 +/- 18 pcm
  [GPU] batch   80/150 | k=1.00751  <k>=1.00692 +/- 18 pcm
  [GPU] batch   81/150 | k=1.00734  <k>=1.00693 +/- 18 pcm
  [GPU] batch   82/150 | k=1.00523  <k>=1.00689 +/- 18 pcm
  [GPU] batch   83/150 | k=1.00614  <k>=1.00688 +/- 17 pcm
  [GPU] batch   84/150 | k=1.00908  <k>=1.00692 +/- 17 pcm
  [GPU] batch   85/150 | k=1.00629  <k>=1.00691 +/- 17 pcm
  [GPU] batch   86/150 | k=1.00699  <k>=1.00691 +/- 17 pcm
  [GPU] batch   87/150 | k=1.00721  <k>=1.00691 +/- 17 pcm
  [GPU] batch   88/150 | k=1.00741  <k>=1.00692 +/- 16 pcm
  [GPU] batch   89/150 | k=1.00585  <k>=1.00691 +/- 16 pcm
  [GPU] batch   90/150 | k=1.00748  <k>=1.00691 +/- 16 pcm
  [GPU] batch   91/150 | k=1.01035  <k>=1.00697 +/- 17 pcm
  [GPU] batch   92/150 | k=1.00634  <k>=1.00696 +/- 16 pcm
  [GPU] batch   93/150 | k=1.00750  <k>=1.00697 +/- 16 pcm
  [GPU] batch   94/150 | k=1.00701  <k>=1.00697 +/- 16 pcm
  [GPU] batch   95/150 | k=1.00542  <k>=1.00695 +/- 16 pcm
  [GPU] batch   96/150 | k=1.00622  <k>=1.00694 +/- 16 pcm
  [GPU] batch   97/150 | k=1.00700  <k>=1.00694 +/- 15 pcm
  [GPU] batch   98/150 | k=1.00838  <k>=1.00696 +/- 15 pcm
  [GPU] batch   99/150 | k=1.00441  <k>=1.00692 +/- 15 pcm
  [GPU] batch  100/150 | k=1.00843  <k>=1.00694 +/- 15 pcm
  [GPU] batch  101/150 | k=1.00848  <k>=1.00696 +/- 15 pcm
  [GPU] batch  102/150 | k=1.00606  <k>=1.00695 +/- 15 pcm
  [GPU] batch  103/150 | k=1.00828  <k>=1.00697 +/- 15 pcm
  [GPU] batch  104/150 | k=1.00555  <k>=1.00695 +/- 15 pcm
  [GPU] batch  105/150 | k=1.00465  <k>=1.00692 +/- 15 pcm
  [GPU] batch  106/150 | k=1.00350  <k>=1.00688 +/- 16 pcm
  [GPU] batch  107/150 | k=1.00851  <k>=1.00690 +/- 16 pcm
  [GPU] batch  108/150 | k=1.00971  <k>=1.00693 +/- 16 pcm
  [GPU] batch  109/150 | k=1.00705  <k>=1.00693 +/- 16 pcm
  [GPU] batch  110/150 | k=1.00660  <k>=1.00693 +/- 15 pcm
  [GPU] batch  111/150 | k=1.00712  <k>=1.00693 +/- 15 pcm
  [GPU] batch  112/150 | k=1.00435  <k>=1.00690 +/- 15 pcm
  [GPU] batch  113/150 | k=1.00441  <k>=1.00687 +/- 15 pcm
  [GPU] batch  114/150 | k=1.00788  <k>=1.00688 +/- 15 pcm
  [GPU] batch  115/150 | k=1.00731  <k>=1.00689 +/- 15 pcm
  [GPU] batch  116/150 | k=1.00681  <k>=1.00689 +/- 15 pcm
  [GPU] batch  117/150 | k=1.00636  <k>=1.00688 +/- 15 pcm
  [GPU] batch  118/150 | k=1.00688  <k>=1.00688 +/- 15 pcm
  [GPU] batch  119/150 | k=1.00627  <k>=1.00687 +/- 14 pcm
  [GPU] batch  120/150 | k=1.00499  <k>=1.00685 +/- 14 pcm
  [GPU] batch  121/150 | k=1.00816  <k>=1.00687 +/- 14 pcm
  [GPU] batch  122/150 | k=1.00686  <k>=1.00687 +/- 14 pcm
  [GPU] batch  123/150 | k=1.00764  <k>=1.00688 +/- 14 pcm
  [GPU] batch  124/150 | k=1.00790  <k>=1.00689 +/- 14 pcm
  [GPU] batch  125/150 | k=1.00770  <k>=1.00689 +/- 14 pcm
  [GPU] batch  126/150 | k=1.00784  <k>=1.00690 +/- 14 pcm
  [GPU] batch  127/150 | k=1.00641  <k>=1.00690 +/- 14 pcm
  [GPU] batch  128/150 | k=1.00564  <k>=1.00689 +/- 14 pcm
  [GPU] batch  129/150 | k=1.00771  <k>=1.00690 +/- 13 pcm
  [GPU] batch  130/150 | k=1.00514  <k>=1.00688 +/- 13 pcm
  [GPU] batch  131/150 | k=1.00476  <k>=1.00686 +/- 13 pcm
  [GPU] batch  132/150 | k=1.00491  <k>=1.00684 +/- 13 pcm
  [GPU] batch  133/150 | k=1.00603  <k>=1.00683 +/- 13 pcm
  [GPU] batch  134/150 | k=1.00704  <k>=1.00683 +/- 13 pcm
  [GPU] batch  135/150 | k=1.00395  <k>=1.00680 +/- 13 pcm
  [GPU] batch  136/150 | k=1.00512  <k>=1.00679 +/- 13 pcm
  [GPU] batch  137/150 | k=1.00412  <k>=1.00676 +/- 13 pcm
  [GPU] batch  138/150 | k=1.00733  <k>=1.00677 +/- 13 pcm
  [GPU] batch  139/150 | k=1.00691  <k>=1.00677 +/- 13 pcm
  [GPU] batch  140/150 | k=1.00561  <k>=1.00676 +/- 13 pcm
  [GPU] batch  141/150 | k=1.00637  <k>=1.00676 +/- 13 pcm
  [GPU] batch  142/150 | k=1.00793  <k>=1.00677 +/- 13 pcm
  [GPU] batch  143/150 | k=1.00835  <k>=1.00678 +/- 13 pcm
  [GPU] batch  144/150 | k=1.00581  <k>=1.00677 +/- 13 pcm
  [GPU] batch  145/150 | k=1.00533  <k>=1.00676 +/- 13 pcm
  [GPU] batch  146/150 | k=1.00707  <k>=1.00676 +/- 13 pcm
  [GPU] batch  147/150 | k=1.00751  <k>=1.00677 +/- 13 pcm
  [GPU] batch  148/150 | k=1.00716  <k>=1.00677 +/- 12 pcm
  [GPU] batch  149/150 | k=1.00851  <k>=1.00679 +/- 12 pcm
  [GPU] batch  150/150 | k=1.00520  <k>=1.00677 +/- 12 pcm
  heu-met-fast-019_case-1 -- seed 5/5 done in 231.6s: k=1.00677 +/- 0.00012
heu-met-fast-019_case-1: FAIL -- k=1.00687+/-0.00005, delta=+687pcm, bound=+/-560pcm, 2.45sigma, 1157.2s (5seed x 150b x 30i x 200000p) [38/375]
[5/341] heu-met-fast-019_case-2 starting (5seed x 150b x 30i x 200000p)
  heu-met-fast-019_case-2 -- seed 1/5 (seed=42) starting
  GPU: WMP payload = 0.0 KB (0 / 14 nuclides covered)
  GPU auto-refill: picked factor=3.48 for particles_per_batch=200000
  [GPU] batch    1/150 | k=0.91154  (inactive)
  [GPU] batch    2/150 | k=0.99510  (inactive)
  [GPU] batch    3/150 | k=1.00393  (inactive)
  [GPU] batch    4/150 | k=1.00449  (inactive)
  [GPU] batch    5/150 | k=1.00609  (inactive)
  [GPU] batch    6/150 | k=1.00830  (inactive)
  [GPU] batch    7/150 | k=1.00923  (inactive)
  [GPU] batch    8/150 | k=1.00528  (inactive)
  [GPU] batch    9/150 | k=1.00541  (inactive)
  [GPU] batch   10/150 | k=1.00517  (inactive)
  [GPU] batch   11/150 | k=1.00883  (inactive)
  [GPU] batch   12/150 | k=1.00543  (inactive)
  [GPU] batch   13/150 | k=1.00661  (inactive)
  [GPU] batch   14/150 | k=1.00751  (inactive)
  [GPU] batch   15/150 | k=1.00420  (inactive)
  [GPU] batch   16/150 | k=1.00789  (inactive)
  [GPU] batch   17/150 | k=1.00668  (inactive)
  [GPU] batch   18/150 | k=1.00554  (inactive)
  [GPU] batch   19/150 | k=1.00632  (inactive)
  [GPU] batch   20/150 | k=1.00445  (inactive)
  [GPU] batch   21/150 | k=1.00694  (inactive)
  [GPU] batch   22/150 | k=1.00579  (inactive)
  [GPU] batch   23/150 | k=1.00692  (inactive)
  [GPU] batch   24/150 | k=1.00703  (inactive)
  [GPU] batch   25/150 | k=1.00747  (inactive)
  [GPU] batch   26/150 | k=1.00467  (inactive)
  [GPU] batch   27/150 | k=1.00721  (inactive)
  [GPU] batch   28/150 | k=1.00615  (inactive)
  [GPU] batch   29/150 | k=1.00483  (inactive)
  [GPU] batch   30/150 | k=1.00698  (inactive)
  [GPU] batch   31/150 | k=1.01023  (1st active)
  [GPU] batch   32/150 | k=1.00538  <k>=1.00781 +/- 243 pcm
  [GPU] batch   33/150 | k=1.00553  <k>=1.00705 +/- 159 pcm
  [GPU] batch   34/150 | k=1.00776  <k>=1.00722 +/- 114 pcm
  [GPU] batch   35/150 | k=1.00621  <k>=1.00702 +/- 91 pcm
  [GPU] batch   36/150 | k=1.00420  <k>=1.00655 +/- 88 pcm
  [GPU] batch   37/150 | k=1.00671  <k>=1.00657 +/- 74 pcm
  [GPU] batch   38/150 | k=1.00684  <k>=1.00661 +/- 64 pcm
  [GPU] batch   39/150 | k=1.00655  <k>=1.00660 +/- 57 pcm
  [GPU] batch   40/150 | k=1.00624  <k>=1.00657 +/- 51 pcm
  [GPU] batch   41/150 | k=1.00739  <k>=1.00664 +/- 47 pcm
  [GPU] batch   42/150 | k=1.00649  <k>=1.00663 +/- 43 pcm
  [GPU] batch   43/150 | k=1.00651  <k>=1.00662 +/- 39 pcm
  [GPU] batch   44/150 | k=1.00894  <k>=1.00678 +/- 40 pcm
  [GPU] batch   45/150 | k=1.00598  <k>=1.00673 +/- 37 pcm
  [GPU] batch   46/150 | k=1.00536  <k>=1.00664 +/- 36 pcm
  [GPU] batch   47/150 | k=1.00610  <k>=1.00661 +/- 34 pcm
  [GPU] batch   48/150 | k=1.00754  <k>=1.00666 +/- 33 pcm
  [GPU] batch   49/150 | k=1.00375  <k>=1.00651 +/- 34 pcm
  [GPU] batch   50/150 | k=1.00827  <k>=1.00660 +/- 34 pcm
  [GPU] batch   51/150 | k=1.00613  <k>=1.00658 +/- 32 pcm
  [GPU] batch   52/150 | k=1.00554  <k>=1.00653 +/- 31 pcm
  [GPU] batch   53/150 | k=1.00810  <k>=1.00660 +/- 30 pcm
  [GPU] batch   54/150 | k=1.00788  <k>=1.00665 +/- 30 pcm
  [GPU] batch   55/150 | k=1.00743  <k>=1.00668 +/- 29 pcm
  [GPU] batch   56/150 | k=1.00546  <k>=1.00664 +/- 28 pcm
  [GPU] batch   57/150 | k=1.00809  <k>=1.00669 +/- 27 pcm
  [GPU] batch   58/150 | k=1.00868  <k>=1.00676 +/- 27 pcm
  [GPU] batch   59/150 | k=1.00599  <k>=1.00673 +/- 26 pcm
  [GPU] batch   60/150 | k=1.00926  <k>=1.00682 +/- 27 pcm
  [GPU] batch   61/150 | k=1.00897  <k>=1.00689 +/- 27 pcm
  [GPU] batch   62/150 | k=1.00587  <k>=1.00686 +/- 26 pcm
  [GPU] batch   63/150 | k=1.00655  <k>=1.00685 +/- 25 pcm
  [GPU] batch   64/150 | k=1.00637  <k>=1.00683 +/- 25 pcm
  [GPU] batch   65/150 | k=1.00625  <k>=1.00682 +/- 24 pcm
  [GPU] batch   66/150 | k=1.00846  <k>=1.00686 +/- 24 pcm
  [GPU] batch   67/150 | k=1.00691  <k>=1.00686 +/- 23 pcm
  [GPU] batch   68/150 | k=1.00670  <k>=1.00686 +/- 23 pcm
  [GPU] batch   69/150 | k=1.00544  <k>=1.00682 +/- 22 pcm
  [GPU] batch   70/150 | k=1.01004  <k>=1.00690 +/- 23 pcm
  [GPU] batch   71/150 | k=1.00822  <k>=1.00693 +/- 23 pcm
  [GPU] batch   72/150 | k=1.00623  <k>=1.00692 +/- 22 pcm
  [GPU] batch   73/150 | k=1.00481  <k>=1.00687 +/- 22 pcm
  [GPU] batch   74/150 | k=1.00836  <k>=1.00690 +/- 22 pcm
  [GPU] batch   75/150 | k=1.00568  <k>=1.00688 +/- 22 pcm
  [GPU] batch   76/150 | k=1.00566  <k>=1.00685 +/- 21 pcm
  [GPU] batch   77/150 | k=1.00872  <k>=1.00689 +/- 21 pcm
  [GPU] batch   78/150 | k=1.00646  <k>=1.00688 +/- 21 pcm
  [GPU] batch   79/150 | k=1.00712  <k>=1.00688 +/- 21 pcm
  [GPU] batch   80/150 | k=1.00543  <k>=1.00686 +/- 20 pcm
  [GPU] batch   81/150 | k=1.00799  <k>=1.00688 +/- 20 pcm
  [GPU] batch   82/150 | k=1.00813  <k>=1.00690 +/- 20 pcm
  [GPU] batch   83/150 | k=1.00505  <k>=1.00687 +/- 20 pcm
  [GPU] batch   84/150 | k=1.00915  <k>=1.00691 +/- 20 pcm
  [GPU] batch   85/150 | k=1.00522  <k>=1.00688 +/- 20 pcm
  [GPU] batch   86/150 | k=1.00665  <k>=1.00687 +/- 19 pcm
  [GPU] batch   87/150 | k=1.00930  <k>=1.00692 +/- 19 pcm
  [GPU] batch   88/150 | k=1.00649  <k>=1.00691 +/- 19 pcm
  [GPU] batch   89/150 | k=1.00565  <k>=1.00689 +/- 19 pcm
  [GPU] batch   90/150 | k=1.00756  <k>=1.00690 +/- 19 pcm
  [GPU] batch   91/150 | k=1.00617  <k>=1.00689 +/- 18 pcm
  [GPU] batch   92/150 | k=1.00528  <k>=1.00686 +/- 18 pcm
  [GPU] batch   93/150 | k=1.00602  <k>=1.00685 +/- 18 pcm
  [GPU] batch   94/150 | k=1.00651  <k>=1.00684 +/- 18 pcm
  [GPU] batch   95/150 | k=1.00647  <k>=1.00684 +/- 18 pcm
  [GPU] batch   96/150 | k=1.00599  <k>=1.00682 +/- 17 pcm
  [GPU] batch   97/150 | k=1.00799  <k>=1.00684 +/- 17 pcm
  [GPU] batch   98/150 | k=1.00688  <k>=1.00684 +/- 17 pcm
  [GPU] batch   99/150 | k=1.00652  <k>=1.00684 +/- 17 pcm
  [GPU] batch  100/150 | k=1.00733  <k>=1.00684 +/- 16 pcm
  [GPU] batch  101/150 | k=1.00461  <k>=1.00681 +/- 16 pcm
  [GPU] batch  102/150 | k=1.00707  <k>=1.00682 +/- 16 pcm
  [GPU] batch  103/150 | k=1.00517  <k>=1.00679 +/- 16 pcm
  [GPU] batch  104/150 | k=1.00866  <k>=1.00682 +/- 16 pcm
  [GPU] batch  105/150 | k=1.00576  <k>=1.00681 +/- 16 pcm
  [GPU] batch  106/150 | k=1.00903  <k>=1.00683 +/- 16 pcm
  [GPU] batch  107/150 | k=1.00712  <k>=1.00684 +/- 16 pcm
  [GPU] batch  108/150 | k=1.00741  <k>=1.00685 +/- 16 pcm
  [GPU] batch  109/150 | k=1.00518  <k>=1.00682 +/- 16 pcm
  [GPU] batch  110/150 | k=1.00976  <k>=1.00686 +/- 16 pcm
  [GPU] batch  111/150 | k=1.00779  <k>=1.00687 +/- 16 pcm
  [GPU] batch  112/150 | k=1.00601  <k>=1.00686 +/- 16 pcm
  [GPU] batch  113/150 | k=1.00726  <k>=1.00687 +/- 15 pcm
  [GPU] batch  114/150 | k=1.00811  <k>=1.00688 +/- 15 pcm
  [GPU] batch  115/150 | k=1.00867  <k>=1.00690 +/- 15 pcm
  [GPU] batch  116/150 | k=1.00591  <k>=1.00689 +/- 15 pcm
  [GPU] batch  117/150 | k=1.00840  <k>=1.00691 +/- 15 pcm
  [GPU] batch  118/150 | k=1.00937  <k>=1.00694 +/- 15 pcm
  [GPU] batch  119/150 | k=1.00855  <k>=1.00695 +/- 15 pcm
  [GPU] batch  120/150 | k=1.00538  <k>=1.00694 +/- 15 pcm
  [GPU] batch  121/150 | k=1.00546  <k>=1.00692 +/- 15 pcm
  [GPU] batch  122/150 | k=1.00644  <k>=1.00692 +/- 15 pcm
  [GPU] batch  123/150 | k=1.00564  <k>=1.00690 +/- 15 pcm
  [GPU] batch  124/150 | k=1.00656  <k>=1.00690 +/- 14 pcm
  [GPU] batch  125/150 | k=1.00444  <k>=1.00687 +/- 15 pcm
  [GPU] batch  126/150 | k=1.00623  <k>=1.00687 +/- 14 pcm
  [GPU] batch  127/150 | k=1.00780  <k>=1.00688 +/- 14 pcm
  [GPU] batch  128/150 | k=1.00731  <k>=1.00688 +/- 14 pcm
  [GPU] batch  129/150 | k=1.00427  <k>=1.00685 +/- 14 pcm
  [GPU] batch  130/150 | k=1.00880  <k>=1.00687 +/- 14 pcm
  [GPU] batch  131/150 | k=1.00556  <k>=1.00686 +/- 14 pcm
  [GPU] batch  132/150 | k=1.00675  <k>=1.00686 +/- 14 pcm
  [GPU] batch  133/150 | k=1.00758  <k>=1.00687 +/- 14 pcm
  [GPU] batch  134/150 | k=1.00570  <k>=1.00685 +/- 14 pcm
  [GPU] batch  135/150 | k=1.00690  <k>=1.00686 +/- 14 pcm
  [GPU] batch  136/150 | k=1.00660  <k>=1.00685 +/- 14 pcm
  [GPU] batch  137/150 | k=1.00836  <k>=1.00687 +/- 14 pcm
  [GPU] batch  138/150 | k=1.00820  <k>=1.00688 +/- 13 pcm
  [GPU] batch  139/150 | k=1.00532  <k>=1.00686 +/- 13 pcm
  [GPU] batch  140/150 | k=1.00534  <k>=1.00685 +/- 13 pcm
  [GPU] batch  141/150 | k=1.00775  <k>=1.00686 +/- 13 pcm
  [GPU] batch  142/150 | k=1.00520  <k>=1.00684 +/- 13 pcm
  [GPU] batch  143/150 | k=1.00748  <k>=1.00685 +/- 13 pcm
  [GPU] batch  144/150 | k=1.00617  <k>=1.00684 +/- 13 pcm
  [GPU] batch  145/150 | k=1.00473  <k>=1.00683 +/- 13 pcm
  [GPU] batch  146/150 | k=1.00654  <k>=1.00682 +/- 13 pcm
  [GPU] batch  147/150 | k=1.00929  <k>=1.00684 +/- 13 pcm
  [GPU] batch  148/150 | k=1.00588  <k>=1.00684 +/- 13 pcm
  [GPU] batch  149/150 | k=1.00641  <k>=1.00683 +/- 13 pcm
  [GPU] batch  150/150 | k=1.00936  <k>=1.00685 +/- 13 pcm
  heu-met-fast-019_case-2 -- seed 1/5 done in 90.3s: k=1.00685 +/- 0.00013
  heu-met-fast-019_case-2 -- seed 2/5 (seed=43) starting
  GPU: WMP payload = 0.0 KB (0 / 14 nuclides covered)
  GPU auto-refill: picked factor=3.48 for particles_per_batch=200000
  [GPU] batch    1/150 | k=0.91302  (inactive)
  [GPU] batch    2/150 | k=0.99619  (inactive)
  [GPU] batch    3/150 | k=1.00430  (inactive)
  [GPU] batch    4/150 | k=1.00469  (inactive)
  [GPU] batch    5/150 | k=1.00672  (inactive)
  [GPU] batch    6/150 | k=1.00725  (inactive)
  [GPU] batch    7/150 | k=1.00798  (inactive)
  [GPU] batch    8/150 | k=1.00737  (inactive)
  [GPU] batch    9/150 | k=1.00543  (inactive)
  [GPU] batch   10/150 | k=1.00952  (inactive)
  [GPU] batch   11/150 | k=1.00892  (inactive)
  [GPU] batch   12/150 | k=1.00778  (inactive)
  [GPU] batch   13/150 | k=1.00773  (inactive)
  [GPU] batch   14/150 | k=1.00692  (inactive)
  [GPU] batch   15/150 | k=1.00681  (inactive)
  [GPU] batch   16/150 | k=1.00549  (inactive)
  [GPU] batch   17/150 | k=1.00710  (inactive)
  [GPU] batch   18/150 | k=1.00801  (inactive)
  [GPU] batch   19/150 | k=1.00664  (inactive)
  [GPU] batch   20/150 | k=1.00666  (inactive)
  [GPU] batch   21/150 | k=1.00853  (inactive)
  [GPU] batch   22/150 | k=1.00725  (inactive)
  [GPU] batch   23/150 | k=1.00238  (inactive)
  [GPU] batch   24/150 | k=1.00933  (inactive)
  [GPU] batch   25/150 | k=1.00452  (inactive)
  [GPU] batch   26/150 | k=1.00801  (inactive)
  [GPU] batch   27/150 | k=1.00683  (inactive)
  [GPU] batch   28/150 | k=1.00660  (inactive)
  [GPU] batch   29/150 | k=1.00505  (inactive)
  [GPU] batch   30/150 | k=1.00917  (inactive)
  [GPU] batch   31/150 | k=1.00719  (1st active)
  [GPU] batch   32/150 | k=1.00390  <k>=1.00555 +/- 165 pcm
  [GPU] batch   33/150 | k=1.00855  <k>=1.00655 +/- 138 pcm
  [GPU] batch   34/150 | k=1.00726  <k>=1.00673 +/- 99 pcm
  [GPU] batch   35/150 | k=1.00500  <k>=1.00638 +/- 84 pcm
  [GPU] batch   36/150 | k=1.00782  <k>=1.00662 +/- 73 pcm
  [GPU] batch   37/150 | k=1.00780  <k>=1.00679 +/- 64 pcm
  [GPU] batch   38/150 | k=1.00575  <k>=1.00666 +/- 57 pcm
  [GPU] batch   39/150 | k=1.00587  <k>=1.00657 +/- 51 pcm
  [GPU] batch   40/150 | k=1.00812  <k>=1.00673 +/- 48 pcm
  [GPU] batch   41/150 | k=1.00577  <k>=1.00664 +/- 44 pcm
  [GPU] batch   42/150 | k=1.00562  <k>=1.00656 +/- 41 pcm
  [GPU] batch   43/150 | k=1.00675  <k>=1.00657 +/- 38 pcm
  [GPU] batch   44/150 | k=1.00761  <k>=1.00664 +/- 36 pcm
  [GPU] batch   45/150 | k=1.00500  <k>=1.00654 +/- 35 pcm
  [GPU] batch   46/150 | k=1.00665  <k>=1.00654 +/- 33 pcm
  [GPU] batch   47/150 | k=1.00769  <k>=1.00661 +/- 32 pcm
  [GPU] batch   48/150 | k=1.00518  <k>=1.00653 +/- 31 pcm
  [GPU] batch   49/150 | k=1.00342  <k>=1.00637 +/- 34 pcm
  [GPU] batch   50/150 | k=1.00599  <k>=1.00635 +/- 32 pcm
  [GPU] batch   51/150 | k=1.00852  <k>=1.00645 +/- 32 pcm
  [GPU] batch   52/150 | k=1.00739  <k>=1.00649 +/- 31 pcm
  [GPU] batch   53/150 | k=1.00589  <k>=1.00647 +/- 30 pcm
  [GPU] batch   54/150 | k=1.00751  <k>=1.00651 +/- 29 pcm
  [GPU] batch   55/150 | k=1.00654  <k>=1.00651 +/- 27 pcm
  [GPU] batch   56/150 | k=1.00526  <k>=1.00646 +/- 27 pcm
  [GPU] batch   57/150 | k=1.00714  <k>=1.00649 +/- 26 pcm
  [GPU] batch   58/150 | k=1.00809  <k>=1.00655 +/- 26 pcm
  [GPU] batch   59/150 | k=1.00772  <k>=1.00659 +/- 25 pcm
  [GPU] batch   60/150 | k=1.00803  <k>=1.00664 +/- 25 pcm
  [GPU] batch   61/150 | k=1.00626  <k>=1.00662 +/- 24 pcm
  [GPU] batch   62/150 | k=1.00485  <k>=1.00657 +/- 24 pcm
  [GPU] batch   63/150 | k=1.00903  <k>=1.00664 +/- 24 pcm
  [GPU] batch   64/150 | k=1.00845  <k>=1.00670 +/- 24 pcm
  [GPU] batch   65/150 | k=1.00603  <k>=1.00668 +/- 23 pcm
  [GPU] batch   66/150 | k=1.00716  <k>=1.00669 +/- 23 pcm
  [GPU] batch   67/150 | k=1.00807  <k>=1.00673 +/- 23 pcm
  [GPU] batch   68/150 | k=1.00842  <k>=1.00677 +/- 22 pcm
  [GPU] batch   69/150 | k=1.00893  <k>=1.00683 +/- 23 pcm
  [GPU] batch   70/150 | k=1.00925  <k>=1.00689 +/- 23 pcm
  [GPU] batch   71/150 | k=1.00658  <k>=1.00688 +/- 22 pcm
  [GPU] batch   72/150 | k=1.00214  <k>=1.00677 +/- 24 pcm
  [GPU] batch   73/150 | k=1.00585  <k>=1.00675 +/- 24 pcm
  [GPU] batch   74/150 | k=1.00844  <k>=1.00678 +/- 24 pcm
  [GPU] batch   75/150 | k=1.00550  <k>=1.00676 +/- 23 pcm
  [GPU] batch   76/150 | k=1.00519  <k>=1.00672 +/- 23 pcm
  [GPU] batch   77/150 | k=1.00803  <k>=1.00675 +/- 23 pcm
  [GPU] batch   78/150 | k=1.00518  <k>=1.00672 +/- 23 pcm
  [GPU] batch   79/150 | k=1.00645  <k>=1.00671 +/- 22 pcm
  [GPU] batch   80/150 | k=1.00908  <k>=1.00676 +/- 22 pcm
  [GPU] batch   81/150 | k=1.00750  <k>=1.00677 +/- 22 pcm
  [GPU] batch   82/150 | k=1.00801  <k>=1.00680 +/- 21 pcm
  [GPU] batch   83/150 | k=1.00544  <k>=1.00677 +/- 21 pcm
  [GPU] batch   84/150 | k=1.00563  <k>=1.00675 +/- 21 pcm
  [GPU] batch   85/150 | k=1.00727  <k>=1.00676 +/- 21 pcm
  [GPU] batch   86/150 | k=1.00779  <k>=1.00678 +/- 20 pcm
  [GPU] batch   87/150 | k=1.00615  <k>=1.00677 +/- 20 pcm
  [GPU] batch   88/150 | k=1.00466  <k>=1.00673 +/- 20 pcm
  [GPU] batch   89/150 | k=1.00798  <k>=1.00675 +/- 20 pcm
  [GPU] batch   90/150 | k=1.00819  <k>=1.00678 +/- 20 pcm
  [GPU] batch   91/150 | k=1.00926  <k>=1.00682 +/- 20 pcm
  [GPU] batch   92/150 | k=1.00767  <k>=1.00683 +/- 19 pcm
  [GPU] batch   93/150 | k=1.00894  <k>=1.00686 +/- 19 pcm
  [GPU] batch   94/150 | k=1.00948  <k>=1.00690 +/- 19 pcm
  [GPU] batch   95/150 | k=1.00635  <k>=1.00690 +/- 19 pcm
  [GPU] batch   96/150 | k=1.00854  <k>=1.00692 +/- 19 pcm
  [GPU] batch   97/150 | k=1.00875  <k>=1.00695 +/- 19 pcm
  [GPU] batch   98/150 | k=1.00526  <k>=1.00692 +/- 19 pcm
  [GPU] batch   99/150 | k=1.00877  <k>=1.00695 +/- 19 pcm
  [GPU] batch  100/150 | k=1.00600  <k>=1.00694 +/- 19 pcm
  [GPU] batch  101/150 | k=1.00788  <k>=1.00695 +/- 18 pcm
  [GPU] batch  102/150 | k=1.00801  <k>=1.00696 +/- 18 pcm
  [GPU] batch  103/150 | k=1.00744  <k>=1.00697 +/- 18 pcm
  [GPU] batch  104/150 | k=1.00805  <k>=1.00699 +/- 18 pcm
  [GPU] batch  105/150 | k=1.00709  <k>=1.00699 +/- 17 pcm
  [GPU] batch  106/150 | k=1.00537  <k>=1.00697 +/- 17 pcm
  [GPU] batch  107/150 | k=1.00877  <k>=1.00699 +/- 17 pcm
  [GPU] batch  108/150 | k=1.01041  <k>=1.00703 +/- 18 pcm
  [GPU] batch  109/150 | k=1.00879  <k>=1.00706 +/- 18 pcm
  [GPU] batch  110/150 | k=1.00644  <k>=1.00705 +/- 17 pcm
  [GPU] batch  111/150 | k=1.00792  <k>=1.00706 +/- 17 pcm
  [GPU] batch  112/150 | k=1.00572  <k>=1.00704 +/- 17 pcm
  [GPU] batch  113/150 | k=1.00868  <k>=1.00706 +/- 17 pcm
  [GPU] batch  114/150 | k=1.00621  <k>=1.00705 +/- 17 pcm
  [GPU] batch  115/150 | k=1.00461  <k>=1.00702 +/- 17 pcm
  [GPU] batch  116/150 | k=1.00557  <k>=1.00701 +/- 17 pcm
  [GPU] batch  117/150 | k=1.00721  <k>=1.00701 +/- 17 pcm
  [GPU] batch  118/150 | k=1.00536  <k>=1.00699 +/- 16 pcm
  [GPU] batch  119/150 | k=1.00484  <k>=1.00697 +/- 16 pcm
  [GPU] batch  120/150 | k=1.00771  <k>=1.00697 +/- 16 pcm
  [GPU] batch  121/150 | k=1.00792  <k>=1.00698 +/- 16 pcm
  [GPU] batch  122/150 | k=1.00689  <k>=1.00698 +/- 16 pcm
  [GPU] batch  123/150 | k=1.00872  <k>=1.00700 +/- 16 pcm
  [GPU] batch  124/150 | k=1.00488  <k>=1.00698 +/- 16 pcm
  [GPU] batch  125/150 | k=1.00390  <k>=1.00695 +/- 16 pcm
  [GPU] batch  126/150 | k=1.00846  <k>=1.00696 +/- 16 pcm
  [GPU] batch  127/150 | k=1.00681  <k>=1.00696 +/- 16 pcm
  [GPU] batch  128/150 | k=1.00735  <k>=1.00697 +/- 16 pcm
  [GPU] batch  129/150 | k=1.00644  <k>=1.00696 +/- 15 pcm
  [GPU] batch  130/150 | k=1.00929  <k>=1.00698 +/- 15 pcm
  [GPU] batch  131/150 | k=1.00836  <k>=1.00700 +/- 15 pcm
  [GPU] batch  132/150 | k=1.00873  <k>=1.00701 +/- 15 pcm
  [GPU] batch  133/150 | k=1.00456  <k>=1.00699 +/- 15 pcm
  [GPU] batch  134/150 | k=1.00831  <k>=1.00700 +/- 15 pcm
  [GPU] batch  135/150 | k=1.00421  <k>=1.00698 +/- 15 pcm
  [GPU] batch  136/150 | k=1.00592  <k>=1.00697 +/- 15 pcm
  [GPU] batch  137/150 | k=1.00482  <k>=1.00695 +/- 15 pcm
  [GPU] batch  138/150 | k=1.00918  <k>=1.00697 +/- 15 pcm
  [GPU] batch  139/150 | k=1.00581  <k>=1.00696 +/- 15 pcm
  [GPU] batch  140/150 | k=1.00696  <k>=1.00696 +/- 15 pcm
  [GPU] batch  141/150 | k=1.00530  <k>=1.00694 +/- 15 pcm
  [GPU] batch  142/150 | k=1.00521  <k>=1.00693 +/- 15 pcm
  [GPU] batch  143/150 | k=1.00456  <k>=1.00690 +/- 15 pcm
  [GPU] batch  144/150 | k=1.00828  <k>=1.00692 +/- 15 pcm
  [GPU] batch  145/150 | k=1.00450  <k>=1.00690 +/- 15 pcm
  [GPU] batch  146/150 | k=1.00493  <k>=1.00688 +/- 15 pcm
  [GPU] batch  147/150 | k=1.00498  <k>=1.00686 +/- 15 pcm
  [GPU] batch  148/150 | k=1.00189  <k>=1.00682 +/- 15 pcm
  [GPU] batch  149/150 | k=1.00740  <k>=1.00683 +/- 15 pcm
  [GPU] batch  150/150 | k=1.00807  <k>=1.00684 +/- 15 pcm
  heu-met-fast-019_case-2 -- seed 2/5 done in 90.3s: k=1.00684 +/- 0.00015
  heu-met-fast-019_case-2 -- seed 3/5 (seed=44) starting
  GPU: WMP payload = 0.0 KB (0 / 14 nuclides covered)
  GPU auto-refill: picked factor=3.48 for particles_per_batch=200000
  [GPU] batch    1/150 | k=0.91251  (inactive)
  [GPU] batch    2/150 | k=0.99606  (inactive)
  [GPU] batch    3/150 | k=1.00440  (inactive)
  [GPU] batch    4/150 | k=1.00581  (inactive)
  [GPU] batch    5/150 | k=1.00710  (inactive)
  [GPU] batch    6/150 | k=1.00635  (inactive)
  [GPU] batch    7/150 | k=1.00614  (inactive)
  [GPU] batch    8/150 | k=1.00738  (inactive)
  [GPU] batch    9/150 | k=1.00491  (inactive)
  [GPU] batch   10/150 | k=1.00828  (inactive)
  [GPU] batch   11/150 | k=1.00502  (inactive)
  [GPU] batch   12/150 | k=1.00266  (inactive)
  [GPU] batch   13/150 | k=1.00564  (inactive)
  [GPU] batch   14/150 | k=1.00543  (inactive)
  [GPU] batch   15/150 | k=1.00645  (inactive)
  [GPU] batch   16/150 | k=1.00497  (inactive)
  [GPU] batch   17/150 | k=1.00789  (inactive)
  [GPU] batch   18/150 | k=1.00616  (inactive)
  [GPU] batch   19/150 | k=1.00653  (inactive)
  [GPU] batch   20/150 | k=1.00894  (inactive)
  [GPU] batch   21/150 | k=1.00875  (inactive)
  [GPU] batch   22/150 | k=1.00591  (inactive)
  [GPU] batch   23/150 | k=1.00972  (inactive)
  [GPU] batch   24/150 | k=1.01024  (inactive)
  [GPU] batch   25/150 | k=1.00520  (inactive)
  [GPU] batch   26/150 | k=1.00633  (inactive)
  [GPU] batch   27/150 | k=1.00692  (inactive)
  [GPU] batch   28/150 | k=1.00671  (inactive)
  [GPU] batch   29/150 | k=1.00641  (inactive)
  [GPU] batch   30/150 | k=1.00828  (inactive)
  [GPU] batch   31/150 | k=1.00756  (1st active)
  [GPU] batch   32/150 | k=1.00932  <k>=1.00844 +/- 88 pcm
  [GPU] batch   33/150 | k=1.00774  <k>=1.00821 +/- 56 pcm
  [GPU] batch   34/150 | k=1.00812  <k>=1.00819 +/- 40 pcm
  [GPU] batch   35/150 | k=1.00812  <k>=1.00817 +/- 31 pcm
  [GPU] batch   36/150 | k=1.00612  <k>=1.00783 +/- 42 pcm
  [GPU] batch   37/150 | k=1.00588  <k>=1.00755 +/- 45 pcm
  [GPU] batch   38/150 | k=1.00700  <k>=1.00748 +/- 40 pcm
  [GPU] batch   39/150 | k=1.00511  <k>=1.00722 +/- 44 pcm
  [GPU] batch   40/150 | k=1.00796  <k>=1.00729 +/- 40 pcm
  [GPU] batch   41/150 | k=1.00801  <k>=1.00736 +/- 37 pcm
  [GPU] batch   42/150 | k=1.00697  <k>=1.00733 +/- 34 pcm
  [GPU] batch   43/150 | k=1.00657  <k>=1.00727 +/- 32 pcm
  [GPU] batch   44/150 | k=1.00729  <k>=1.00727 +/- 29 pcm
  [GPU] batch   45/150 | k=1.00715  <k>=1.00726 +/- 27 pcm
  [GPU] batch   46/150 | k=1.00447  <k>=1.00709 +/- 31 pcm
  [GPU] batch   47/150 | k=1.00823  <k>=1.00715 +/- 30 pcm
  [GPU] batch   48/150 | k=1.00618  <k>=1.00710 +/- 29 pcm
  [GPU] batch   49/150 | k=1.00631  <k>=1.00706 +/- 27 pcm
  [GPU] batch   50/150 | k=1.00511  <k>=1.00696 +/- 28 pcm
  [GPU] batch   51/150 | k=1.00746  <k>=1.00698 +/- 26 pcm
  [GPU] batch   52/150 | k=1.00610  <k>=1.00694 +/- 26 pcm
  [GPU] batch   53/150 | k=1.00952  <k>=1.00706 +/- 27 pcm
  [GPU] batch   54/150 | k=1.00707  <k>=1.00706 +/- 26 pcm
  [GPU] batch   55/150 | k=1.00629  <k>=1.00703 +/- 25 pcm
  [GPU] batch   56/150 | k=1.00655  <k>=1.00701 +/- 24 pcm
  [GPU] batch   57/150 | k=1.00900  <k>=1.00708 +/- 24 pcm
  [GPU] batch   58/150 | k=1.00616  <k>=1.00705 +/- 24 pcm
  [GPU] batch   59/150 | k=1.00709  <k>=1.00705 +/- 23 pcm
  [GPU] batch   60/150 | k=1.00706  <k>=1.00705 +/- 22 pcm
  [GPU] batch   61/150 | k=1.00915  <k>=1.00712 +/- 22 pcm
  [GPU] batch   62/150 | k=1.00551  <k>=1.00707 +/- 22 pcm
  [GPU] batch   63/150 | k=1.00746  <k>=1.00708 +/- 22 pcm
  [GPU] batch   64/150 | k=1.00650  <k>=1.00706 +/- 21 pcm
  [GPU] batch   65/150 | k=1.00555  <k>=1.00702 +/- 21 pcm
  [GPU] batch   66/150 | k=1.00721  <k>=1.00702 +/- 20 pcm
  [GPU] batch   67/150 | k=1.00920  <k>=1.00708 +/- 21 pcm
  [GPU] batch   68/150 | k=1.00771  <k>=1.00710 +/- 20 pcm
  [GPU] batch   69/150 | k=1.00717  <k>=1.00710 +/- 20 pcm
  [GPU] batch   70/150 | k=1.00816  <k>=1.00713 +/- 19 pcm
  [GPU] batch   71/150 | k=1.00877  <k>=1.00717 +/- 19 pcm
  [GPU] batch   72/150 | k=1.00804  <k>=1.00719 +/- 19 pcm
  [GPU] batch   73/150 | k=1.00864  <k>=1.00722 +/- 19 pcm
  [GPU] batch   74/150 | k=1.00544  <k>=1.00718 +/- 19 pcm
  [GPU] batch   75/150 | k=1.00820  <k>=1.00720 +/- 18 pcm
  [GPU] batch   76/150 | k=1.00603  <k>=1.00718 +/- 18 pcm
  [GPU] batch   77/150 | k=1.00667  <k>=1.00717 +/- 18 pcm
  [GPU] batch   78/150 | k=1.00692  <k>=1.00716 +/- 17 pcm
  [GPU] batch   79/150 | k=1.00675  <k>=1.00716 +/- 17 pcm
  [GPU] batch   80/150 | k=1.00598  <k>=1.00713 +/- 17 pcm
  [GPU] batch   81/150 | k=1.00602  <k>=1.00711 +/- 17 pcm
  [GPU] batch   82/150 | k=1.00557  <k>=1.00708 +/- 17 pcm
  [GPU] batch   83/150 | k=1.00595  <k>=1.00706 +/- 17 pcm
  [GPU] batch   84/150 | k=1.00871  <k>=1.00709 +/- 16 pcm
  [GPU] batch   85/150 | k=1.00704  <k>=1.00709 +/- 16 pcm
  [GPU] batch   86/150 | k=1.00552  <k>=1.00706 +/- 16 pcm
  [GPU] batch   87/150 | k=1.00891  <k>=1.00709 +/- 16 pcm
  [GPU] batch   88/150 | k=1.00800  <k>=1.00711 +/- 16 pcm
  [GPU] batch   89/150 | k=1.00772  <k>=1.00712 +/- 16 pcm
  [GPU] batch   90/150 | k=1.00819  <k>=1.00714 +/- 16 pcm
  [GPU] batch   91/150 | k=1.00662  <k>=1.00713 +/- 15 pcm
  [GPU] batch   92/150 | k=1.00776  <k>=1.00714 +/- 15 pcm
  [GPU] batch   93/150 | k=1.00725  <k>=1.00714 +/- 15 pcm
  [GPU] batch   94/150 | k=1.00709  <k>=1.00714 +/- 15 pcm
  [GPU] batch   95/150 | k=1.00687  <k>=1.00714 +/- 14 pcm
  [GPU] batch   96/150 | k=1.00577  <k>=1.00711 +/- 14 pcm
  [GPU] batch   97/150 | k=1.00816  <k>=1.00713 +/- 14 pcm
  [GPU] batch   98/150 | k=1.00873  <k>=1.00715 +/- 14 pcm
  [GPU] batch   99/150 | k=1.00894  <k>=1.00718 +/- 14 pcm
  [GPU] batch  100/150 | k=1.00829  <k>=1.00720 +/- 14 pcm
  [GPU] batch  101/150 | k=1.00601  <k>=1.00718 +/- 14 pcm
  [GPU] batch  102/150 | k=1.00522  <k>=1.00715 +/- 14 pcm
  [GPU] batch  103/150 | k=1.00513  <k>=1.00712 +/- 14 pcm
  [GPU] batch  104/150 | k=1.00553  <k>=1.00710 +/- 14 pcm
  [GPU] batch  105/150 | k=1.00812  <k>=1.00712 +/- 14 pcm
  [GPU] batch  106/150 | k=1.00677  <k>=1.00711 +/- 14 pcm
  [GPU] batch  107/150 | k=1.00758  <k>=1.00712 +/- 14 pcm
  [GPU] batch  108/150 | k=1.00519  <k>=1.00709 +/- 14 pcm
  [GPU] batch  109/150 | k=1.00740  <k>=1.00710 +/- 14 pcm
  [GPU] batch  110/150 | k=1.00795  <k>=1.00711 +/- 13 pcm
  [GPU] batch  111/150 | k=1.00707  <k>=1.00711 +/- 13 pcm
  [GPU] batch  112/150 | k=1.00788  <k>=1.00712 +/- 13 pcm
  [GPU] batch  113/150 | k=1.00771  <k>=1.00712 +/- 13 pcm
  [GPU] batch  114/150 | k=1.00823  <k>=1.00714 +/- 13 pcm
  [GPU] batch  115/150 | k=1.00888  <k>=1.00716 +/- 13 pcm
  [GPU] batch  116/150 | k=1.00463  <k>=1.00713 +/- 13 pcm
  [GPU] batch  117/150 | k=1.00742  <k>=1.00713 +/- 13 pcm
  [GPU] batch  118/150 | k=1.00714  <k>=1.00713 +/- 13 pcm
  [GPU] batch  119/150 | k=1.00661  <k>=1.00713 +/- 13 pcm
  [GPU] batch  120/150 | k=1.00709  <k>=1.00712 +/- 13 pcm
  [GPU] batch  121/150 | k=1.00589  <k>=1.00711 +/- 12 pcm
  [GPU] batch  122/150 | k=1.00638  <k>=1.00710 +/- 12 pcm
  [GPU] batch  123/150 | k=1.00688  <k>=1.00710 +/- 12 pcm
  [GPU] batch  124/150 | k=1.00638  <k>=1.00709 +/- 12 pcm
  [GPU] batch  125/150 | k=1.00520  <k>=1.00707 +/- 12 pcm
  [GPU] batch  126/150 | k=1.00605  <k>=1.00706 +/- 12 pcm
  [GPU] batch  127/150 | k=1.00729  <k>=1.00707 +/- 12 pcm
  [GPU] batch  128/150 | k=1.00404  <k>=1.00703 +/- 12 pcm
  [GPU] batch  129/150 | k=1.00563  <k>=1.00702 +/- 12 pcm
  [GPU] batch  130/150 | k=1.00614  <k>=1.00701 +/- 12 pcm
  [GPU] batch  131/150 | k=1.00643  <k>=1.00701 +/- 12 pcm
  [GPU] batch  132/150 | k=1.00367  <k>=1.00697 +/- 12 pcm
  [GPU] batch  133/150 | k=1.00729  <k>=1.00698 +/- 12 pcm
  [GPU] batch  134/150 | k=1.00780  <k>=1.00698 +/- 12 pcm
  [GPU] batch  135/150 | k=1.00709  <k>=1.00698 +/- 12 pcm
  [GPU] batch  136/150 | k=1.00552  <k>=1.00697 +/- 12 pcm
  [GPU] batch  137/150 | k=1.00715  <k>=1.00697 +/- 12 pcm
  [GPU] batch  138/150 | k=1.00749  <k>=1.00698 +/- 12 pcm
  [GPU] batch  139/150 | k=1.00820  <k>=1.00699 +/- 12 pcm
  [GPU] batch  140/150 | k=1.00668  <k>=1.00699 +/- 12 pcm
  [GPU] batch  141/150 | k=1.00624  <k>=1.00698 +/- 11 pcm
  [GPU] batch  142/150 | k=1.00669  <k>=1.00698 +/- 11 pcm
  [GPU] batch  143/150 | k=1.00919  <k>=1.00700 +/- 11 pcm
  [GPU] batch  144/150 | k=1.00902  <k>=1.00701 +/- 12 pcm
  [GPU] batch  145/150 | k=1.00710  <k>=1.00701 +/- 11 pcm
  [GPU] batch  146/150 | k=1.00737  <k>=1.00702 +/- 11 pcm
  [GPU] batch  147/150 | k=1.00942  <k>=1.00704 +/- 11 pcm
  [GPU] batch  148/150 | k=1.00934  <k>=1.00706 +/- 11 pcm
  [GPU] batch  149/150 | k=1.00686  <k>=1.00706 +/- 11 pcm
  [GPU] batch  150/150 | k=1.00869  <k>=1.00707 +/- 11 pcm
  heu-met-fast-019_case-2 -- seed 3/5 done in 90.4s: k=1.00707 +/- 0.00011
  heu-met-fast-019_case-2 -- seed 4/5 (seed=45) starting
  GPU: WMP payload = 0.0 KB (0 / 14 nuclides covered)
  GPU auto-refill: picked factor=3.48 for particles_per_batch=200000
  [GPU] batch    1/150 | k=0.91117  (inactive)
  [GPU] batch    2/150 | k=0.99267  (inactive)
  [GPU] batch    3/150 | k=1.00231  (inactive)
  [GPU] batch    4/150 | k=1.00333  (inactive)
  [GPU] batch    5/150 | k=1.00652  (inactive)
  [GPU] batch    6/150 | k=1.00802  (inactive)
  [GPU] batch    7/150 | k=1.00927  (inactive)
  [GPU] batch    8/150 | k=1.00593  (inactive)
  [GPU] batch    9/150 | k=1.01061  (inactive)
  [GPU] batch   10/150 | k=1.00973  (inactive)
  [GPU] batch   11/150 | k=1.00831  (inactive)
  [GPU] batch   12/150 | k=1.00671  (inactive)
  [GPU] batch   13/150 | k=1.00306  (inactive)
  [GPU] batch   14/150 | k=1.00331  (inactive)
  [GPU] batch   15/150 | k=1.00799  (inactive)
  [GPU] batch   16/150 | k=1.00662  (inactive)
  [GPU] batch   17/150 | k=1.00825  (inactive)
  [GPU] batch   18/150 | k=1.00828  (inactive)
  [GPU] batch   19/150 | k=1.00583  (inactive)
  [GPU] batch   20/150 | k=1.00760  (inactive)
  [GPU] batch   21/150 | k=1.00581  (inactive)
  [GPU] batch   22/150 | k=1.00295  (inactive)
  [GPU] batch   23/150 | k=1.00712  (inactive)
  [GPU] batch   24/150 | k=1.00734  (inactive)
  [GPU] batch   25/150 | k=1.00717  (inactive)
  [GPU] batch   26/150 | k=1.00596  (inactive)
  [GPU] batch   27/150 | k=1.00912  (inactive)
  [GPU] batch   28/150 | k=1.00683  (inactive)
  [GPU] batch   29/150 | k=1.00738  (inactive)
  [GPU] batch   30/150 | k=1.00695  (inactive)
  [GPU] batch   31/150 | k=1.00517  (1st active)
  [GPU] batch   32/150 | k=1.00561  <k>=1.00539 +/- 22 pcm
  [GPU] batch   33/150 | k=1.00769  <k>=1.00616 +/- 78 pcm
  [GPU] batch   34/150 | k=1.00843  <k>=1.00673 +/- 79 pcm
  [GPU] batch   35/150 | k=1.00741  <k>=1.00686 +/- 63 pcm
  [GPU] batch   36/150 | k=1.00596  <k>=1.00671 +/- 53 pcm
  [GPU] batch   37/150 | k=1.00638  <k>=1.00667 +/- 45 pcm
  [GPU] batch   38/150 | k=1.00759  <k>=1.00678 +/- 41 pcm
  [GPU] batch   39/150 | k=1.00560  <k>=1.00665 +/- 38 pcm
  [GPU] batch   40/150 | k=1.00770  <k>=1.00675 +/- 36 pcm
  [GPU] batch   41/150 | k=1.00670  <k>=1.00675 +/- 33 pcm
  [GPU] batch   42/150 | k=1.00667  <k>=1.00674 +/- 30 pcm
  [GPU] batch   43/150 | k=1.00662  <k>=1.00673 +/- 27 pcm
  [GPU] batch   44/150 | k=1.00582  <k>=1.00667 +/- 26 pcm
  [GPU] batch   45/150 | k=1.00613  <k>=1.00663 +/- 25 pcm
  [GPU] batch   46/150 | k=1.00524  <k>=1.00655 +/- 25 pcm
  [GPU] batch   47/150 | k=1.00867  <k>=1.00667 +/- 26 pcm
  [GPU] batch   48/150 | k=1.00631  <k>=1.00665 +/- 25 pcm
  [GPU] batch   49/150 | k=1.00687  <k>=1.00666 +/- 24 pcm
  [GPU] batch   50/150 | k=1.00848  <k>=1.00675 +/- 24 pcm
  [GPU] batch   51/150 | k=1.00705  <k>=1.00677 +/- 23 pcm
  [GPU] batch   52/150 | k=1.00887  <k>=1.00686 +/- 24 pcm
  [GPU] batch   53/150 | k=1.00845  <k>=1.00693 +/- 24 pcm
  [GPU] batch   54/150 | k=1.00688  <k>=1.00693 +/- 23 pcm
  [GPU] batch   55/150 | k=1.00542  <k>=1.00687 +/- 23 pcm
  [GPU] batch   56/150 | k=1.00713  <k>=1.00688 +/- 22 pcm
  [GPU] batch   57/150 | k=1.00616  <k>=1.00685 +/- 21 pcm
  [GPU] batch   58/150 | k=1.00516  <k>=1.00679 +/- 21 pcm
  [GPU] batch   59/150 | k=1.00782  <k>=1.00683 +/- 21 pcm
  [GPU] batch   60/150 | k=1.00707  <k>=1.00684 +/- 20 pcm
  [GPU] batch   61/150 | k=1.00693  <k>=1.00684 +/- 19 pcm
  [GPU] batch   62/150 | k=1.00580  <k>=1.00681 +/- 19 pcm
  [GPU] batch   63/150 | k=1.00709  <k>=1.00681 +/- 19 pcm
  [GPU] batch   64/150 | k=1.00893  <k>=1.00688 +/- 19 pcm
  [GPU] batch   65/150 | k=1.00649  <k>=1.00687 +/- 19 pcm
  [GPU] batch   66/150 | k=1.00739  <k>=1.00688 +/- 18 pcm
  [GPU] batch   67/150 | k=1.00889  <k>=1.00693 +/- 18 pcm
  [GPU] batch   68/150 | k=1.00768  <k>=1.00695 +/- 18 pcm
  [GPU] batch   69/150 | k=1.00851  <k>=1.00699 +/- 18 pcm
  [GPU] batch   70/150 | k=1.00712  <k>=1.00700 +/- 18 pcm
  [GPU] batch   71/150 | k=1.00817  <k>=1.00703 +/- 17 pcm
  [GPU] batch   72/150 | k=1.00567  <k>=1.00699 +/- 17 pcm
  [GPU] batch   73/150 | k=1.00938  <k>=1.00705 +/- 18 pcm
  [GPU] batch   74/150 | k=1.00637  <k>=1.00703 +/- 17 pcm
  [GPU] batch   75/150 | k=1.00518  <k>=1.00699 +/- 17 pcm
  [GPU] batch   76/150 | k=1.00518  <k>=1.00695 +/- 18 pcm
  [GPU] batch   77/150 | k=1.00585  <k>=1.00693 +/- 17 pcm
  [GPU] batch   78/150 | k=1.00607  <k>=1.00691 +/- 17 pcm
  [GPU] batch   79/150 | k=1.00780  <k>=1.00693 +/- 17 pcm
  [GPU] batch   80/150 | k=1.00626  <k>=1.00692 +/- 17 pcm
  [GPU] batch   81/150 | k=1.00649  <k>=1.00691 +/- 16 pcm
  [GPU] batch   82/150 | k=1.00695  <k>=1.00691 +/- 16 pcm
  [GPU] batch   83/150 | k=1.00553  <k>=1.00688 +/- 16 pcm
  [GPU] batch   84/150 | k=1.00912  <k>=1.00692 +/- 16 pcm
  [GPU] batch   85/150 | k=1.00343  <k>=1.00686 +/- 17 pcm
  [GPU] batch   86/150 | k=1.00772  <k>=1.00688 +/- 17 pcm
  [GPU] batch   87/150 | k=1.00785  <k>=1.00689 +/- 17 pcm
  [GPU] batch   88/150 | k=1.00739  <k>=1.00690 +/- 16 pcm
  [GPU] batch   89/150 | k=1.00678  <k>=1.00690 +/- 16 pcm
  [GPU] batch   90/150 | k=1.00686  <k>=1.00690 +/- 16 pcm
  [GPU] batch   91/150 | k=1.00579  <k>=1.00688 +/- 16 pcm
  [GPU] batch   92/150 | k=1.00707  <k>=1.00688 +/- 15 pcm
  [GPU] batch   93/150 | k=1.00886  <k>=1.00692 +/- 15 pcm
  [GPU] batch   94/150 | k=1.00709  <k>=1.00692 +/- 15 pcm
  [GPU] batch   95/150 | k=1.00705  <k>=1.00692 +/- 15 pcm
  [GPU] batch   96/150 | k=1.00897  <k>=1.00695 +/- 15 pcm
  [GPU] batch   97/150 | k=1.00871  <k>=1.00698 +/- 15 pcm
  [GPU] batch   98/150 | k=1.00666  <k>=1.00697 +/- 15 pcm
  [GPU] batch   99/150 | k=1.00919  <k>=1.00701 +/- 15 pcm
  [GPU] batch  100/150 | k=1.00568  <k>=1.00699 +/- 15 pcm
  [GPU] batch  101/150 | k=1.00775  <k>=1.00700 +/- 15 pcm
  [GPU] batch  102/150 | k=1.00754  <k>=1.00700 +/- 15 pcm
  [GPU] batch  103/150 | k=1.00621  <k>=1.00699 +/- 14 pcm
  [GPU] batch  104/150 | k=1.00772  <k>=1.00700 +/- 14 pcm
  [GPU] batch  105/150 | k=1.00567  <k>=1.00699 +/- 14 pcm
  [GPU] batch  106/150 | k=1.00724  <k>=1.00699 +/- 14 pcm
  [GPU] batch  107/150 | k=1.00434  <k>=1.00695 +/- 14 pcm
  [GPU] batch  108/150 | k=1.00600  <k>=1.00694 +/- 14 pcm
  [GPU] batch  109/150 | k=1.00692  <k>=1.00694 +/- 14 pcm
  [GPU] batch  110/150 | k=1.00908  <k>=1.00697 +/- 14 pcm
  [GPU] batch  111/150 | k=1.00784  <k>=1.00698 +/- 14 pcm
  [GPU] batch  112/150 | k=1.00523  <k>=1.00696 +/- 14 pcm
  [GPU] batch  113/150 | k=1.00705  <k>=1.00696 +/- 14 pcm
  [GPU] batch  114/150 | k=1.00760  <k>=1.00697 +/- 14 pcm
  [GPU] batch  115/150 | k=1.00481  <k>=1.00694 +/- 14 pcm
  [GPU] batch  116/150 | k=1.00660  <k>=1.00694 +/- 13 pcm
  [GPU] batch  117/150 | k=1.00597  <k>=1.00693 +/- 13 pcm
  [GPU] batch  118/150 | k=1.00649  <k>=1.00692 +/- 13 pcm
  [GPU] batch  119/150 | k=1.00525  <k>=1.00690 +/- 13 pcm
  [GPU] batch  120/150 | k=1.00480  <k>=1.00688 +/- 13 pcm
  [GPU] batch  121/150 | k=1.00675  <k>=1.00688 +/- 13 pcm
  [GPU] batch  122/150 | k=1.00427  <k>=1.00685 +/- 13 pcm
  [GPU] batch  123/150 | k=1.00852  <k>=1.00687 +/- 13 pcm
  [GPU] batch  124/150 | k=1.00752  <k>=1.00687 +/- 13 pcm
  [GPU] batch  125/150 | k=1.00685  <k>=1.00687 +/- 13 pcm
  [GPU] batch  126/150 | k=1.00621  <k>=1.00687 +/- 13 pcm
  [GPU] batch  127/150 | k=1.00741  <k>=1.00687 +/- 13 pcm
  [GPU] batch  128/150 | k=1.00781  <k>=1.00688 +/- 13 pcm
  [GPU] batch  129/150 | k=1.00460  <k>=1.00686 +/- 13 pcm
  [GPU] batch  130/150 | k=1.00858  <k>=1.00688 +/- 13 pcm
  [GPU] batch  131/150 | k=1.00962  <k>=1.00690 +/- 13 pcm
  [GPU] batch  132/150 | k=1.00506  <k>=1.00689 +/- 13 pcm
  [GPU] batch  133/150 | k=1.00744  <k>=1.00689 +/- 13 pcm
  [GPU] batch  134/150 | k=1.00907  <k>=1.00691 +/- 13 pcm
  [GPU] batch  135/150 | k=1.00631  <k>=1.00691 +/- 13 pcm
  [GPU] batch  136/150 | k=1.00783  <k>=1.00691 +/- 13 pcm
  [GPU] batch  137/150 | k=1.00592  <k>=1.00691 +/- 13 pcm
  [GPU] batch  138/150 | k=1.00903  <k>=1.00693 +/- 13 pcm
  [GPU] batch  139/150 | k=1.00897  <k>=1.00694 +/- 13 pcm
  [GPU] batch  140/150 | k=1.00543  <k>=1.00693 +/- 13 pcm
  [GPU] batch  141/150 | k=1.00920  <k>=1.00695 +/- 13 pcm
  [GPU] batch  142/150 | k=1.00343  <k>=1.00692 +/- 13 pcm
  [GPU] batch  143/150 | k=1.00666  <k>=1.00692 +/- 13 pcm
  [GPU] batch  144/150 | k=1.00633  <k>=1.00691 +/- 13 pcm
  [GPU] batch  145/150 | k=1.00691  <k>=1.00691 +/- 13 pcm
  [GPU] batch  146/150 | k=1.00698  <k>=1.00691 +/- 12 pcm
  [GPU] batch  147/150 | k=1.00965  <k>=1.00694 +/- 13 pcm
  [GPU] batch  148/150 | k=1.00686  <k>=1.00694 +/- 12 pcm
  [GPU] batch  149/150 | k=1.00925  <k>=1.00695 +/- 12 pcm
  [GPU] batch  150/150 | k=1.00854  <k>=1.00697 +/- 12 pcm
  heu-met-fast-019_case-2 -- seed 4/5 done in 88.9s: k=1.00697 +/- 0.00012
  heu-met-fast-019_case-2 -- seed 5/5 (seed=46) starting
  GPU: WMP payload = 0.0 KB (0 / 14 nuclides covered)
  GPU auto-refill: picked factor=3.48 for particles_per_batch=200000
  [GPU] batch    1/150 | k=0.91211  (inactive)
  [GPU] batch    2/150 | k=0.99292  (inactive)
  [GPU] batch    3/150 | k=1.00480  (inactive)
  [GPU] batch    4/150 | k=1.00784  (inactive)
  [GPU] batch    5/150 | k=1.00835  (inactive)
  [GPU] batch    6/150 | k=1.00682  (inactive)
  [GPU] batch    7/150 | k=1.00773  (inactive)
  [GPU] batch    8/150 | k=1.00641  (inactive)
  [GPU] batch    9/150 | k=1.00921  (inactive)
  [GPU] batch   10/150 | k=1.00762  (inactive)
  [GPU] batch   11/150 | k=1.00779  (inactive)
  [GPU] batch   12/150 | k=1.00527  (inactive)
  [GPU] batch   13/150 | k=1.00695  (inactive)
  [GPU] batch   14/150 | k=1.00739  (inactive)
  [GPU] batch   15/150 | k=1.00832  (inactive)
  [GPU] batch   16/150 | k=1.00537  (inactive)
  [GPU] batch   17/150 | k=1.00764  (inactive)
  [GPU] batch   18/150 | k=1.00873  (inactive)
  [GPU] batch   19/150 | k=1.00697  (inactive)
  [GPU] batch   20/150 | k=1.00797  (inactive)
  [GPU] batch   21/150 | k=1.00873  (inactive)
  [GPU] batch   22/150 | k=1.00549  (inactive)
  [GPU] batch   23/150 | k=1.00572  (inactive)
  [GPU] batch   24/150 | k=1.01006  (inactive)
  [GPU] batch   25/150 | k=1.00715  (inactive)
  [GPU] batch   26/150 | k=1.00524  (inactive)
  [GPU] batch   27/150 | k=1.00799  (inactive)
  [GPU] batch   28/150 | k=1.00653  (inactive)
  [GPU] batch   29/150 | k=1.00631  (inactive)
  [GPU] batch   30/150 | k=1.00745  (inactive)
  [GPU] batch   31/150 | k=1.00810  (1st active)
  [GPU] batch   32/150 | k=1.00681  <k>=1.00745 +/- 64 pcm
  [GPU] batch   33/150 | k=1.00486  <k>=1.00659 +/- 94 pcm
  [GPU] batch   34/150 | k=1.00630  <k>=1.00652 +/- 67 pcm
  [GPU] batch   35/150 | k=1.00596  <k>=1.00641 +/- 53 pcm
  [GPU] batch   36/150 | k=1.00631  <k>=1.00639 +/- 43 pcm
  [GPU] batch   37/150 | k=1.00751  <k>=1.00655 +/- 40 pcm
  [GPU] batch   38/150 | k=1.00740  <k>=1.00666 +/- 36 pcm
  [GPU] batch   39/150 | k=1.00438  <k>=1.00640 +/- 41 pcm
  [GPU] batch   40/150 | k=1.00894  <k>=1.00666 +/- 44 pcm
  [GPU] batch   41/150 | k=1.00863  <k>=1.00684 +/- 44 pcm
  [GPU] batch   42/150 | k=1.00597  <k>=1.00677 +/- 41 pcm
  [GPU] batch   43/150 | k=1.00819  <k>=1.00687 +/- 39 pcm
  [GPU] batch   44/150 | k=1.00756  <k>=1.00692 +/- 37 pcm
  [GPU] batch   45/150 | k=1.00933  <k>=1.00708 +/- 38 pcm
  [GPU] batch   46/150 | k=1.00813  <k>=1.00715 +/- 36 pcm
  [GPU] batch   47/150 | k=1.00631  <k>=1.00710 +/- 34 pcm
  [GPU] batch   48/150 | k=1.00553  <k>=1.00701 +/- 33 pcm
  [GPU] batch   49/150 | k=1.00485  <k>=1.00690 +/- 33 pcm
  [GPU] batch   50/150 | k=1.00791  <k>=1.00695 +/- 32 pcm
  [GPU] batch   51/150 | k=1.00600  <k>=1.00690 +/- 31 pcm
  [GPU] batch   52/150 | k=1.00838  <k>=1.00697 +/- 30 pcm
  [GPU] batch   53/150 | k=1.00720  <k>=1.00698 +/- 29 pcm
  [GPU] batch   54/150 | k=1.00510  <k>=1.00690 +/- 29 pcm
  [GPU] batch   55/150 | k=1.00661  <k>=1.00689 +/- 28 pcm
  [GPU] batch   56/150 | k=1.00628  <k>=1.00687 +/- 27 pcm
  [GPU] batch   57/150 | k=1.00638  <k>=1.00685 +/- 26 pcm
  [GPU] batch   58/150 | k=1.00567  <k>=1.00681 +/- 25 pcm
  [GPU] batch   59/150 | k=1.00685  <k>=1.00681 +/- 24 pcm
  [GPU] batch   60/150 | k=1.00706  <k>=1.00682 +/- 23 pcm
  [GPU] batch   61/150 | k=1.00851  <k>=1.00687 +/- 23 pcm
  [GPU] batch   62/150 | k=1.00477  <k>=1.00681 +/- 23 pcm
  [GPU] batch   63/150 | k=1.00615  <k>=1.00679 +/- 23 pcm
  [GPU] batch   64/150 | k=1.00729  <k>=1.00680 +/- 22 pcm
  [GPU] batch   65/150 | k=1.00588  <k>=1.00677 +/- 22 pcm
  [GPU] batch   66/150 | k=1.00604  <k>=1.00675 +/- 21 pcm
  [GPU] batch   67/150 | k=1.00800  <k>=1.00679 +/- 21 pcm
  [GPU] batch   68/150 | k=1.00522  <k>=1.00675 +/- 21 pcm
  [GPU] batch   69/150 | k=1.00881  <k>=1.00680 +/- 21 pcm
  [GPU] batch   70/150 | k=1.00621  <k>=1.00679 +/- 20 pcm
  [GPU] batch   71/150 | k=1.00670  <k>=1.00678 +/- 20 pcm
  [GPU] batch   72/150 | k=1.00355  <k>=1.00671 +/- 21 pcm
  [GPU] batch   73/150 | k=1.00750  <k>=1.00672 +/- 20 pcm
  [GPU] batch   74/150 | k=1.00777  <k>=1.00675 +/- 20 pcm
  [GPU] batch   75/150 | k=1.00582  <k>=1.00673 +/- 20 pcm
  [GPU] batch   76/150 | k=1.00814  <k>=1.00676 +/- 20 pcm
  [GPU] batch   77/150 | k=1.00674  <k>=1.00676 +/- 19 pcm
  [GPU] batch   78/150 | k=1.00602  <k>=1.00674 +/- 19 pcm
  [GPU] batch   79/150 | k=1.00609  <k>=1.00673 +/- 19 pcm
  [GPU] batch   80/150 | k=1.00793  <k>=1.00675 +/- 18 pcm
  [GPU] batch   81/150 | k=1.00704  <k>=1.00676 +/- 18 pcm
  [GPU] batch   82/150 | k=1.00663  <k>=1.00676 +/- 18 pcm
  [GPU] batch   83/150 | k=1.00686  <k>=1.00676 +/- 17 pcm
  [GPU] batch   84/150 | k=1.00852  <k>=1.00679 +/- 17 pcm
  [GPU] batch   85/150 | k=1.00861  <k>=1.00682 +/- 17 pcm
  [GPU] batch   86/150 | k=1.00570  <k>=1.00680 +/- 17 pcm
  [GPU] batch   87/150 | k=1.00762  <k>=1.00682 +/- 17 pcm
  [GPU] batch   88/150 | k=1.00829  <k>=1.00684 +/- 17 pcm
  [GPU] batch   89/150 | k=1.00526  <k>=1.00682 +/- 17 pcm
  [GPU] batch   90/150 | k=1.00524  <k>=1.00679 +/- 17 pcm
  [GPU] batch   91/150 | k=1.00826  <k>=1.00681 +/- 16 pcm
  [GPU] batch   92/150 | k=1.00602  <k>=1.00680 +/- 16 pcm
  [GPU] batch   93/150 | k=1.00642  <k>=1.00680 +/- 16 pcm
  [GPU] batch   94/150 | k=1.00873  <k>=1.00683 +/- 16 pcm
  [GPU] batch   95/150 | k=1.00850  <k>=1.00685 +/- 16 pcm
  [GPU] batch   96/150 | k=1.00623  <k>=1.00684 +/- 16 pcm
  [GPU] batch   97/150 | k=1.00806  <k>=1.00686 +/- 16 pcm
  [GPU] batch   98/150 | k=1.00807  <k>=1.00688 +/- 16 pcm
  [GPU] batch   99/150 | k=1.00725  <k>=1.00688 +/- 15 pcm
  [GPU] batch  100/150 | k=1.00856  <k>=1.00691 +/- 15 pcm
  [GPU] batch  101/150 | k=1.00700  <k>=1.00691 +/- 15 pcm
  [GPU] batch  102/150 | k=1.00791  <k>=1.00692 +/- 15 pcm
  [GPU] batch  103/150 | k=1.00567  <k>=1.00691 +/- 15 pcm
  [GPU] batch  104/150 | k=1.00630  <k>=1.00690 +/- 15 pcm
  [GPU] batch  105/150 | k=1.00758  <k>=1.00691 +/- 14 pcm
  [GPU] batch  106/150 | k=1.00731  <k>=1.00691 +/- 14 pcm
  [GPU] batch  107/150 | k=1.00731  <k>=1.00692 +/- 14 pcm
  [GPU] batch  108/150 | k=1.00539  <k>=1.00690 +/- 14 pcm
  [GPU] batch  109/150 | k=1.00573  <k>=1.00688 +/- 14 pcm
  [GPU] batch  110/150 | k=1.00782  <k>=1.00689 +/- 14 pcm
  [GPU] batch  111/150 | k=1.00637  <k>=1.00689 +/- 14 pcm
  [GPU] batch  112/150 | k=1.00802  <k>=1.00690 +/- 14 pcm
  [GPU] batch  113/150 | k=1.00954  <k>=1.00693 +/- 14 pcm
  [GPU] batch  114/150 | k=1.00809  <k>=1.00695 +/- 14 pcm
  [GPU] batch  115/150 | k=1.00654  <k>=1.00694 +/- 14 pcm
  [GPU] batch  116/150 | k=1.00721  <k>=1.00695 +/- 13 pcm
  [GPU] batch  117/150 | k=1.00617  <k>=1.00694 +/- 13 pcm
  [GPU] batch  118/150 | k=1.00587  <k>=1.00692 +/- 13 pcm
  [GPU] batch  119/150 | k=1.00635  <k>=1.00692 +/- 13 pcm
  [GPU] batch  120/150 | k=1.00585  <k>=1.00691 +/- 13 pcm
  [GPU] batch  121/150 | k=1.00519  <k>=1.00689 +/- 13 pcm
  [GPU] batch  122/150 | k=1.00632  <k>=1.00688 +/- 13 pcm
  [GPU] batch  123/150 | k=1.00798  <k>=1.00689 +/- 13 pcm
  [GPU] batch  124/150 | k=1.00692  <k>=1.00689 +/- 13 pcm
  [GPU] batch  125/150 | k=1.00814  <k>=1.00691 +/- 13 pcm
  [GPU] batch  126/150 | k=1.00632  <k>=1.00690 +/- 12 pcm
  [GPU] batch  127/150 | k=1.00636  <k>=1.00689 +/- 12 pcm
  [GPU] batch  128/150 | k=1.00714  <k>=1.00690 +/- 12 pcm
  [GPU] batch  129/150 | k=1.00522  <k>=1.00688 +/- 12 pcm
  [GPU] batch  130/150 | k=1.00771  <k>=1.00689 +/- 12 pcm
  [GPU] batch  131/150 | k=1.00503  <k>=1.00687 +/- 12 pcm
  [GPU] batch  132/150 | k=1.00711  <k>=1.00687 +/- 12 pcm
  [GPU] batch  133/150 | k=1.00764  <k>=1.00688 +/- 12 pcm
  [GPU] batch  134/150 | k=1.00849  <k>=1.00690 +/- 12 pcm
  [GPU] batch  135/150 | k=1.00642  <k>=1.00689 +/- 12 pcm
  [GPU] batch  136/150 | k=1.00751  <k>=1.00690 +/- 12 pcm
  [GPU] batch  137/150 | k=1.00495  <k>=1.00688 +/- 12 pcm
  [GPU] batch  138/150 | k=1.00823  <k>=1.00689 +/- 12 pcm
  [GPU] batch  139/150 | k=1.00697  <k>=1.00689 +/- 12 pcm
  [GPU] batch  140/150 | k=1.00740  <k>=1.00690 +/- 11 pcm
  [GPU] batch  141/150 | k=1.00789  <k>=1.00691 +/- 11 pcm
  [GPU] batch  142/150 | k=1.00744  <k>=1.00691 +/- 11 pcm
  [GPU] batch  143/150 | k=1.00687  <k>=1.00691 +/- 11 pcm
  [GPU] batch  144/150 | k=1.00563  <k>=1.00690 +/- 11 pcm
  [GPU] batch  145/150 | k=1.00425  <k>=1.00688 +/- 11 pcm
  [GPU] batch  146/150 | k=1.00508  <k>=1.00686 +/- 11 pcm
  [GPU] batch  147/150 | k=1.00570  <k>=1.00685 +/- 11 pcm
  [GPU] batch  148/150 | k=1.00887  <k>=1.00687 +/- 11 pcm
  [GPU] batch  149/150 | k=1.00878  <k>=1.00688 +/- 11 pcm
  [GPU] batch  150/150 | k=1.00719  <k>=1.00689 +/- 11 pcm
  heu-met-fast-019_case-2 -- seed 5/5 done in 90.3s: k=1.00689 +/- 0.00011
heu-met-fast-019_case-2: FAIL -- k=1.00692+/-0.00004, delta=+692pcm, bound=+/-560pcm, 2.47sigma, 450.1s (5seed x 150b x 30i x 200000p) [39/375]
[6/341] heu-met-fast-020_case-2 starting (5seed x 150b x 30i x 200000p)
  heu-met-fast-020_case-2 -- seed 1/5 (seed=42) starting
  Thermal: c_H_in_CH2  nuclides=[]  energy_max=4.90 eV  AWR=0.999
  Temperatures: ["77K", "196K", "233K", "294K", "300K", "303K", "313K", "323K", "333K", "343K", "350K"]
    Continuous: 109 inc energies, 51971 E_out pts, 831536 mu pts
    77K inelastic: 109 energies, type=incoherent_inelastic
    Continuous: 109 inc energies, 64589 E_out pts, 1033424 mu pts
    196K inelastic: 109 energies, type=incoherent_inelastic
    Continuous: 109 inc energies, 67675 E_out pts, 1082800 mu pts
    233K inelastic: 109 energies, type=incoherent_inelastic
    Continuous: 109 inc energies, 67906 E_out pts, 1086496 mu pts
    294K inelastic: 109 energies, type=incoherent_inelastic
    Continuous: 109 inc energies, 67322 E_out pts, 1077152 mu pts
    300K inelastic: 109 energies, type=incoherent_inelastic
    Continuous: 109 inc energies, 67392 E_out pts, 1078272 mu pts
    303K inelastic: 109 energies, type=incoherent_inelastic
    Continuous: 109 inc energies, 66658 E_out pts, 1066528 mu pts
    313K inelastic: 109 energies, type=incoherent_inelastic
    Continuous: 109 inc energies, 66372 E_out pts, 1061952 mu pts
    323K inelastic: 109 energies, type=incoherent_inelastic
    Continuous: 109 inc energies, 66313 E_out pts, 1061008 mu pts
    333K inelastic: 109 energies, type=incoherent_inelastic
    Continuous: 109 inc energies, 66428 E_out pts, 1062848 mu pts
    343K inelastic: 109 energies, type=incoherent_inelastic
    Continuous: 109 inc energies, 66037 E_out pts, 1056592 mu pts
    350K inelastic: 109 energies, type=incoherent_inelastic
    77K elastic: incoherent, σ_b=81.8 b, W'=12.5036 eV⁻¹
    196K elastic: incoherent, σ_b=81.8 b, W'=20.3428 eV⁻¹
    233K elastic: incoherent, σ_b=81.8 b, W'=22.9667 eV⁻¹
    294K elastic: incoherent, σ_b=81.8 b, W'=27.3469 eV⁻¹
    300K elastic: incoherent, σ_b=81.8 b, W'=27.8142 eV⁻¹
    303K elastic: incoherent, σ_b=81.8 b, W'=28.0336 eV⁻¹
    313K elastic: incoherent, σ_b=81.8 b, W'=28.7659 eV⁻¹
    323K elastic: incoherent, σ_b=81.8 b, W'=29.5000 eV⁻¹
    333K elastic: incoherent, σ_b=81.8 b, W'=30.2358 eV⁻¹
    343K elastic: incoherent, σ_b=81.8 b, W'=30.9733 eV⁻¹
    350K elastic: incoherent, σ_b=81.8 b, W'=31.4905 eV⁻¹
  GPU S(α,β) slot 0 (nuc 14): incoherent elastic, σ_b=81.81 b, W'=12.5036 eV⁻¹
  GPU S(α,β) slot 0 (nuc 14): 109 inc energies, 51971 E_out pts, 831536 mu pts
  GPU S(α,β) slot 1 (nuc 14): incoherent elastic, σ_b=81.81 b, W'=20.3428 eV⁻¹
  GPU S(α,β) slot 1 (nuc 14): 109 inc energies, 64589 E_out pts, 1033424 mu pts
  GPU S(α,β) slot 2 (nuc 14): incoherent elastic, σ_b=81.81 b, W'=22.9667 eV⁻¹
  GPU S(α,β) slot 2 (nuc 14): 109 inc energies, 67675 E_out pts, 1082800 mu pts
  GPU S(α,β) slot 3 (nuc 14): incoherent elastic, σ_b=81.81 b, W'=27.3469 eV⁻¹
  GPU S(α,β) slot 3 (nuc 14): 109 inc energies, 67906 E_out pts, 1086496 mu pts
  GPU S(α,β) slot 4 (nuc 14): incoherent elastic, σ_b=81.81 b, W'=27.8142 eV⁻¹
  GPU S(α,β) slot 4 (nuc 14): 109 inc energies, 67322 E_out pts, 1077152 mu pts
  GPU S(α,β) slot 5 (nuc 14): incoherent elastic, σ_b=81.81 b, W'=28.0336 eV⁻¹
  GPU S(α,β) slot 5 (nuc 14): 109 inc energies, 67392 E_out pts, 1078272 mu pts
  GPU S(α,β) slot 6 (nuc 14): incoherent elastic, σ_b=81.81 b, W'=28.7659 eV⁻¹
  GPU S(α,β) slot 6 (nuc 14): 109 inc energies, 66658 E_out pts, 1066528 mu pts
  GPU S(α,β) slot 7 (nuc 14): incoherent elastic, σ_b=81.81 b, W'=29.5000 eV⁻¹
  GPU S(α,β) slot 7 (nuc 14): 109 inc energies, 66372 E_out pts, 1061952 mu pts
  GPU S(α,β) slot 8 (nuc 14): incoherent elastic, σ_b=81.81 b, W'=30.2358 eV⁻¹
  GPU S(α,β) slot 8 (nuc 14): 109 inc energies, 66313 E_out pts, 1061008 mu pts
  GPU S(α,β) slot 9 (nuc 14): incoherent elastic, σ_b=81.81 b, W'=30.9733 eV⁻¹
  GPU S(α,β) slot 9 (nuc 14): 109 inc energies, 66428 E_out pts, 1062848 mu pts
  GPU S(α,β) slot 10 (nuc 14): incoherent elastic, σ_b=81.81 b, W'=31.4905 eV⁻¹
  GPU S(α,β) slot 10 (nuc 14): 109 inc energies, 66037 E_out pts, 1056592 mu pts
  GPU: WMP payload = 0.0 KB (0 / 15 nuclides covered)
  GPU auto-refill: picked factor=3.48 for particles_per_batch=200000
  [GPU] batch    1/150 | k=0.90372  (inactive)
  [GPU] batch    2/150 | k=0.97658  (inactive)
  [GPU] batch    3/150 | k=0.99115  (inactive)
  [GPU] batch    4/150 | k=1.00024  (inactive)
  [GPU] batch    5/150 | k=0.99966  (inactive)
  [GPU] batch    6/150 | k=0.99925  (inactive)
  [GPU] batch    7/150 | k=0.99890  (inactive)
  [GPU] batch    8/150 | k=1.00160  (inactive)
  [GPU] batch    9/150 | k=0.99918  (inactive)
  [GPU] batch   10/150 | k=1.00238  (inactive)
  [GPU] batch   11/150 | k=1.00228  (inactive)
  [GPU] batch   12/150 | k=0.99976  (inactive)
  [GPU] batch   13/150 | k=0.99935  (inactive)
  [GPU] batch   14/150 | k=0.99963  (inactive)
  [GPU] batch   15/150 | k=1.00101  (inactive)
  [GPU] batch   16/150 | k=1.00178  (inactive)
  [GPU] batch   17/150 | k=1.00342  (inactive)
  [GPU] batch   18/150 | k=0.99902  (inactive)
  [GPU] batch   19/150 | k=1.00067  (inactive)
  [GPU] batch   20/150 | k=1.00183  (inactive)
  [GPU] batch   21/150 | k=1.00229  (inactive)
  [GPU] batch   22/150 | k=1.00137  (inactive)
  [GPU] batch   23/150 | k=0.99860  (inactive)
  [GPU] batch   24/150 | k=1.00263  (inactive)
  [GPU] batch   25/150 | k=1.00177  (inactive)
  [GPU] batch   26/150 | k=1.00195  (inactive)
  [GPU] batch   27/150 | k=0.99996  (inactive)
  [GPU] batch   28/150 | k=0.99995  (inactive)
  [GPU] batch   29/150 | k=1.00041  (inactive)
  [GPU] batch   30/150 | k=0.99866  (inactive)
  [GPU] batch   31/150 | k=1.00230  (1st active)
  [GPU] batch   32/150 | k=1.00084  <k>=1.00157 +/- 73 pcm
  [GPU] batch   33/150 | k=1.00172  <k>=1.00162 +/- 42 pcm
  [GPU] batch   34/150 | k=1.00113  <k>=1.00150 +/- 32 pcm
  [GPU] batch   35/150 | k=1.00378  <k>=1.00195 +/- 52 pcm
  [GPU] batch   36/150 | k=1.00295  <k>=1.00212 +/- 46 pcm
  [GPU] batch   37/150 | k=1.00110  <k>=1.00198 +/- 41 pcm
  [GPU] batch   38/150 | k=1.00070  <k>=1.00182 +/- 39 pcm
  [GPU] batch   39/150 | k=1.00230  <k>=1.00187 +/- 35 pcm
  [GPU] batch   40/150 | k=1.00220  <k>=1.00190 +/- 31 pcm
  [GPU] batch   41/150 | k=1.00051  <k>=1.00178 +/- 31 pcm
  [GPU] batch   42/150 | k=0.99904  <k>=1.00155 +/- 36 pcm
  [GPU] batch   43/150 | k=0.99786  <k>=1.00126 +/- 44 pcm
  [GPU] batch   44/150 | k=1.00263  <k>=1.00136 +/- 42 pcm
  [GPU] batch   45/150 | k=0.99899  <k>=1.00120 +/- 42 pcm
  [GPU] batch   46/150 | k=1.00198  <k>=1.00125 +/- 40 pcm
  [GPU] batch   47/150 | k=1.00121  <k>=1.00125 +/- 37 pcm
  [GPU] batch   48/150 | k=1.00271  <k>=1.00133 +/- 36 pcm
  [GPU] batch   49/150 | k=1.00186  <k>=1.00136 +/- 34 pcm
  [GPU] batch   50/150 | k=1.00184  <k>=1.00138 +/- 33 pcm
  [GPU] batch   51/150 | k=1.00331  <k>=1.00147 +/- 32 pcm
  [GPU] batch   52/150 | k=1.00060  <k>=1.00144 +/- 31 pcm
  [GPU] batch   53/150 | k=1.00349  <k>=1.00152 +/- 31 pcm
  [GPU] batch   54/150 | k=1.00160  <k>=1.00153 +/- 30 pcm
  [GPU] batch   55/150 | k=1.00137  <k>=1.00152 +/- 28 pcm
  [GPU] batch   56/150 | k=1.00080  <k>=1.00149 +/- 27 pcm
  [GPU] batch   57/150 | k=1.00381  <k>=1.00158 +/- 28 pcm
  [GPU] batch   58/150 | k=1.00335  <k>=1.00164 +/- 27 pcm
  [GPU] batch   59/150 | k=1.00189  <k>=1.00165 +/- 27 pcm
  [GPU] batch   60/150 | k=1.00351  <k>=1.00171 +/- 26 pcm
  [GPU] batch   61/150 | k=1.00160  <k>=1.00171 +/- 26 pcm
  [GPU] batch   62/150 | k=1.00026  <k>=1.00166 +/- 25 pcm
  [GPU] batch   63/150 | k=1.00140  <k>=1.00166 +/- 24 pcm
  [GPU] batch   64/150 | k=1.00057  <k>=1.00162 +/- 24 pcm
  [GPU] batch   65/150 | k=0.99822  <k>=1.00153 +/- 25 pcm
  [GPU] batch   66/150 | k=1.00133  <k>=1.00152 +/- 24 pcm
  [GPU] batch   67/150 | k=1.00288  <k>=1.00156 +/- 24 pcm
  [GPU] batch   68/150 | k=1.00089  <k>=1.00154 +/- 23 pcm
  [GPU] batch   69/150 | k=1.00068  <k>=1.00152 +/- 23 pcm
  [GPU] batch   70/150 | k=1.00148  <k>=1.00152 +/- 22 pcm
  [GPU] batch   71/150 | k=1.00061  <k>=1.00150 +/- 22 pcm
  [GPU] batch   72/150 | k=1.00322  <k>=1.00154 +/- 22 pcm
  [GPU] batch   73/150 | k=1.00271  <k>=1.00156 +/- 21 pcm
  [GPU] batch   74/150 | k=1.00235  <k>=1.00158 +/- 21 pcm
  [GPU] batch   75/150 | k=1.00054  <k>=1.00156 +/- 21 pcm
  [GPU] batch   76/150 | k=1.00054  <k>=1.00154 +/- 20 pcm
  [GPU] batch   77/150 | k=1.00219  <k>=1.00155 +/- 20 pcm
  [GPU] batch   78/150 | k=1.00266  <k>=1.00157 +/- 20 pcm
  [GPU] batch   79/150 | k=1.00132  <k>=1.00157 +/- 19 pcm
  [GPU] batch   80/150 | k=1.00317  <k>=1.00160 +/- 19 pcm
  [GPU] batch   81/150 | k=1.00254  <k>=1.00162 +/- 19 pcm
  [GPU] batch   82/150 | k=1.00096  <k>=1.00161 +/- 19 pcm
  [GPU] batch   83/150 | k=1.00397  <k>=1.00165 +/- 19 pcm
  [GPU] batch   84/150 | k=1.00020  <k>=1.00162 +/- 19 pcm
  [GPU] batch   85/150 | k=1.00224  <k>=1.00164 +/- 18 pcm
  [GPU] batch   86/150 | k=1.00022  <k>=1.00161 +/- 18 pcm
  [GPU] batch   87/150 | k=1.00156  <k>=1.00161 +/- 18 pcm
  [GPU] batch   88/150 | k=1.00202  <k>=1.00162 +/- 18 pcm
  [GPU] batch   89/150 | k=1.00026  <k>=1.00159 +/- 17 pcm
  [GPU] batch   90/150 | k=1.00128  <k>=1.00159 +/- 17 pcm
  [GPU] batch   91/150 | k=1.00102  <k>=1.00158 +/- 17 pcm
  [GPU] batch   92/150 | k=1.00154  <k>=1.00158 +/- 17 pcm
  [GPU] batch   93/150 | k=0.99975  <k>=1.00155 +/- 17 pcm
  [GPU] batch   94/150 | k=1.00217  <k>=1.00156 +/- 16 pcm
  [GPU] batch   95/150 | k=1.00217  <k>=1.00157 +/- 16 pcm
  [GPU] batch   96/150 | k=1.00082  <k>=1.00156 +/- 16 pcm
  [GPU] batch   97/150 | k=1.00059  <k>=1.00154 +/- 16 pcm
  [GPU] batch   98/150 | k=0.99970  <k>=1.00152 +/- 16 pcm
  [GPU] batch   99/150 | k=0.99910  <k>=1.00148 +/- 16 pcm
  [GPU] batch  100/150 | k=1.00205  <k>=1.00149 +/- 16 pcm
  [GPU] batch  101/150 | k=1.00092  <k>=1.00148 +/- 15 pcm
  [GPU] batch  102/150 | k=1.00033  <k>=1.00146 +/- 15 pcm
  [GPU] batch  103/150 | k=0.99853  <k>=1.00142 +/- 16 pcm
  [GPU] batch  104/150 | k=1.00119  <k>=1.00142 +/- 15 pcm
  [GPU] batch  105/150 | k=0.99935  <k>=1.00139 +/- 15 pcm
  [GPU] batch  106/150 | k=1.00128  <k>=1.00139 +/- 15 pcm
  [GPU] batch  107/150 | k=1.00143  <k>=1.00139 +/- 15 pcm
  [GPU] batch  108/150 | k=1.00317  <k>=1.00142 +/- 15 pcm
  [GPU] batch  109/150 | k=1.00035  <k>=1.00140 +/- 15 pcm
  [GPU] batch  110/150 | k=1.00411  <k>=1.00144 +/- 15 pcm
  [GPU] batch  111/150 | k=1.00029  <k>=1.00142 +/- 15 pcm
  [GPU] batch  112/150 | k=0.99814  <k>=1.00138 +/- 15 pcm
  [GPU] batch  113/150 | k=1.00217  <k>=1.00139 +/- 15 pcm
  [GPU] batch  114/150 | k=1.00232  <k>=1.00140 +/- 15 pcm
  [GPU] batch  115/150 | k=1.00151  <k>=1.00140 +/- 15 pcm
  [GPU] batch  116/150 | k=1.00135  <k>=1.00140 +/- 15 pcm
  [GPU] batch  117/150 | k=1.00093  <k>=1.00140 +/- 15 pcm
  [GPU] batch  118/150 | k=1.00046  <k>=1.00139 +/- 14 pcm
  [GPU] batch  119/150 | k=1.00152  <k>=1.00139 +/- 14 pcm
  [GPU] batch  120/150 | k=1.00164  <k>=1.00139 +/- 14 pcm
  [GPU] batch  121/150 | k=1.00083  <k>=1.00138 +/- 14 pcm
  [GPU] batch  122/150 | k=1.00015  <k>=1.00137 +/- 14 pcm
  [GPU] batch  123/150 | k=1.00151  <k>=1.00137 +/- 14 pcm
  [GPU] batch  124/150 | k=1.00031  <k>=1.00136 +/- 14 pcm
  [GPU] batch  125/150 | k=1.00023  <k>=1.00135 +/- 14 pcm
  [GPU] batch  126/150 | k=1.00218  <k>=1.00136 +/- 13 pcm
  [GPU] batch  127/150 | k=1.00031  <k>=1.00135 +/- 13 pcm
  [GPU] batch  128/150 | k=1.00041  <k>=1.00134 +/- 13 pcm
  [GPU] batch  129/150 | k=1.00168  <k>=1.00134 +/- 13 pcm
  [GPU] batch  130/150 | k=1.00048  <k>=1.00133 +/- 13 pcm
  [GPU] batch  131/150 | k=0.99928  <k>=1.00131 +/- 13 pcm
  [GPU] batch  132/150 | k=1.00151  <k>=1.00131 +/- 13 pcm
  [GPU] batch  133/150 | k=1.00157  <k>=1.00132 +/- 13 pcm
  [GPU] batch  134/150 | k=1.00069  <k>=1.00131 +/- 13 pcm
  [GPU] batch  135/150 | k=1.00111  <k>=1.00131 +/- 13 pcm
  [GPU] batch  136/150 | k=1.00151  <k>=1.00131 +/- 12 pcm
  [GPU] batch  137/150 | k=1.00101  <k>=1.00131 +/- 12 pcm
  [GPU] batch  138/150 | k=1.00200  <k>=1.00131 +/- 12 pcm
  [GPU] batch  139/150 | k=0.99979  <k>=1.00130 +/- 12 pcm
  [GPU] batch  140/150 | k=1.00029  <k>=1.00129 +/- 12 pcm
  [GPU] batch  141/150 | k=1.00202  <k>=1.00130 +/- 12 pcm
  [GPU] batch  142/150 | k=0.99780  <k>=1.00127 +/- 12 pcm
  [GPU] batch  143/150 | k=1.00146  <k>=1.00127 +/- 12 pcm
  [GPU] batch  144/150 | k=1.00148  <k>=1.00127 +/- 12 pcm
  [GPU] batch  145/150 | k=1.00010  <k>=1.00126 +/- 12 pcm
  [GPU] batch  146/150 | k=1.00297  <k>=1.00127 +/- 12 pcm
  [GPU] batch  147/150 | k=1.00236  <k>=1.00128 +/- 12 pcm
  [GPU] batch  148/150 | k=0.99953  <k>=1.00127 +/- 12 pcm
  [GPU] batch  149/150 | k=1.00175  <k>=1.00127 +/- 12 pcm
  [GPU] batch  150/150 | k=1.00140  <k>=1.00127 +/- 12 pcm
  heu-met-fast-020_case-2 -- seed 1/5 done in 98.8s: k=1.00127 +/- 0.00012
  heu-met-fast-020_case-2 -- seed 2/5 (seed=43) starting
  GPU: WMP payload = 0.0 KB (0 / 15 nuclides covered)
  GPU auto-refill: picked factor=3.48 for particles_per_batch=200000
  [GPU] batch    1/150 | k=0.90382  (inactive)
  [GPU] batch    2/150 | k=0.97825  (inactive)
  [GPU] batch    3/150 | k=0.99420  (inactive)
  [GPU] batch    4/150 | k=0.99993  (inactive)
  [GPU] batch    5/150 | k=1.00009  (inactive)
  [GPU] batch    6/150 | k=0.99974  (inactive)
  [GPU] batch    7/150 | k=1.00057  (inactive)
  [GPU] batch    8/150 | k=1.00121  (inactive)
  [GPU] batch    9/150 | k=1.00044  (inactive)
  [GPU] batch   10/150 | k=0.99978  (inactive)
  [GPU] batch   11/150 | k=1.00127  (inactive)
  [GPU] batch   12/150 | k=1.00002  (inactive)
  [GPU] batch   13/150 | k=1.00168  (inactive)
  [GPU] batch   14/150 | k=1.00138  (inactive)
  [GPU] batch   15/150 | k=0.99939  (inactive)
  [GPU] batch   16/150 | k=1.00013  (inactive)
  [GPU] batch   17/150 | k=1.00017  (inactive)
  [GPU] batch   18/150 | k=0.99867  (inactive)
  [GPU] batch   19/150 | k=0.99921  (inactive)
  [GPU] batch   20/150 | k=1.00294  (inactive)
  [GPU] batch   21/150 | k=1.00207  (inactive)
  [GPU] batch   22/150 | k=1.00293  (inactive)
  [GPU] batch   23/150 | k=1.00131  (inactive)
  [GPU] batch   24/150 | k=1.00066  (inactive)
  [GPU] batch   25/150 | k=0.99995  (inactive)
  [GPU] batch   26/150 | k=1.00294  (inactive)
  [GPU] batch   27/150 | k=1.00307  (inactive)
  [GPU] batch   28/150 | k=1.00174  (inactive)
  [GPU] batch   29/150 | k=1.00022  (inactive)
  [GPU] batch   30/150 | k=1.00159  (inactive)
  [GPU] batch   31/150 | k=1.00049  (1st active)
  [GPU] batch   32/150 | k=1.00119  <k>=1.00084 +/- 35 pcm
  [GPU] batch   33/150 | k=1.00282  <k>=1.00150 +/- 69 pcm
  [GPU] batch   34/150 | k=1.00366  <k>=1.00204 +/- 73 pcm
  [GPU] batch   35/150 | k=0.99897  <k>=1.00142 +/- 83 pcm
  [GPU] batch   36/150 | k=1.00281  <k>=1.00166 +/- 72 pcm
  [GPU] batch   37/150 | k=1.00004  <k>=1.00143 +/- 65 pcm
  [GPU] batch   38/150 | k=1.00076  <k>=1.00134 +/- 57 pcm
  [GPU] batch   39/150 | k=1.00281  <k>=1.00151 +/- 53 pcm
  [GPU] batch   40/150 | k=1.00347  <k>=1.00170 +/- 51 pcm
  [GPU] batch   41/150 | k=1.00177  <k>=1.00171 +/- 46 pcm
  [GPU] batch   42/150 | k=0.99956  <k>=1.00153 +/- 46 pcm
  [GPU] batch   43/150 | k=1.00101  <k>=1.00149 +/- 42 pcm
  [GPU] batch   44/150 | k=1.00213  <k>=1.00154 +/- 39 pcm
  [GPU] batch   45/150 | k=0.99916  <k>=1.00138 +/- 40 pcm
  [GPU] batch   46/150 | k=1.00046  <k>=1.00132 +/- 38 pcm
  [GPU] batch   47/150 | k=1.00396  <k>=1.00148 +/- 39 pcm
  [GPU] batch   48/150 | k=1.00199  <k>=1.00150 +/- 37 pcm
  [GPU] batch   49/150 | k=0.99919  <k>=1.00138 +/- 37 pcm
  [GPU] batch   50/150 | k=1.00404  <k>=1.00152 +/- 37 pcm
  [GPU] batch   51/150 | k=1.00087  <k>=1.00148 +/- 36 pcm
  [GPU] batch   52/150 | k=0.99809  <k>=1.00133 +/- 37 pcm
  [GPU] batch   53/150 | k=1.00038  <k>=1.00129 +/- 36 pcm
  [GPU] batch   54/150 | k=1.00424  <k>=1.00141 +/- 37 pcm
  [GPU] batch   55/150 | k=1.00189  <k>=1.00143 +/- 35 pcm
  [GPU] batch   56/150 | k=1.00252  <k>=1.00147 +/- 34 pcm
  [GPU] batch   57/150 | k=1.00047  <k>=1.00144 +/- 33 pcm
  [GPU] batch   58/150 | k=1.00141  <k>=1.00144 +/- 32 pcm
  [GPU] batch   59/150 | k=1.00259  <k>=1.00147 +/- 31 pcm
  [GPU] batch   60/150 | k=1.00217  <k>=1.00150 +/- 30 pcm
  [GPU] batch   61/150 | k=1.00226  <k>=1.00152 +/- 29 pcm
  [GPU] batch   62/150 | k=1.00006  <k>=1.00148 +/- 28 pcm
  [GPU] batch   63/150 | k=0.99953  <k>=1.00142 +/- 28 pcm
  [GPU] batch   64/150 | k=1.00127  <k>=1.00141 +/- 27 pcm
  [GPU] batch   65/150 | k=0.99960  <k>=1.00136 +/- 27 pcm
  [GPU] batch   66/150 | k=0.99885  <k>=1.00129 +/- 27 pcm
  [GPU] batch   67/150 | k=0.99977  <k>=1.00125 +/- 27 pcm
  [GPU] batch   68/150 | k=0.99924  <k>=1.00120 +/- 27 pcm
  [GPU] batch   69/150 | k=1.00103  <k>=1.00119 +/- 26 pcm
  [GPU] batch   70/150 | k=1.00224  <k>=1.00122 +/- 25 pcm
  [GPU] batch   71/150 | k=1.00138  <k>=1.00122 +/- 25 pcm
  [GPU] batch   72/150 | k=1.00050  <k>=1.00121 +/- 24 pcm
  [GPU] batch   73/150 | k=1.00212  <k>=1.00123 +/- 24 pcm
  [GPU] batch   74/150 | k=1.00132  <k>=1.00123 +/- 23 pcm
  [GPU] batch   75/150 | k=1.00182  <k>=1.00124 +/- 23 pcm
  [GPU] batch   76/150 | k=1.00338  <k>=1.00129 +/- 23 pcm
  [GPU] batch   77/150 | k=1.00247  <k>=1.00131 +/- 22 pcm
  [GPU] batch   78/150 | k=1.00020  <k>=1.00129 +/- 22 pcm
  [GPU] batch   79/150 | k=1.00270  <k>=1.00132 +/- 22 pcm
  [GPU] batch   80/150 | k=1.00237  <k>=1.00134 +/- 21 pcm
  [GPU] batch   81/150 | k=1.00334  <k>=1.00138 +/- 21 pcm
  [GPU] batch   82/150 | k=1.00036  <k>=1.00136 +/- 21 pcm
  [GPU] batch   83/150 | k=1.00005  <k>=1.00134 +/- 21 pcm
  [GPU] batch   84/150 | k=1.00401  <k>=1.00139 +/- 21 pcm
  [GPU] batch   85/150 | k=0.99928  <k>=1.00135 +/- 21 pcm
  [GPU] batch   86/150 | k=1.00061  <k>=1.00133 +/- 21 pcm
  [GPU] batch   87/150 | k=1.00245  <k>=1.00135 +/- 20 pcm
  [GPU] batch   88/150 | k=1.00146  <k>=1.00136 +/- 20 pcm
  [GPU] batch   89/150 | k=1.00416  <k>=1.00140 +/- 20 pcm
  [GPU] batch   90/150 | k=1.00067  <k>=1.00139 +/- 20 pcm
  [GPU] batch   91/150 | k=1.00210  <k>=1.00140 +/- 20 pcm
  [GPU] batch   92/150 | k=1.00079  <k>=1.00139 +/- 19 pcm
  [GPU] batch   93/150 | k=1.00286  <k>=1.00142 +/- 19 pcm
  [GPU] batch   94/150 | k=0.99840  <k>=1.00137 +/- 19 pcm
  [GPU] batch   95/150 | k=1.00012  <k>=1.00135 +/- 19 pcm
  [GPU] batch   96/150 | k=1.00164  <k>=1.00135 +/- 19 pcm
  [GPU] batch   97/150 | k=1.00385  <k>=1.00139 +/- 19 pcm
  [GPU] batch   98/150 | k=0.99874  <k>=1.00135 +/- 19 pcm
  [GPU] batch   99/150 | k=1.00213  <k>=1.00136 +/- 19 pcm
  [GPU] batch  100/150 | k=1.00305  <k>=1.00139 +/- 19 pcm
  [GPU] batch  101/150 | k=1.00409  <k>=1.00143 +/- 19 pcm
  [GPU] batch  102/150 | k=1.00272  <k>=1.00144 +/- 19 pcm
  [GPU] batch  103/150 | k=1.00225  <k>=1.00145 +/- 19 pcm
  [GPU] batch  104/150 | k=1.00299  <k>=1.00148 +/- 18 pcm
  [GPU] batch  105/150 | k=1.00145  <k>=1.00147 +/- 18 pcm
  [GPU] batch  106/150 | k=1.00145  <k>=1.00147 +/- 18 pcm
  [GPU] batch  107/150 | k=1.00157  <k>=1.00148 +/- 18 pcm
  [GPU] batch  108/150 | k=1.00205  <k>=1.00148 +/- 17 pcm
  [GPU] batch  109/150 | k=1.00118  <k>=1.00148 +/- 17 pcm
  [GPU] batch  110/150 | k=1.00008  <k>=1.00146 +/- 17 pcm
  [GPU] batch  111/150 | k=0.99925  <k>=1.00143 +/- 17 pcm
  [GPU] batch  112/150 | k=1.00025  <k>=1.00142 +/- 17 pcm
  [GPU] batch  113/150 | k=0.99946  <k>=1.00140 +/- 17 pcm
  [GPU] batch  114/150 | k=1.00144  <k>=1.00140 +/- 17 pcm
  [GPU] batch  115/150 | k=1.00007  <k>=1.00138 +/- 17 pcm
  [GPU] batch  116/150 | k=1.00125  <k>=1.00138 +/- 16 pcm
  [GPU] batch  117/150 | k=1.00153  <k>=1.00138 +/- 16 pcm
  [GPU] batch  118/150 | k=0.99923  <k>=1.00136 +/- 16 pcm
  [GPU] batch  119/150 | k=1.00099  <k>=1.00135 +/- 16 pcm
  [GPU] batch  120/150 | k=1.00003  <k>=1.00134 +/- 16 pcm
  [GPU] batch  121/150 | k=1.00144  <k>=1.00134 +/- 16 pcm
  [GPU] batch  122/150 | k=1.00072  <k>=1.00133 +/- 16 pcm
  [GPU] batch  123/150 | k=1.00311  <k>=1.00135 +/- 16 pcm
  [GPU] batch  124/150 | k=1.00294  <k>=1.00137 +/- 15 pcm
  [GPU] batch  125/150 | k=0.99962  <k>=1.00135 +/- 15 pcm
  [GPU] batch  126/150 | k=1.00163  <k>=1.00135 +/- 15 pcm
  [GPU] batch  127/150 | k=1.00029  <k>=1.00134 +/- 15 pcm
  [GPU] batch  128/150 | k=1.00502  <k>=1.00138 +/- 15 pcm
  [GPU] batch  129/150 | k=0.99856  <k>=1.00135 +/- 16 pcm
  [GPU] batch  130/150 | k=1.00065  <k>=1.00134 +/- 15 pcm
  [GPU] batch  131/150 | k=1.00067  <k>=1.00134 +/- 15 pcm
  [GPU] batch  132/150 | k=1.00353  <k>=1.00136 +/- 15 pcm
  [GPU] batch  133/150 | k=1.00296  <k>=1.00137 +/- 15 pcm
  [GPU] batch  134/150 | k=1.00151  <k>=1.00138 +/- 15 pcm
  [GPU] batch  135/150 | k=0.99989  <k>=1.00136 +/- 15 pcm
  [GPU] batch  136/150 | k=0.99906  <k>=1.00134 +/- 15 pcm
  [GPU] batch  137/150 | k=1.00117  <k>=1.00134 +/- 15 pcm
  [GPU] batch  138/150 | k=0.99969  <k>=1.00132 +/- 15 pcm
  [GPU] batch  139/150 | k=0.99929  <k>=1.00130 +/- 15 pcm
  [GPU] batch  140/150 | k=1.00431  <k>=1.00133 +/- 15 pcm
  [GPU] batch  141/150 | k=1.00069  <k>=1.00133 +/- 15 pcm
  [GPU] batch  142/150 | k=1.00048  <k>=1.00132 +/- 15 pcm
  [GPU] batch  143/150 | k=1.00246  <k>=1.00133 +/- 15 pcm
  [GPU] batch  144/150 | k=0.99951  <k>=1.00131 +/- 15 pcm
  [GPU] batch  145/150 | k=1.00237  <k>=1.00132 +/- 14 pcm
  [GPU] batch  146/150 | k=1.00329  <k>=1.00134 +/- 14 pcm
  [GPU] batch  147/150 | k=1.00159  <k>=1.00134 +/- 14 pcm
  [GPU] batch  148/150 | k=0.99822  <k>=1.00131 +/- 14 pcm
  [GPU] batch  149/150 | k=1.00143  <k>=1.00132 +/- 14 pcm
  [GPU] batch  150/150 | k=1.00316  <k>=1.00133 +/- 14 pcm
  heu-met-fast-020_case-2 -- seed 2/5 done in 98.9s: k=1.00133 +/- 0.00014
  heu-met-fast-020_case-2 -- seed 3/5 (seed=44) starting
  GPU: WMP payload = 0.0 KB (0 / 15 nuclides covered)
  GPU auto-refill: picked factor=3.48 for particles_per_batch=200000
  [GPU] batch    1/150 | k=0.90401  (inactive)
  [GPU] batch    2/150 | k=0.97645  (inactive)
  [GPU] batch    3/150 | k=0.99066  (inactive)
  [GPU] batch    4/150 | k=0.99833  (inactive)
  [GPU] batch    5/150 | k=0.99971  (inactive)
  [GPU] batch    6/150 | k=0.99991  (inactive)
  [GPU] batch    7/150 | k=0.99883  (inactive)
  [GPU] batch    8/150 | k=1.00049  (inactive)
  [GPU] batch    9/150 | k=0.99868  (inactive)
  [GPU] batch   10/150 | k=1.00159  (inactive)
  [GPU] batch   11/150 | k=0.99982  (inactive)
  [GPU] batch   12/150 | k=0.99819  (inactive)
  [GPU] batch   13/150 | k=1.00037  (inactive)
  [GPU] batch   14/150 | k=1.00054  (inactive)
  [GPU] batch   15/150 | k=1.00004  (inactive)
  [GPU] batch   16/150 | k=0.99946  (inactive)
  [GPU] batch   17/150 | k=1.00097  (inactive)
  [GPU] batch   18/150 | k=0.99923  (inactive)
  [GPU] batch   19/150 | k=1.00186  (inactive)
  [GPU] batch   20/150 | k=1.00159  (inactive)
  [GPU] batch   21/150 | k=1.00018  (inactive)
  [GPU] batch   22/150 | k=1.00151  (inactive)
  [GPU] batch   23/150 | k=0.99972  (inactive)
  [GPU] batch   24/150 | k=1.00045  (inactive)
  [GPU] batch   25/150 | k=0.99995  (inactive)
  [GPU] batch   26/150 | k=1.00018  (inactive)
  [GPU] batch   27/150 | k=1.00201  (inactive)
  [GPU] batch   28/150 | k=1.00320  (inactive)
  [GPU] batch   29/150 | k=1.00310  (inactive)
  [GPU] batch   30/150 | k=1.00158  (inactive)
  [GPU] batch   31/150 | k=1.00329  (1st active)
  [GPU] batch   32/150 | k=1.00114  <k>=1.00221 +/- 107 pcm
  [GPU] batch   33/150 | k=0.99970  <k>=1.00137 +/- 104 pcm
  [GPU] batch   34/150 | k=1.00432  <k>=1.00211 +/- 104 pcm
  [GPU] batch   35/150 | k=1.00044  <k>=1.00178 +/- 87 pcm
  [GPU] batch   36/150 | k=1.00147  <k>=1.00173 +/- 72 pcm
  [GPU] batch   37/150 | k=0.99842  <k>=1.00125 +/- 77 pcm
  [GPU] batch   38/150 | k=1.00143  <k>=1.00128 +/- 66 pcm
  [GPU] batch   39/150 | k=1.00003  <k>=1.00114 +/- 60 pcm
  [GPU] batch   40/150 | k=1.00053  <k>=1.00108 +/- 54 pcm
  [GPU] batch   41/150 | k=1.00230  <k>=1.00119 +/- 50 pcm
  [GPU] batch   42/150 | k=1.00270  <k>=1.00131 +/- 48 pcm
  [GPU] batch   43/150 | k=1.00003  <k>=1.00122 +/- 45 pcm
  [GPU] batch   44/150 | k=1.00127  <k>=1.00122 +/- 42 pcm
  [GPU] batch   45/150 | k=1.00127  <k>=1.00122 +/- 39 pcm
  [GPU] batch   46/150 | k=1.00108  <k>=1.00121 +/- 36 pcm
  [GPU] batch   47/150 | k=0.99969  <k>=1.00112 +/- 35 pcm
  [GPU] batch   48/150 | k=0.99916  <k>=1.00101 +/- 35 pcm
  [GPU] batch   49/150 | k=0.99977  <k>=1.00095 +/- 34 pcm
  [GPU] batch   50/150 | k=0.99970  <k>=1.00089 +/- 33 pcm
  [GPU] batch   51/150 | k=0.99920  <k>=1.00081 +/- 32 pcm
  [GPU] batch   52/150 | k=0.99918  <k>=1.00073 +/- 31 pcm
  [GPU] batch   53/150 | k=1.00108  <k>=1.00075 +/- 30 pcm
  [GPU] batch   54/150 | k=1.00135  <k>=1.00077 +/- 29 pcm
  [GPU] batch   55/150 | k=1.00186  <k>=1.00082 +/- 28 pcm
  [GPU] batch   56/150 | k=1.00039  <k>=1.00080 +/- 27 pcm
  [GPU] batch   57/150 | k=1.00046  <k>=1.00079 +/- 26 pcm
  [GPU] batch   58/150 | k=0.99999  <k>=1.00076 +/- 25 pcm
  [GPU] batch   59/150 | k=0.99932  <k>=1.00071 +/- 25 pcm
  [GPU] batch   60/150 | k=1.00365  <k>=1.00081 +/- 26 pcm
  [GPU] batch   61/150 | k=1.00199  <k>=1.00085 +/- 25 pcm
  [GPU] batch   62/150 | k=0.99992  <k>=1.00082 +/- 25 pcm
  [GPU] batch   63/150 | k=0.99974  <k>=1.00078 +/- 24 pcm
  [GPU] batch   64/150 | k=1.00129  <k>=1.00080 +/- 23 pcm
  [GPU] batch   65/150 | k=1.00118  <k>=1.00081 +/- 23 pcm
  [GPU] batch   66/150 | k=0.99951  <k>=1.00077 +/- 22 pcm
  [GPU] batch   67/150 | k=1.00241  <k>=1.00082 +/- 22 pcm
  [GPU] batch   68/150 | k=1.00090  <k>=1.00082 +/- 22 pcm
  [GPU] batch   69/150 | k=0.99937  <k>=1.00078 +/- 21 pcm
  [GPU] batch   70/150 | k=1.00190  <k>=1.00081 +/- 21 pcm
  [GPU] batch   71/150 | k=0.99953  <k>=1.00078 +/- 21 pcm
  [GPU] batch   72/150 | k=0.99938  <k>=1.00075 +/- 21 pcm
  [GPU] batch   73/150 | k=0.99854  <k>=1.00069 +/- 21 pcm
  [GPU] batch   74/150 | k=1.00056  <k>=1.00069 +/- 20 pcm
  [GPU] batch   75/150 | k=1.00091  <k>=1.00070 +/- 20 pcm
  [GPU] batch   76/150 | k=1.00096  <k>=1.00070 +/- 19 pcm
  [GPU] batch   77/150 | k=0.99942  <k>=1.00068 +/- 19 pcm
  [GPU] batch   78/150 | k=0.99848  <k>=1.00063 +/- 19 pcm
  [GPU] batch   79/150 | k=1.00057  <k>=1.00063 +/- 19 pcm
  [GPU] batch   80/150 | k=1.00140  <k>=1.00064 +/- 19 pcm
  [GPU] batch   81/150 | k=1.00175  <k>=1.00067 +/- 18 pcm
  [GPU] batch   82/150 | k=1.00003  <k>=1.00065 +/- 18 pcm
  [GPU] batch   83/150 | k=1.00171  <k>=1.00067 +/- 18 pcm
  [GPU] batch   84/150 | k=0.99991  <k>=1.00066 +/- 18 pcm
  [GPU] batch   85/150 | k=1.00122  <k>=1.00067 +/- 17 pcm
  [GPU] batch   86/150 | k=1.00026  <k>=1.00066 +/- 17 pcm
  [GPU] batch   87/150 | k=1.00071  <k>=1.00066 +/- 17 pcm
  [GPU] batch   88/150 | k=1.00130  <k>=1.00067 +/- 16 pcm
  [GPU] batch   89/150 | k=1.00032  <k>=1.00067 +/- 16 pcm
  [GPU] batch   90/150 | k=1.00200  <k>=1.00069 +/- 16 pcm
  [GPU] batch   91/150 | k=1.00052  <k>=1.00069 +/- 16 pcm
  [GPU] batch   92/150 | k=0.99930  <k>=1.00066 +/- 16 pcm
  [GPU] batch   93/150 | k=1.00077  <k>=1.00067 +/- 15 pcm
  [GPU] batch   94/150 | k=1.00092  <k>=1.00067 +/- 15 pcm
  [GPU] batch   95/150 | k=1.00179  <k>=1.00069 +/- 15 pcm
  [GPU] batch   96/150 | k=1.00182  <k>=1.00070 +/- 15 pcm
  [GPU] batch   97/150 | k=1.00192  <k>=1.00072 +/- 15 pcm
  [GPU] batch   98/150 | k=1.00440  <k>=1.00078 +/- 16 pcm
  [GPU] batch   99/150 | k=1.00311  <k>=1.00081 +/- 16 pcm
  [GPU] batch  100/150 | k=1.00344  <k>=1.00085 +/- 16 pcm
  [GPU] batch  101/150 | k=1.00013  <k>=1.00084 +/- 16 pcm
  [GPU] batch  102/150 | k=1.00014  <k>=1.00083 +/- 16 pcm
  [GPU] batch  103/150 | k=1.00008  <k>=1.00082 +/- 15 pcm
  [GPU] batch  104/150 | k=1.00111  <k>=1.00082 +/- 15 pcm
  [GPU] batch  105/150 | k=0.99930  <k>=1.00080 +/- 15 pcm
  [GPU] batch  106/150 | k=1.00198  <k>=1.00082 +/- 15 pcm
  [GPU] batch  107/150 | k=1.00209  <k>=1.00083 +/- 15 pcm
  [GPU] batch  108/150 | k=0.99992  <k>=1.00082 +/- 15 pcm
  [GPU] batch  109/150 | k=0.99909  <k>=1.00080 +/- 15 pcm
  [GPU] batch  110/150 | k=0.99956  <k>=1.00078 +/- 15 pcm
  [GPU] batch  111/150 | k=0.99959  <k>=1.00077 +/- 14 pcm
  [GPU] batch  112/150 | k=1.00032  <k>=1.00076 +/- 14 pcm
  [GPU] batch  113/150 | k=1.00050  <k>=1.00076 +/- 14 pcm
  [GPU] batch  114/150 | k=1.00302  <k>=1.00079 +/- 14 pcm
  [GPU] batch  115/150 | k=1.00070  <k>=1.00079 +/- 14 pcm
  [GPU] batch  116/150 | k=1.00080  <k>=1.00079 +/- 14 pcm
  [GPU] batch  117/150 | k=1.00218  <k>=1.00080 +/- 14 pcm
  [GPU] batch  118/150 | k=1.00062  <k>=1.00080 +/- 14 pcm
  [GPU] batch  119/150 | k=1.00021  <k>=1.00079 +/- 14 pcm
  [GPU] batch  120/150 | k=0.99890  <k>=1.00077 +/- 14 pcm
  [GPU] batch  121/150 | k=1.00148  <k>=1.00078 +/- 13 pcm
  [GPU] batch  122/150 | k=1.00144  <k>=1.00079 +/- 13 pcm
  [GPU] batch  123/150 | k=0.99931  <k>=1.00077 +/- 13 pcm
  [GPU] batch  124/150 | k=0.99961  <k>=1.00076 +/- 13 pcm
  [GPU] batch  125/150 | k=0.99915  <k>=1.00074 +/- 13 pcm
  [GPU] batch  126/150 | k=0.99869  <k>=1.00072 +/- 13 pcm
  [GPU] batch  127/150 | k=1.00084  <k>=1.00072 +/- 13 pcm
  [GPU] batch  128/150 | k=0.99750  <k>=1.00069 +/- 13 pcm
  [GPU] batch  129/150 | k=1.00315  <k>=1.00071 +/- 13 pcm
  [GPU] batch  130/150 | k=1.00248  <k>=1.00073 +/- 13 pcm
  [GPU] batch  131/150 | k=1.00225  <k>=1.00075 +/- 13 pcm
  [GPU] batch  132/150 | k=1.00130  <k>=1.00075 +/- 13 pcm
  [GPU] batch  133/150 | k=1.00202  <k>=1.00077 +/- 13 pcm
  [GPU] batch  134/150 | k=1.00241  <k>=1.00078 +/- 13 pcm
  [GPU] batch  135/150 | k=0.99786  <k>=1.00075 +/- 13 pcm
  [GPU] batch  136/150 | k=0.99885  <k>=1.00074 +/- 13 pcm
  [GPU] batch  137/150 | k=1.00346  <k>=1.00076 +/- 13 pcm
  [GPU] batch  138/150 | k=0.99900  <k>=1.00074 +/- 13 pcm
  [GPU] batch  139/150 | k=1.00220  <k>=1.00076 +/- 13 pcm
  [GPU] batch  140/150 | k=1.00450  <k>=1.00079 +/- 14 pcm
  [GPU] batch  141/150 | k=1.00417  <k>=1.00082 +/- 14 pcm
  [GPU] batch  142/150 | k=1.00228  <k>=1.00084 +/- 14 pcm
  [GPU] batch  143/150 | k=1.00243  <k>=1.00085 +/- 14 pcm
  [GPU] batch  144/150 | k=1.00231  <k>=1.00086 +/- 14 pcm
  [GPU] batch  145/150 | k=1.00017  <k>=1.00086 +/- 14 pcm
  [GPU] batch  146/150 | k=1.00080  <k>=1.00086 +/- 13 pcm
  [GPU] batch  147/150 | k=1.00063  <k>=1.00085 +/- 13 pcm
  [GPU] batch  148/150 | k=1.00163  <k>=1.00086 +/- 13 pcm
  [GPU] batch  149/150 | k=1.00067  <k>=1.00086 +/- 13 pcm
  [GPU] batch  150/150 | k=1.00413  <k>=1.00089 +/- 13 pcm
  heu-met-fast-020_case-2 -- seed 3/5 done in 98.6s: k=1.00089 +/- 0.00013
  heu-met-fast-020_case-2 -- seed 4/5 (seed=45) starting
  GPU: WMP payload = 0.0 KB (0 / 15 nuclides covered)
  GPU auto-refill: picked factor=3.48 for particles_per_batch=200000
  [GPU] batch    1/150 | k=0.90406  (inactive)
  [GPU] batch    2/150 | k=0.97568  (inactive)
  [GPU] batch    3/150 | k=0.99064  (inactive)
  [GPU] batch    4/150 | k=0.99625  (inactive)
  [GPU] batch    5/150 | k=0.99769  (inactive)
  [GPU] batch    6/150 | k=1.00254  (inactive)
  [GPU] batch    7/150 | k=1.00431  (inactive)
  [GPU] batch    8/150 | k=1.00034  (inactive)
  [GPU] batch    9/150 | k=1.00247  (inactive)
  [GPU] batch   10/150 | k=1.00143  (inactive)
  [GPU] batch   11/150 | k=1.00312  (inactive)
  [GPU] batch   12/150 | k=1.00119  (inactive)
  [GPU] batch   13/150 | k=1.00113  (inactive)
  [GPU] batch   14/150 | k=1.00205  (inactive)
  [GPU] batch   15/150 | k=1.00024  (inactive)
  [GPU] batch   16/150 | k=1.00167  (inactive)
  [GPU] batch   17/150 | k=1.00333  (inactive)
  [GPU] batch   18/150 | k=1.00110  (inactive)
  [GPU] batch   19/150 | k=0.99847  (inactive)
  [GPU] batch   20/150 | k=1.00089  (inactive)
  [GPU] batch   21/150 | k=1.00104  (inactive)
  [GPU] batch   22/150 | k=1.00210  (inactive)
  [GPU] batch   23/150 | k=1.00100  (inactive)
  [GPU] batch   24/150 | k=1.00391  (inactive)
  [GPU] batch   25/150 | k=0.99991  (inactive)
  [GPU] batch   26/150 | k=1.00078  (inactive)
  [GPU] batch   27/150 | k=1.00034  (inactive)
  [GPU] batch   28/150 | k=1.00041  (inactive)
  [GPU] batch   29/150 | k=1.00034  (inactive)
  [GPU] batch   30/150 | k=0.99804  (inactive)
  [GPU] batch   31/150 | k=1.00095  (1st active)
  [GPU] batch   32/150 | k=1.00044  <k>=1.00069 +/- 25 pcm
  [GPU] batch   33/150 | k=1.00189  <k>=1.00109 +/- 42 pcm
  [GPU] batch   34/150 | k=1.00027  <k>=1.00089 +/- 36 pcm
  [GPU] batch   35/150 | k=1.00213  <k>=1.00113 +/- 38 pcm
  [GPU] batch   36/150 | k=1.00192  <k>=1.00126 +/- 33 pcm
  [GPU] batch   37/150 | k=1.00118  <k>=1.00125 +/- 28 pcm
  [GPU] batch   38/150 | k=1.00026  <k>=1.00113 +/- 27 pcm
  [GPU] batch   39/150 | k=1.00248  <k>=1.00128 +/- 28 pcm
  [GPU] batch   40/150 | k=0.99855  <k>=1.00101 +/- 37 pcm
  [GPU] batch   41/150 | k=1.00321  <k>=1.00121 +/- 39 pcm
  [GPU] batch   42/150 | k=1.00496  <k>=1.00152 +/- 48 pcm
  [GPU] batch   43/150 | k=1.00230  <k>=1.00158 +/- 44 pcm
  [GPU] batch   44/150 | k=1.00251  <k>=1.00164 +/- 41 pcm
  [GPU] batch   45/150 | k=1.00116  <k>=1.00161 +/- 39 pcm
  [GPU] batch   46/150 | k=1.00096  <k>=1.00157 +/- 36 pcm
  [GPU] batch   47/150 | k=1.00301  <k>=1.00166 +/- 35 pcm
  [GPU] batch   48/150 | k=1.00143  <k>=1.00164 +/- 33 pcm
  [GPU] batch   49/150 | k=1.00163  <k>=1.00164 +/- 31 pcm
  [GPU] batch   50/150 | k=1.00486  <k>=1.00180 +/- 34 pcm
  [GPU] batch   51/150 | k=1.00170  <k>=1.00180 +/- 32 pcm
  [GPU] batch   52/150 | k=1.00155  <k>=1.00179 +/- 31 pcm
  [GPU] batch   53/150 | k=1.00063  <k>=1.00174 +/- 30 pcm
  [GPU] batch   54/150 | k=1.00286  <k>=1.00178 +/- 29 pcm
  [GPU] batch   55/150 | k=0.99973  <k>=1.00170 +/- 29 pcm
  [GPU] batch   56/150 | k=1.00146  <k>=1.00169 +/- 28 pcm
  [GPU] batch   57/150 | k=1.00085  <k>=1.00166 +/- 27 pcm
  [GPU] batch   58/150 | k=1.00001  <k>=1.00160 +/- 27 pcm
  [GPU] batch   59/150 | k=1.00136  <k>=1.00159 +/- 26 pcm
  [GPU] batch   60/150 | k=1.00348  <k>=1.00166 +/- 26 pcm
  [GPU] batch   61/150 | k=1.00201  <k>=1.00167 +/- 25 pcm
  [GPU] batch   62/150 | k=0.99891  <k>=1.00158 +/- 26 pcm
  [GPU] batch   63/150 | k=1.00232  <k>=1.00160 +/- 25 pcm
  [GPU] batch   64/150 | k=1.00302  <k>=1.00165 +/- 24 pcm
  [GPU] batch   65/150 | k=1.00245  <k>=1.00167 +/- 24 pcm
  [GPU] batch   66/150 | k=1.00177  <k>=1.00167 +/- 23 pcm
  [GPU] batch   67/150 | k=1.00339  <k>=1.00172 +/- 23 pcm
  [GPU] batch   68/150 | k=1.00083  <k>=1.00169 +/- 23 pcm
  [GPU] batch   69/150 | k=1.00104  <k>=1.00168 +/- 22 pcm
  [GPU] batch   70/150 | k=1.00061  <k>=1.00165 +/- 22 pcm
  [GPU] batch   71/150 | k=1.00114  <k>=1.00164 +/- 21 pcm
  [GPU] batch   72/150 | k=1.00286  <k>=1.00167 +/- 21 pcm
  [GPU] batch   73/150 | k=1.00031  <k>=1.00164 +/- 21 pcm
  [GPU] batch   74/150 | k=1.00269  <k>=1.00166 +/- 20 pcm
  [GPU] batch   75/150 | k=1.00189  <k>=1.00167 +/- 20 pcm
  [GPU] batch   76/150 | k=1.00264  <k>=1.00169 +/- 19 pcm
  [GPU] batch   77/150 | k=1.00140  <k>=1.00168 +/- 19 pcm
  [GPU] batch   78/150 | k=1.00169  <k>=1.00168 +/- 19 pcm
  [GPU] batch   79/150 | k=1.00177  <k>=1.00168 +/- 18 pcm
  [GPU] batch   80/150 | k=1.00288  <k>=1.00171 +/- 18 pcm
  [GPU] batch   81/150 | k=1.00223  <k>=1.00172 +/- 18 pcm
  [GPU] batch   82/150 | k=1.00154  <k>=1.00171 +/- 17 pcm
  [GPU] batch   83/150 | k=0.99922  <k>=1.00167 +/- 18 pcm
  [GPU] batch   84/150 | k=1.00511  <k>=1.00173 +/- 19 pcm
  [GPU] batch   85/150 | k=1.00164  <k>=1.00173 +/- 18 pcm
  [GPU] batch   86/150 | k=1.00215  <k>=1.00174 +/- 18 pcm
  [GPU] batch   87/150 | k=1.00164  <k>=1.00173 +/- 18 pcm
  [GPU] batch   88/150 | k=1.00303  <k>=1.00176 +/- 17 pcm
  [GPU] batch   89/150 | k=1.00077  <k>=1.00174 +/- 17 pcm
  [GPU] batch   90/150 | k=1.00137  <k>=1.00173 +/- 17 pcm
  [GPU] batch   91/150 | k=0.99722  <k>=1.00166 +/- 18 pcm
  [GPU] batch   92/150 | k=1.00026  <k>=1.00164 +/- 18 pcm
  [GPU] batch   93/150 | k=1.00118  <k>=1.00163 +/- 18 pcm
  [GPU] batch   94/150 | k=1.00138  <k>=1.00163 +/- 17 pcm
  [GPU] batch   95/150 | k=1.00003  <k>=1.00160 +/- 17 pcm
  [GPU] batch   96/150 | k=0.99887  <k>=1.00156 +/- 18 pcm
  [GPU] batch   97/150 | k=0.99989  <k>=1.00153 +/- 18 pcm
  [GPU] batch   98/150 | k=1.00039  <k>=1.00152 +/- 17 pcm
  [GPU] batch   99/150 | k=1.00085  <k>=1.00151 +/- 17 pcm
  [GPU] batch  100/150 | k=0.99984  <k>=1.00148 +/- 17 pcm
  [GPU] batch  101/150 | k=1.00079  <k>=1.00147 +/- 17 pcm
  [GPU] batch  102/150 | k=0.99881  <k>=1.00144 +/- 17 pcm
  [GPU] batch  103/150 | k=1.00073  <k>=1.00143 +/- 17 pcm
  [GPU] batch  104/150 | k=1.00065  <k>=1.00142 +/- 17 pcm
  [GPU] batch  105/150 | k=0.99976  <k>=1.00140 +/- 17 pcm
  [GPU] batch  106/150 | k=0.99892  <k>=1.00136 +/- 17 pcm
  [GPU] batch  107/150 | k=1.00223  <k>=1.00137 +/- 16 pcm
  [GPU] batch  108/150 | k=1.00069  <k>=1.00137 +/- 16 pcm
  [GPU] batch  109/150 | k=1.00062  <k>=1.00136 +/- 16 pcm
  [GPU] batch  110/150 | k=1.00294  <k>=1.00138 +/- 16 pcm
  [GPU] batch  111/150 | k=1.00198  <k>=1.00138 +/- 16 pcm
  [GPU] batch  112/150 | k=1.00101  <k>=1.00138 +/- 16 pcm
  [GPU] batch  113/150 | k=0.99971  <k>=1.00136 +/- 16 pcm
  [GPU] batch  114/150 | k=1.00287  <k>=1.00138 +/- 15 pcm
  [GPU] batch  115/150 | k=1.00042  <k>=1.00137 +/- 15 pcm
  [GPU] batch  116/150 | k=1.00111  <k>=1.00136 +/- 15 pcm
  [GPU] batch  117/150 | k=1.00367  <k>=1.00139 +/- 15 pcm
  [GPU] batch  118/150 | k=1.00016  <k>=1.00137 +/- 15 pcm
  [GPU] batch  119/150 | k=0.99794  <k>=1.00134 +/- 15 pcm
  [GPU] batch  120/150 | k=1.00388  <k>=1.00136 +/- 16 pcm
  [GPU] batch  121/150 | k=0.99902  <k>=1.00134 +/- 16 pcm
  [GPU] batch  122/150 | k=0.99896  <k>=1.00131 +/- 16 pcm
  [GPU] batch  123/150 | k=1.00077  <k>=1.00131 +/- 15 pcm
  [GPU] batch  124/150 | k=1.00240  <k>=1.00132 +/- 15 pcm
  [GPU] batch  125/150 | k=1.00114  <k>=1.00132 +/- 15 pcm
  [GPU] batch  126/150 | k=1.00147  <k>=1.00132 +/- 15 pcm
  [GPU] batch  127/150 | k=1.00153  <k>=1.00132 +/- 15 pcm
  [GPU] batch  128/150 | k=1.00370  <k>=1.00134 +/- 15 pcm
  [GPU] batch  129/150 | k=1.00147  <k>=1.00135 +/- 15 pcm
  [GPU] batch  130/150 | k=0.99990  <k>=1.00133 +/- 15 pcm
  [GPU] batch  131/150 | k=1.00161  <k>=1.00133 +/- 15 pcm
  [GPU] batch  132/150 | k=0.99867  <k>=1.00131 +/- 15 pcm
  [GPU] batch  133/150 | k=1.00177  <k>=1.00131 +/- 14 pcm
  [GPU] batch  134/150 | k=0.99933  <k>=1.00129 +/- 14 pcm
  [GPU] batch  135/150 | k=1.00087  <k>=1.00129 +/- 14 pcm
  [GPU] batch  136/150 | k=1.00256  <k>=1.00130 +/- 14 pcm
  [GPU] batch  137/150 | k=1.00435  <k>=1.00133 +/- 14 pcm
  [GPU] batch  138/150 | k=1.00148  <k>=1.00133 +/- 14 pcm
  [GPU] batch  139/150 | k=1.00267  <k>=1.00134 +/- 14 pcm
  [GPU] batch  140/150 | k=1.00324  <k>=1.00136 +/- 14 pcm
  [GPU] batch  141/150 | k=0.99979  <k>=1.00135 +/- 14 pcm
  [GPU] batch  142/150 | k=1.00142  <k>=1.00135 +/- 14 pcm
  [GPU] batch  143/150 | k=0.99989  <k>=1.00133 +/- 14 pcm
  [GPU] batch  144/150 | k=1.00106  <k>=1.00133 +/- 14 pcm
  [GPU] batch  145/150 | k=1.00322  <k>=1.00135 +/- 14 pcm
  [GPU] batch  146/150 | k=0.99783  <k>=1.00132 +/- 14 pcm
  [GPU] batch  147/150 | k=1.00128  <k>=1.00132 +/- 14 pcm
  [GPU] batch  148/150 | k=1.00061  <k>=1.00131 +/- 14 pcm
  [GPU] batch  149/150 | k=0.99987  <k>=1.00130 +/- 14 pcm
  [GPU] batch  150/150 | k=1.00204  <k>=1.00131 +/- 14 pcm
  heu-met-fast-020_case-2 -- seed 4/5 done in 97.8s: k=1.00131 +/- 0.00014
  heu-met-fast-020_case-2 -- seed 5/5 (seed=46) starting
  GPU: WMP payload = 0.0 KB (0 / 15 nuclides covered)
  GPU auto-refill: picked factor=3.48 for particles_per_batch=200000
  [GPU] batch    1/150 | k=0.90506  (inactive)
  [GPU] batch    2/150 | k=0.97708  (inactive)
  [GPU] batch    3/150 | k=0.99248  (inactive)
  [GPU] batch    4/150 | k=0.99866  (inactive)
  [GPU] batch    5/150 | k=1.00205  (inactive)
  [GPU] batch    6/150 | k=0.99889  (inactive)
  [GPU] batch    7/150 | k=1.00119  (inactive)
  [GPU] batch    8/150 | k=1.00165  (inactive)
  [GPU] batch    9/150 | k=0.99978  (inactive)
  [GPU] batch   10/150 | k=0.99982  (inactive)
  [GPU] batch   11/150 | k=1.00204  (inactive)
  [GPU] batch   12/150 | k=1.00010  (inactive)
  [GPU] batch   13/150 | k=1.00030  (inactive)
  [GPU] batch   14/150 | k=0.99998  (inactive)
  [GPU] batch   15/150 | k=1.00263  (inactive)
  [GPU] batch   16/150 | k=1.00033  (inactive)
  [GPU] batch   17/150 | k=1.00410  (inactive)
  [GPU] batch   18/150 | k=1.00077  (inactive)
  [GPU] batch   19/150 | k=1.00151  (inactive)
  [GPU] batch   20/150 | k=0.99936  (inactive)
  [GPU] batch   21/150 | k=0.99923  (inactive)
  [GPU] batch   22/150 | k=1.00008  (inactive)
  [GPU] batch   23/150 | k=1.00124  (inactive)
  [GPU] batch   24/150 | k=1.00135  (inactive)
  [GPU] batch   25/150 | k=0.99898  (inactive)
  [GPU] batch   26/150 | k=1.00320  (inactive)
  [GPU] batch   27/150 | k=1.00009  (inactive)
  [GPU] batch   28/150 | k=1.00069  (inactive)
  [GPU] batch   29/150 | k=1.00023  (inactive)
  [GPU] batch   30/150 | k=1.00137  (inactive)
  [GPU] batch   31/150 | k=1.00225  (1st active)
  [GPU] batch   32/150 | k=1.00114  <k>=1.00169 +/- 56 pcm
  [GPU] batch   33/150 | k=1.00462  <k>=1.00267 +/- 103 pcm
  [GPU] batch   34/150 | k=1.00294  <k>=1.00274 +/- 73 pcm
  [GPU] batch   35/150 | k=0.99949  <k>=1.00209 +/- 86 pcm
  [GPU] batch   36/150 | k=1.00089  <k>=1.00189 +/- 73 pcm
  [GPU] batch   37/150 | k=1.00307  <k>=1.00206 +/- 64 pcm
  [GPU] batch   38/150 | k=1.00188  <k>=1.00204 +/- 55 pcm
  [GPU] batch   39/150 | k=1.00214  <k>=1.00205 +/- 49 pcm
  [GPU] batch   40/150 | k=1.00227  <k>=1.00207 +/- 44 pcm
  [GPU] batch   41/150 | k=1.00110  <k>=1.00198 +/- 41 pcm
  [GPU] batch   42/150 | k=1.00069  <k>=1.00187 +/- 39 pcm
  [GPU] batch   43/150 | k=0.99943  <k>=1.00169 +/- 40 pcm
  [GPU] batch   44/150 | k=0.99986  <k>=1.00156 +/- 39 pcm
  [GPU] batch   45/150 | k=1.00261  <k>=1.00163 +/- 37 pcm
  [GPU] batch   46/150 | k=0.99826  <k>=1.00142 +/- 41 pcm
  [GPU] batch   47/150 | k=0.99981  <k>=1.00132 +/- 39 pcm
  [GPU] batch   48/150 | k=1.00189  <k>=1.00135 +/- 37 pcm
  [GPU] batch   49/150 | k=0.99739  <k>=1.00114 +/- 41 pcm
  [GPU] batch   50/150 | k=1.00320  <k>=1.00125 +/- 40 pcm
  [GPU] batch   51/150 | k=0.99799  <k>=1.00109 +/- 41 pcm
  [GPU] batch   52/150 | k=1.00103  <k>=1.00109 +/- 39 pcm
  [GPU] batch   53/150 | k=1.00251  <k>=1.00115 +/- 38 pcm
  [GPU] batch   54/150 | k=1.00353  <k>=1.00125 +/- 38 pcm
  [GPU] batch   55/150 | k=0.99944  <k>=1.00118 +/- 37 pcm
  [GPU] batch   56/150 | k=1.00102  <k>=1.00117 +/- 36 pcm
  [GPU] batch   57/150 | k=1.00020  <k>=1.00113 +/- 34 pcm
  [GPU] batch   58/150 | k=1.00083  <k>=1.00112 +/- 33 pcm
  [GPU] batch   59/150 | k=1.00262  <k>=1.00118 +/- 32 pcm
  [GPU] batch   60/150 | k=1.00251  <k>=1.00122 +/- 32 pcm
  [GPU] batch   61/150 | k=1.00197  <k>=1.00124 +/- 31 pcm
  [GPU] batch   62/150 | k=1.00232  <k>=1.00128 +/- 30 pcm
  [GPU] batch   63/150 | k=1.00005  <k>=1.00124 +/- 29 pcm
  [GPU] batch   64/150 | k=1.00188  <k>=1.00126 +/- 28 pcm
  [GPU] batch   65/150 | k=1.00006  <k>=1.00122 +/- 28 pcm
  [GPU] batch   66/150 | k=0.99809  <k>=1.00114 +/- 28 pcm
  [GPU] batch   67/150 | k=1.00214  <k>=1.00116 +/- 28 pcm
  [GPU] batch   68/150 | k=1.00227  <k>=1.00119 +/- 27 pcm
  [GPU] batch   69/150 | k=1.00158  <k>=1.00120 +/- 26 pcm
  [GPU] batch   70/150 | k=0.99866  <k>=1.00114 +/- 27 pcm
  [GPU] batch   71/150 | k=1.00000  <k>=1.00111 +/- 26 pcm
  [GPU] batch   72/150 | k=0.99880  <k>=1.00106 +/- 26 pcm
  [GPU] batch   73/150 | k=1.00424  <k>=1.00113 +/- 26 pcm
  [GPU] batch   74/150 | k=1.00361  <k>=1.00119 +/- 26 pcm
  [GPU] batch   75/150 | k=1.00135  <k>=1.00119 +/- 26 pcm
  [GPU] batch   76/150 | k=1.00136  <k>=1.00120 +/- 25 pcm
  [GPU] batch   77/150 | k=1.00205  <k>=1.00121 +/- 25 pcm
  [GPU] batch   78/150 | k=0.99947  <k>=1.00118 +/- 25 pcm
  [GPU] batch   79/150 | k=1.00208  <k>=1.00120 +/- 24 pcm
  [GPU] batch   80/150 | k=1.00144  <k>=1.00120 +/- 24 pcm
  [GPU] batch   81/150 | k=1.00051  <k>=1.00119 +/- 23 pcm
  [GPU] batch   82/150 | k=0.99868  <k>=1.00114 +/- 23 pcm
  [GPU] batch   83/150 | k=1.00000  <k>=1.00112 +/- 23 pcm
  [GPU] batch   84/150 | k=1.00106  <k>=1.00112 +/- 23 pcm
  [GPU] batch   85/150 | k=1.00050  <k>=1.00110 +/- 22 pcm
  [GPU] batch   86/150 | k=1.00221  <k>=1.00112 +/- 22 pcm
  [GPU] batch   87/150 | k=1.00012  <k>=1.00111 +/- 22 pcm
  [GPU] batch   88/150 | k=1.00112  <k>=1.00111 +/- 21 pcm
  [GPU] batch   89/150 | k=0.99861  <k>=1.00106 +/- 21 pcm
  [GPU] batch   90/150 | k=1.00380  <k>=1.00111 +/- 21 pcm
  [GPU] batch   91/150 | k=1.00458  <k>=1.00117 +/- 22 pcm
  [GPU] batch   92/150 | k=1.00177  <k>=1.00118 +/- 21 pcm
  [GPU] batch   93/150 | k=1.00374  <k>=1.00122 +/- 21 pcm
  [GPU] batch   94/150 | k=1.00295  <k>=1.00124 +/- 21 pcm
  [GPU] batch   95/150 | k=1.00090  <k>=1.00124 +/- 21 pcm
  [GPU] batch   96/150 | k=1.00016  <k>=1.00122 +/- 21 pcm
  [GPU] batch   97/150 | k=1.00308  <k>=1.00125 +/- 21 pcm
  [GPU] batch   98/150 | k=1.00266  <k>=1.00127 +/- 20 pcm
  [GPU] batch   99/150 | k=1.00100  <k>=1.00127 +/- 20 pcm
  [GPU] batch  100/150 | k=0.99889  <k>=1.00123 +/- 20 pcm
  [GPU] batch  101/150 | k=1.00057  <k>=1.00122 +/- 20 pcm
  [GPU] batch  102/150 | k=1.00380  <k>=1.00126 +/- 20 pcm
  [GPU] batch  103/150 | k=0.99944  <k>=1.00124 +/- 20 pcm
  [GPU] batch  104/150 | k=1.00167  <k>=1.00124 +/- 20 pcm
  [GPU] batch  105/150 | k=1.00131  <k>=1.00124 +/- 19 pcm
  [GPU] batch  106/150 | k=1.00202  <k>=1.00125 +/- 19 pcm
  [GPU] batch  107/150 | k=1.00295  <k>=1.00127 +/- 19 pcm
  [GPU] batch  108/150 | k=1.00330  <k>=1.00130 +/- 19 pcm
  [GPU] batch  109/150 | k=1.00065  <k>=1.00129 +/- 19 pcm
  [GPU] batch  110/150 | k=0.99986  <k>=1.00127 +/- 18 pcm
  [GPU] batch  111/150 | k=1.00171  <k>=1.00128 +/- 18 pcm
  [GPU] batch  112/150 | k=1.00112  <k>=1.00128 +/- 18 pcm
  [GPU] batch  113/150 | k=1.00118  <k>=1.00128 +/- 18 pcm
  [GPU] batch  114/150 | k=1.00361  <k>=1.00130 +/- 18 pcm
  [GPU] batch  115/150 | k=0.99953  <k>=1.00128 +/- 18 pcm
  [GPU] batch  116/150 | k=0.99994  <k>=1.00127 +/- 18 pcm
  [GPU] batch  117/150 | k=1.00261  <k>=1.00128 +/- 17 pcm
  [GPU] batch  118/150 | k=1.00235  <k>=1.00130 +/- 17 pcm
  [GPU] batch  119/150 | k=1.00123  <k>=1.00129 +/- 17 pcm
  [GPU] batch  120/150 | k=1.00421  <k>=1.00133 +/- 17 pcm
  [GPU] batch  121/150 | k=1.00355  <k>=1.00135 +/- 17 pcm
  [GPU] batch  122/150 | k=0.99964  <k>=1.00133 +/- 17 pcm
  [GPU] batch  123/150 | k=1.00142  <k>=1.00133 +/- 17 pcm
  [GPU] batch  124/150 | k=1.00251  <k>=1.00135 +/- 17 pcm
  [GPU] batch  125/150 | k=1.00063  <k>=1.00134 +/- 17 pcm
  [GPU] batch  126/150 | k=1.00191  <k>=1.00134 +/- 16 pcm
  [GPU] batch  127/150 | k=0.99973  <k>=1.00133 +/- 16 pcm
  [GPU] batch  128/150 | k=1.00218  <k>=1.00134 +/- 16 pcm
  [GPU] batch  129/150 | k=1.00073  <k>=1.00133 +/- 16 pcm
  [GPU] batch  130/150 | k=1.00018  <k>=1.00132 +/- 16 pcm
  [GPU] batch  131/150 | k=0.99970  <k>=1.00130 +/- 16 pcm
  [GPU] batch  132/150 | k=1.00193  <k>=1.00131 +/- 16 pcm
  [GPU] batch  133/150 | k=1.00272  <k>=1.00132 +/- 16 pcm
  [GPU] batch  134/150 | k=1.00235  <k>=1.00133 +/- 16 pcm
  [GPU] batch  135/150 | k=1.00055  <k>=1.00133 +/- 15 pcm
  [GPU] batch  136/150 | k=1.00093  <k>=1.00132 +/- 15 pcm
  [GPU] batch  137/150 | k=1.00015  <k>=1.00131 +/- 15 pcm
  [GPU] batch  138/150 | k=1.00401  <k>=1.00134 +/- 15 pcm
  [GPU] batch  139/150 | k=1.00295  <k>=1.00135 +/- 15 pcm
  [GPU] batch  140/150 | k=1.00091  <k>=1.00135 +/- 15 pcm
  [GPU] batch  141/150 | k=1.00236  <k>=1.00136 +/- 15 pcm
  [GPU] batch  142/150 | k=1.00287  <k>=1.00137 +/- 15 pcm
  [GPU] batch  143/150 | k=1.00212  <k>=1.00138 +/- 15 pcm
  [GPU] batch  144/150 | k=1.00071  <k>=1.00137 +/- 15 pcm
  [GPU] batch  145/150 | k=1.00101  <k>=1.00137 +/- 14 pcm
  [GPU] batch  146/150 | k=0.99891  <k>=1.00135 +/- 15 pcm
  [GPU] batch  147/150 | k=1.00292  <k>=1.00136 +/- 14 pcm
  [GPU] batch  148/150 | k=1.00290  <k>=1.00137 +/- 14 pcm
  [GPU] batch  149/150 | k=0.99987  <k>=1.00136 +/- 14 pcm
  [GPU] batch  150/150 | k=1.00228  <k>=1.00137 +/- 14 pcm
  heu-met-fast-020_case-2 -- seed 5/5 done in 98.3s: k=1.00137 +/- 0.00014
heu-met-fast-020_case-2: PASS -- k=1.00123+/-0.00009, delta=+123pcm, bound=+/-560pcm, 0.44sigma, 492.3s (5seed x 150b x 30i x 200000p) [40/375]
[7/341] heu-met-fast-021_case-2 starting (5seed x 150b x 30i x 200000p)
  heu-met-fast-021_case-2 -- seed 1/5 (seed=42) starting
  GPU: WMP payload = 0.0 KB (0 / 29 nuclides covered)
  GPU auto-refill: picked factor=3.48 for particles_per_batch=200000
  [GPU] batch    1/150 | k=0.90125  (inactive)
  [GPU] batch    2/150 | k=0.98540  (inactive)
  [GPU] batch    3/150 | k=0.99381  (inactive)
  [GPU] batch    4/150 | k=0.99916  (inactive)
  [GPU] batch    5/150 | k=0.99880  (inactive)
  [GPU] batch    6/150 | k=1.00016  (inactive)
  [GPU] batch    7/150 | k=1.00078  (inactive)
  [GPU] batch    8/150 | k=1.00054  (inactive)
  [GPU] batch    9/150 | k=1.00161  (inactive)
  [GPU] batch   10/150 | k=1.00035  (inactive)
  [GPU] batch   11/150 | k=1.00067  (inactive)
  [GPU] batch   12/150 | k=0.99897  (inactive)
  [GPU] batch   13/150 | k=0.99982  (inactive)
  [GPU] batch   14/150 | k=1.00218  (inactive)
  [GPU] batch   15/150 | k=1.00009  (inactive)
  [GPU] batch   16/150 | k=1.00215  (inactive)
  [GPU] batch   17/150 | k=1.00234  (inactive)
  [GPU] batch   18/150 | k=1.00052  (inactive)
  [GPU] batch   19/150 | k=1.00145  (inactive)
  [GPU] batch   20/150 | k=0.99979  (inactive)
  [GPU] batch   21/150 | k=1.00006  (inactive)
  [GPU] batch   22/150 | k=1.00100  (inactive)
  [GPU] batch   23/150 | k=0.99973  (inactive)
  [GPU] batch   24/150 | k=0.99962  (inactive)
  [GPU] batch   25/150 | k=1.00116  (inactive)
  [GPU] batch   26/150 | k=1.00078  (inactive)
  [GPU] batch   27/150 | k=1.00268  (inactive)
  [GPU] batch   28/150 | k=0.99932  (inactive)
  [GPU] batch   29/150 | k=1.00035  (inactive)
  [GPU] batch   30/150 | k=1.00327  (inactive)
  [GPU] batch   31/150 | k=1.00356  (1st active)
  [GPU] batch   32/150 | k=0.99867  <k>=1.00111 +/- 245 pcm
  [GPU] batch   33/150 | k=1.00085  <k>=1.00102 +/- 142 pcm
  [GPU] batch   34/150 | k=1.00007  <k>=1.00079 +/- 103 pcm
  [GPU] batch   35/150 | k=0.99914  <k>=1.00046 +/- 86 pcm
  [GPU] batch   36/150 | k=1.00208  <k>=1.00073 +/- 75 pcm
  [GPU] batch   37/150 | k=1.00051  <k>=1.00069 +/- 64 pcm
  [GPU] batch   38/150 | k=1.00014  <k>=1.00063 +/- 56 pcm
  [GPU] batch   39/150 | k=1.00276  <k>=1.00086 +/- 55 pcm
  [GPU] batch   40/150 | k=1.00103  <k>=1.00088 +/- 49 pcm
  [GPU] batch   41/150 | k=1.00168  <k>=1.00095 +/- 45 pcm
  [GPU] batch   42/150 | k=0.99854  <k>=1.00075 +/- 46 pcm
  [GPU] batch   43/150 | k=0.99843  <k>=1.00057 +/- 46 pcm
  [GPU] batch   44/150 | k=1.00140  <k>=1.00063 +/- 43 pcm
  [GPU] batch   45/150 | k=1.00254  <k>=1.00076 +/- 42 pcm
  [GPU] batch   46/150 | k=0.99920  <k>=1.00066 +/- 40 pcm
  [GPU] batch   47/150 | k=1.00203  <k>=1.00074 +/- 39 pcm
  [GPU] batch   48/150 | k=0.99911  <k>=1.00065 +/- 37 pcm
  [GPU] batch   49/150 | k=1.00038  <k>=1.00064 +/- 35 pcm
  [GPU] batch   50/150 | k=1.00171  <k>=1.00069 +/- 34 pcm
  [GPU] batch   51/150 | k=1.00213  <k>=1.00076 +/- 33 pcm
  [GPU] batch   52/150 | k=1.00107  <k>=1.00077 +/- 32 pcm
  [GPU] batch   53/150 | k=1.00219  <k>=1.00084 +/- 31 pcm
  [GPU] batch   54/150 | k=1.00395  <k>=1.00096 +/- 32 pcm
  [GPU] batch   55/150 | k=1.00238  <k>=1.00102 +/- 31 pcm
  [GPU] batch   56/150 | k=1.00183  <k>=1.00105 +/- 30 pcm
  [GPU] batch   57/150 | k=1.00351  <k>=1.00114 +/- 31 pcm
  [GPU] batch   58/150 | k=1.00133  <k>=1.00115 +/- 30 pcm
  [GPU] batch   59/150 | k=1.00004  <k>=1.00111 +/- 29 pcm
  [GPU] batch   60/150 | k=1.00185  <k>=1.00114 +/- 28 pcm
  [GPU] batch   61/150 | k=1.00275  <k>=1.00119 +/- 27 pcm
  [GPU] batch   62/150 | k=1.00022  <k>=1.00116 +/- 27 pcm
  [GPU] batch   63/150 | k=0.99939  <k>=1.00110 +/- 26 pcm
  [GPU] batch   64/150 | k=1.00116  <k>=1.00111 +/- 26 pcm
  [GPU] batch   65/150 | k=1.00136  <k>=1.00111 +/- 25 pcm
  [GPU] batch   66/150 | k=1.00115  <k>=1.00111 +/- 24 pcm
  [GPU] batch   67/150 | k=0.99971  <k>=1.00108 +/- 24 pcm
  [GPU] batch   68/150 | k=1.00147  <k>=1.00109 +/- 23 pcm
  [GPU] batch   69/150 | k=1.00165  <k>=1.00110 +/- 23 pcm
  [GPU] batch   70/150 | k=1.00104  <k>=1.00110 +/- 22 pcm
  [GPU] batch   71/150 | k=1.00055  <k>=1.00109 +/- 22 pcm
  [GPU] batch   72/150 | k=1.00157  <k>=1.00110 +/- 21 pcm
  [GPU] batch   73/150 | k=0.99924  <k>=1.00105 +/- 21 pcm
  [GPU] batch   74/150 | k=1.00158  <k>=1.00107 +/- 21 pcm
  [GPU] batch   75/150 | k=0.99865  <k>=1.00101 +/- 21 pcm
  [GPU] batch   76/150 | k=0.99984  <k>=1.00099 +/- 21 pcm
  [GPU] batch   77/150 | k=1.00010  <k>=1.00097 +/- 20 pcm
  [GPU] batch   78/150 | k=1.00183  <k>=1.00099 +/- 20 pcm
  [GPU] batch   79/150 | k=0.99960  <k>=1.00096 +/- 20 pcm
  [GPU] batch   80/150 | k=0.99993  <k>=1.00094 +/- 19 pcm
  [GPU] batch   81/150 | k=1.00215  <k>=1.00096 +/- 19 pcm
  [GPU] batch   82/150 | k=1.00181  <k>=1.00098 +/- 19 pcm
  [GPU] batch   83/150 | k=1.00204  <k>=1.00100 +/- 19 pcm
  [GPU] batch   84/150 | k=1.00013  <k>=1.00098 +/- 18 pcm
  [GPU] batch   85/150 | k=1.00087  <k>=1.00098 +/- 18 pcm
  [GPU] batch   86/150 | k=1.00006  <k>=1.00096 +/- 18 pcm
  [GPU] batch   87/150 | k=1.00116  <k>=1.00097 +/- 17 pcm
  [GPU] batch   88/150 | k=1.00175  <k>=1.00098 +/- 17 pcm
  [GPU] batch   89/150 | k=1.00108  <k>=1.00098 +/- 17 pcm
  [GPU] batch   90/150 | k=1.00106  <k>=1.00098 +/- 17 pcm
  [GPU] batch   91/150 | k=0.99951  <k>=1.00096 +/- 16 pcm
  [GPU] batch   92/150 | k=0.99786  <k>=1.00091 +/- 17 pcm
  [GPU] batch   93/150 | k=0.99937  <k>=1.00089 +/- 17 pcm
  [GPU] batch   94/150 | k=1.00280  <k>=1.00092 +/- 17 pcm
  [GPU] batch   95/150 | k=0.99834  <k>=1.00088 +/- 17 pcm
  [GPU] batch   96/150 | k=1.00139  <k>=1.00088 +/- 17 pcm
  [GPU] batch   97/150 | k=1.00066  <k>=1.00088 +/- 17 pcm
  [GPU] batch   98/150 | k=1.00145  <k>=1.00089 +/- 16 pcm
  [GPU] batch   99/150 | k=1.00132  <k>=1.00089 +/- 16 pcm
  [GPU] batch  100/150 | k=1.00333  <k>=1.00093 +/- 16 pcm
  [GPU] batch  101/150 | k=1.00061  <k>=1.00092 +/- 16 pcm
  [GPU] batch  102/150 | k=1.00085  <k>=1.00092 +/- 16 pcm
  [GPU] batch  103/150 | k=0.99871  <k>=1.00089 +/- 16 pcm
  [GPU] batch  104/150 | k=1.00221  <k>=1.00091 +/- 16 pcm
  [GPU] batch  105/150 | k=0.99960  <k>=1.00089 +/- 16 pcm
  [GPU] batch  106/150 | k=1.00255  <k>=1.00092 +/- 16 pcm
  [GPU] batch  107/150 | k=0.99738  <k>=1.00087 +/- 16 pcm
  [GPU] batch  108/150 | k=1.00180  <k>=1.00088 +/- 16 pcm
  [GPU] batch  109/150 | k=0.99911  <k>=1.00086 +/- 16 pcm
  [GPU] batch  110/150 | k=1.00232  <k>=1.00088 +/- 16 pcm
  [GPU] batch  111/150 | k=1.00034  <k>=1.00087 +/- 16 pcm
  [GPU] batch  112/150 | k=0.99927  <k>=1.00085 +/- 16 pcm
  [GPU] batch  113/150 | k=1.00258  <k>=1.00087 +/- 15 pcm
  [GPU] batch  114/150 | k=1.00038  <k>=1.00087 +/- 15 pcm
  [GPU] batch  115/150 | k=1.00240  <k>=1.00088 +/- 15 pcm
  [GPU] batch  116/150 | k=0.99968  <k>=1.00087 +/- 15 pcm
  [GPU] batch  117/150 | k=1.00277  <k>=1.00089 +/- 15 pcm
  [GPU] batch  118/150 | k=1.00232  <k>=1.00091 +/- 15 pcm
  [GPU] batch  119/150 | k=1.00102  <k>=1.00091 +/- 15 pcm
  [GPU] batch  120/150 | k=1.00169  <k>=1.00092 +/- 15 pcm
  [GPU] batch  121/150 | k=0.99984  <k>=1.00091 +/- 15 pcm
  [GPU] batch  122/150 | k=1.00109  <k>=1.00091 +/- 14 pcm
  [GPU] batch  123/150 | k=1.00232  <k>=1.00092 +/- 14 pcm
  [GPU] batch  124/150 | k=0.99855  <k>=1.00090 +/- 14 pcm
  [GPU] batch  125/150 | k=0.99953  <k>=1.00088 +/- 14 pcm
  [GPU] batch  126/150 | k=1.00086  <k>=1.00088 +/- 14 pcm
  [GPU] batch  127/150 | k=1.00093  <k>=1.00088 +/- 14 pcm
  [GPU] batch  128/150 | k=1.00359  <k>=1.00091 +/- 14 pcm
  [GPU] batch  129/150 | k=0.99954  <k>=1.00090 +/- 14 pcm
  [GPU] batch  130/150 | k=1.00101  <k>=1.00090 +/- 14 pcm
  [GPU] batch  131/150 | k=1.00264  <k>=1.00092 +/- 14 pcm
  [GPU] batch  132/150 | k=1.00074  <k>=1.00091 +/- 14 pcm
  [GPU] batch  133/150 | k=1.00129  <k>=1.00092 +/- 14 pcm
  [GPU] batch  134/150 | k=1.00033  <k>=1.00091 +/- 14 pcm
  [GPU] batch  135/150 | k=1.00208  <k>=1.00092 +/- 13 pcm
  [GPU] batch  136/150 | k=1.00354  <k>=1.00095 +/- 14 pcm
  [GPU] batch  137/150 | k=1.00034  <k>=1.00094 +/- 13 pcm
  [GPU] batch  138/150 | k=1.00182  <k>=1.00095 +/- 13 pcm
  [GPU] batch  139/150 | k=1.00043  <k>=1.00095 +/- 13 pcm
  [GPU] batch  140/150 | k=1.00093  <k>=1.00095 +/- 13 pcm
  [GPU] batch  141/150 | k=1.00372  <k>=1.00097 +/- 13 pcm
  [GPU] batch  142/150 | k=1.00106  <k>=1.00097 +/- 13 pcm
  [GPU] batch  143/150 | k=0.99866  <k>=1.00095 +/- 13 pcm
  [GPU] batch  144/150 | k=1.00025  <k>=1.00095 +/- 13 pcm
  [GPU] batch  145/150 | k=0.99941  <k>=1.00093 +/- 13 pcm
  [GPU] batch  146/150 | k=1.00260  <k>=1.00095 +/- 13 pcm
  [GPU] batch  147/150 | k=1.00249  <k>=1.00096 +/- 13 pcm
  [GPU] batch  148/150 | k=0.99950  <k>=1.00095 +/- 13 pcm
  [GPU] batch  149/150 | k=1.00334  <k>=1.00097 +/- 13 pcm
  [GPU] batch  150/150 | k=1.00385  <k>=1.00099 +/- 13 pcm
  heu-met-fast-021_case-2 -- seed 1/5 done in 228.7s: k=1.00099 +/- 0.00013
  heu-met-fast-021_case-2 -- seed 2/5 (seed=43) starting
  GPU: WMP payload = 0.0 KB (0 / 29 nuclides covered)
  GPU auto-refill: picked factor=3.48 for particles_per_batch=200000
  [GPU] batch    1/150 | k=0.90114  (inactive)
  [GPU] batch    2/150 | k=0.98536  (inactive)
  [GPU] batch    3/150 | k=0.99460  (inactive)
  [GPU] batch    4/150 | k=1.00295  (inactive)
  [GPU] batch    5/150 | k=0.99929  (inactive)
  [GPU] batch    6/150 | k=0.99849  (inactive)
  [GPU] batch    7/150 | k=1.00073  (inactive)
  [GPU] batch    8/150 | k=0.99881  (inactive)
  [GPU] batch    9/150 | k=1.00280  (inactive)
  [GPU] batch   10/150 | k=1.00312  (inactive)
  [GPU] batch   11/150 | k=1.00138  (inactive)
  [GPU] batch   12/150 | k=1.00081  (inactive)
  [GPU] batch   13/150 | k=1.00413  (inactive)
  [GPU] batch   14/150 | k=1.00235  (inactive)
  [GPU] batch   15/150 | k=1.00125  (inactive)
  [GPU] batch   16/150 | k=1.00205  (inactive)
  [GPU] batch   17/150 | k=1.00110  (inactive)
  [GPU] batch   18/150 | k=1.00223  (inactive)
  [GPU] batch   19/150 | k=0.99982  (inactive)
  [GPU] batch   20/150 | k=1.00190  (inactive)
  [GPU] batch   21/150 | k=0.99955  (inactive)
  [GPU] batch   22/150 | k=0.99922  (inactive)
  [GPU] batch   23/150 | k=1.00052  (inactive)
  [GPU] batch   24/150 | k=1.00213  (inactive)
  [GPU] batch   25/150 | k=1.00246  (inactive)
  [GPU] batch   26/150 | k=1.00034  (inactive)
  [GPU] batch   27/150 | k=0.99992  (inactive)
  [GPU] batch   28/150 | k=1.00326  (inactive)
  [GPU] batch   29/150 | k=1.00126  (inactive)
  [GPU] batch   30/150 | k=0.99939  (inactive)
  [GPU] batch   31/150 | k=1.00120  (1st active)
  [GPU] batch   32/150 | k=1.00039  <k>=1.00080 +/- 40 pcm
  [GPU] batch   33/150 | k=1.00142  <k>=1.00100 +/- 31 pcm
  [GPU] batch   34/150 | k=1.00376  <k>=1.00169 +/- 72 pcm
  [GPU] batch   35/150 | k=1.00034  <k>=1.00142 +/- 62 pcm
  [GPU] batch   36/150 | k=1.00134  <k>=1.00141 +/- 51 pcm
  [GPU] batch   37/150 | k=1.00101  <k>=1.00135 +/- 43 pcm
  [GPU] batch   38/150 | k=1.00110  <k>=1.00132 +/- 38 pcm
  [GPU] batch   39/150 | k=0.99941  <k>=1.00111 +/- 39 pcm
  [GPU] batch   40/150 | k=0.99936  <k>=1.00093 +/- 39 pcm
  [GPU] batch   41/150 | k=1.00260  <k>=1.00108 +/- 39 pcm
  [GPU] batch   42/150 | k=1.00101  <k>=1.00108 +/- 35 pcm
  [GPU] batch   43/150 | k=1.00169  <k>=1.00112 +/- 33 pcm
  [GPU] batch   44/150 | k=1.00064  <k>=1.00109 +/- 31 pcm
  [GPU] batch   45/150 | k=1.00185  <k>=1.00114 +/- 29 pcm
  [GPU] batch   46/150 | k=1.00248  <k>=1.00123 +/- 28 pcm
  [GPU] batch   47/150 | k=1.00267  <k>=1.00131 +/- 28 pcm
  [GPU] batch   48/150 | k=1.00202  <k>=1.00135 +/- 27 pcm
  [GPU] batch   49/150 | k=0.99895  <k>=1.00122 +/- 28 pcm
  [GPU] batch   50/150 | k=1.00127  <k>=1.00123 +/- 27 pcm
  [GPU] batch   51/150 | k=1.00075  <k>=1.00120 +/- 26 pcm
  [GPU] batch   52/150 | k=0.99913  <k>=1.00111 +/- 26 pcm
  [GPU] batch   53/150 | k=1.00003  <k>=1.00106 +/- 25 pcm
  [GPU] batch   54/150 | k=1.00249  <k>=1.00112 +/- 25 pcm
  [GPU] batch   55/150 | k=1.00461  <k>=1.00126 +/- 28 pcm
  [GPU] batch   56/150 | k=1.00047  <k>=1.00123 +/- 27 pcm
  [GPU] batch   57/150 | k=1.00190  <k>=1.00126 +/- 26 pcm
  [GPU] batch   58/150 | k=1.00169  <k>=1.00127 +/- 25 pcm
  [GPU] batch   59/150 | k=0.99968  <k>=1.00122 +/- 25 pcm
  [GPU] batch   60/150 | k=1.00083  <k>=1.00120 +/- 24 pcm
  [GPU] batch   61/150 | k=1.00179  <k>=1.00122 +/- 23 pcm
  [GPU] batch   62/150 | k=0.99963  <k>=1.00117 +/- 23 pcm
  [GPU] batch   63/150 | k=1.00189  <k>=1.00119 +/- 22 pcm
  [GPU] batch   64/150 | k=1.00008  <k>=1.00116 +/- 22 pcm
  [GPU] batch   65/150 | k=1.00368  <k>=1.00123 +/- 23 pcm
  [GPU] batch   66/150 | k=0.99949  <k>=1.00118 +/- 22 pcm
  [GPU] batch   67/150 | k=1.00181  <k>=1.00120 +/- 22 pcm
  [GPU] batch   68/150 | k=1.00315  <k>=1.00125 +/- 22 pcm
  [GPU] batch   69/150 | k=1.00217  <k>=1.00128 +/- 22 pcm
  [GPU] batch   70/150 | k=1.00151  <k>=1.00128 +/- 21 pcm
  [GPU] batch   71/150 | k=1.00105  <k>=1.00128 +/- 20 pcm
  [GPU] batch   72/150 | k=0.99902  <k>=1.00122 +/- 21 pcm
  [GPU] batch   73/150 | k=1.00086  <k>=1.00121 +/- 20 pcm
  [GPU] batch   74/150 | k=0.99936  <k>=1.00117 +/- 20 pcm
  [GPU] batch   75/150 | k=0.99791  <k>=1.00110 +/- 21 pcm
  [GPU] batch   76/150 | k=0.99923  <k>=1.00106 +/- 21 pcm
  [GPU] batch   77/150 | k=1.00305  <k>=1.00110 +/- 21 pcm
  [GPU] batch   78/150 | k=0.99956  <k>=1.00107 +/- 21 pcm
  [GPU] batch   79/150 | k=0.99895  <k>=1.00103 +/- 21 pcm
  [GPU] batch   80/150 | k=1.00078  <k>=1.00102 +/- 20 pcm
  [GPU] batch   81/150 | k=1.00242  <k>=1.00105 +/- 20 pcm
  [GPU] batch   82/150 | k=1.00178  <k>=1.00106 +/- 20 pcm
  [GPU] batch   83/150 | k=1.00241  <k>=1.00109 +/- 20 pcm
  [GPU] batch   84/150 | k=1.00238  <k>=1.00111 +/- 19 pcm
  [GPU] batch   85/150 | k=1.00197  <k>=1.00113 +/- 19 pcm
  [GPU] batch   86/150 | k=1.00138  <k>=1.00113 +/- 19 pcm
  [GPU] batch   87/150 | k=1.00102  <k>=1.00113 +/- 18 pcm
  [GPU] batch   88/150 | k=1.00193  <k>=1.00114 +/- 18 pcm
  [GPU] batch   89/150 | k=1.00123  <k>=1.00114 +/- 18 pcm
  [GPU] batch   90/150 | k=0.99866  <k>=1.00110 +/- 18 pcm
  [GPU] batch   91/150 | k=1.00187  <k>=1.00112 +/- 18 pcm
  [GPU] batch   92/150 | k=0.99914  <k>=1.00108 +/- 18 pcm
  [GPU] batch   93/150 | k=1.00291  <k>=1.00111 +/- 18 pcm
  [GPU] batch   94/150 | k=1.00217  <k>=1.00113 +/- 18 pcm
  [GPU] batch   95/150 | k=1.00286  <k>=1.00116 +/- 17 pcm
  [GPU] batch   96/150 | k=1.00367  <k>=1.00119 +/- 18 pcm
  [GPU] batch   97/150 | k=1.00241  <k>=1.00121 +/- 17 pcm
  [GPU] batch   98/150 | k=1.00046  <k>=1.00120 +/- 17 pcm
  [GPU] batch   99/150 | k=1.00260  <k>=1.00122 +/- 17 pcm
  [GPU] batch  100/150 | k=1.00036  <k>=1.00121 +/- 17 pcm
  [GPU] batch  101/150 | k=1.00119  <k>=1.00121 +/- 17 pcm
  [GPU] batch  102/150 | k=0.99999  <k>=1.00119 +/- 16 pcm
  [GPU] batch  103/150 | k=1.00087  <k>=1.00119 +/- 16 pcm
  [GPU] batch  104/150 | k=1.00160  <k>=1.00119 +/- 16 pcm
  [GPU] batch  105/150 | k=0.99937  <k>=1.00117 +/- 16 pcm
  [GPU] batch  106/150 | k=0.99913  <k>=1.00114 +/- 16 pcm
  [GPU] batch  107/150 | k=1.00071  <k>=1.00114 +/- 16 pcm
  [GPU] batch  108/150 | k=1.00156  <k>=1.00114 +/- 16 pcm
  [GPU] batch  109/150 | k=0.99966  <k>=1.00112 +/- 16 pcm
  [GPU] batch  110/150 | k=1.00154  <k>=1.00113 +/- 15 pcm
  [GPU] batch  111/150 | k=1.00033  <k>=1.00112 +/- 15 pcm
  [GPU] batch  112/150 | k=0.99754  <k>=1.00108 +/- 16 pcm
  [GPU] batch  113/150 | k=1.00053  <k>=1.00107 +/- 15 pcm
  [GPU] batch  114/150 | k=0.99882  <k>=1.00104 +/- 16 pcm
  [GPU] batch  115/150 | k=1.00002  <k>=1.00103 +/- 15 pcm
  [GPU] batch  116/150 | k=1.00336  <k>=1.00106 +/- 15 pcm
  [GPU] batch  117/150 | k=0.99953  <k>=1.00104 +/- 15 pcm
  [GPU] batch  118/150 | k=0.99976  <k>=1.00102 +/- 15 pcm
  [GPU] batch  119/150 | k=1.00042  <k>=1.00102 +/- 15 pcm
  [GPU] batch  120/150 | k=0.99960  <k>=1.00100 +/- 15 pcm
  [GPU] batch  121/150 | k=1.00225  <k>=1.00102 +/- 15 pcm
  [GPU] batch  122/150 | k=0.99895  <k>=1.00099 +/- 15 pcm
  [GPU] batch  123/150 | k=1.00273  <k>=1.00101 +/- 15 pcm
  [GPU] batch  124/150 | k=1.00060  <k>=1.00101 +/- 15 pcm
  [GPU] batch  125/150 | k=0.99964  <k>=1.00099 +/- 15 pcm
  [GPU] batch  126/150 | k=1.00287  <k>=1.00101 +/- 15 pcm
  [GPU] batch  127/150 | k=1.00035  <k>=1.00101 +/- 14 pcm
  [GPU] batch  128/150 | k=0.99964  <k>=1.00099 +/- 14 pcm
  [GPU] batch  129/150 | k=1.00184  <k>=1.00100 +/- 14 pcm
  [GPU] batch  130/150 | k=1.00254  <k>=1.00102 +/- 14 pcm
  [GPU] batch  131/150 | k=1.00199  <k>=1.00103 +/- 14 pcm
  [GPU] batch  132/150 | k=1.00098  <k>=1.00103 +/- 14 pcm
  [GPU] batch  133/150 | k=0.99954  <k>=1.00101 +/- 14 pcm
  [GPU] batch  134/150 | k=1.00205  <k>=1.00102 +/- 14 pcm
  [GPU] batch  135/150 | k=1.00104  <k>=1.00102 +/- 14 pcm
  [GPU] batch  136/150 | k=1.00024  <k>=1.00101 +/- 14 pcm
  [GPU] batch  137/150 | k=1.00090  <k>=1.00101 +/- 13 pcm
  [GPU] batch  138/150 | k=1.00189  <k>=1.00102 +/- 13 pcm
  [GPU] batch  139/150 | k=1.00141  <k>=1.00102 +/- 13 pcm
  [GPU] batch  140/150 | k=1.00228  <k>=1.00104 +/- 13 pcm
  [GPU] batch  141/150 | k=0.99932  <k>=1.00102 +/- 13 pcm
  [GPU] batch  142/150 | k=0.99879  <k>=1.00100 +/- 13 pcm
  [GPU] batch  143/150 | k=0.99911  <k>=1.00098 +/- 13 pcm
  [GPU] batch  144/150 | k=1.00318  <k>=1.00100 +/- 13 pcm
  [GPU] batch  145/150 | k=0.99863  <k>=1.00098 +/- 13 pcm
  [GPU] batch  146/150 | k=1.00062  <k>=1.00098 +/- 13 pcm
  [GPU] batch  147/150 | k=1.00019  <k>=1.00097 +/- 13 pcm
  [GPU] batch  148/150 | k=0.99953  <k>=1.00096 +/- 13 pcm
  [GPU] batch  149/150 | k=1.00220  <k>=1.00097 +/- 13 pcm
  [GPU] batch  150/150 | k=1.00042  <k>=1.00097 +/- 13 pcm
  heu-met-fast-021_case-2 -- seed 2/5 done in 228.7s: k=1.00097 +/- 0.00013
  heu-met-fast-021_case-2 -- seed 3/5 (seed=44) starting
  GPU: WMP payload = 0.0 KB (0 / 29 nuclides covered)
  GPU auto-refill: picked factor=3.48 for particles_per_batch=200000
  [GPU] batch    1/150 | k=0.90041  (inactive)
  [GPU] batch    2/150 | k=0.98325  (inactive)
  [GPU] batch    3/150 | k=0.99442  (inactive)
  [GPU] batch    4/150 | k=0.99923  (inactive)
  [GPU] batch    5/150 | k=1.00005  (inactive)
  [GPU] batch    6/150 | k=1.00027  (inactive)
  [GPU] batch    7/150 | k=1.00303  (inactive)
  [GPU] batch    8/150 | k=1.00284  (inactive)
  [GPU] batch    9/150 | k=0.99961  (inactive)
  [GPU] batch   10/150 | k=1.00215  (inactive)
  [GPU] batch   11/150 | k=1.00116  (inactive)
  [GPU] batch   12/150 | k=1.00092  (inactive)
  [GPU] batch   13/150 | k=1.00068  (inactive)
  [GPU] batch   14/150 | k=0.99810  (inactive)
  [GPU] batch   15/150 | k=1.00054  (inactive)
  [GPU] batch   16/150 | k=1.00006  (inactive)
  [GPU] batch   17/150 | k=1.00228  (inactive)
  [GPU] batch   18/150 | k=1.00080  (inactive)
  [GPU] batch   19/150 | k=1.00155  (inactive)
  [GPU] batch   20/150 | k=1.00051  (inactive)
  [GPU] batch   21/150 | k=0.99886  (inactive)
  [GPU] batch   22/150 | k=0.99949  (inactive)
  [GPU] batch   23/150 | k=1.00077  (inactive)
  [GPU] batch   24/150 | k=1.00056  (inactive)
  [GPU] batch   25/150 | k=0.99871  (inactive)
  [GPU] batch   26/150 | k=1.00040  (inactive)
  [GPU] batch   27/150 | k=1.00277  (inactive)
  [GPU] batch   28/150 | k=1.00304  (inactive)
  [GPU] batch   29/150 | k=1.00010  (inactive)
  [GPU] batch   30/150 | k=1.00091  (inactive)
  [GPU] batch   31/150 | k=1.00203  (1st active)
  [GPU] batch   32/150 | k=1.00222  <k>=1.00213 +/- 10 pcm
  [GPU] batch   33/150 | k=1.00118  <k>=1.00181 +/- 32 pcm
  [GPU] batch   34/150 | k=1.00278  <k>=1.00205 +/- 33 pcm
  [GPU] batch   35/150 | k=1.00146  <k>=1.00194 +/- 28 pcm
  [GPU] batch   36/150 | k=1.00136  <k>=1.00184 +/- 25 pcm
  [GPU] batch   37/150 | k=1.00103  <k>=1.00172 +/- 24 pcm
  [GPU] batch   38/150 | k=1.00102  <k>=1.00164 +/- 23 pcm
  [GPU] batch   39/150 | k=1.00095  <k>=1.00156 +/- 21 pcm
  [GPU] batch   40/150 | k=1.00257  <k>=1.00166 +/- 22 pcm
  [GPU] batch   41/150 | k=1.00225  <k>=1.00171 +/- 20 pcm
  [GPU] batch   42/150 | k=1.00073  <k>=1.00163 +/- 20 pcm
  [GPU] batch   43/150 | k=1.00121  <k>=1.00160 +/- 19 pcm
  [GPU] batch   44/150 | k=1.00261  <k>=1.00167 +/- 19 pcm
  [GPU] batch   45/150 | k=1.00109  <k>=1.00163 +/- 18 pcm
  [GPU] batch   46/150 | k=1.00062  <k>=1.00157 +/- 18 pcm
  [GPU] batch   47/150 | k=1.00041  <k>=1.00150 +/- 18 pcm
  [GPU] batch   48/150 | k=1.00007  <k>=1.00142 +/- 19 pcm
  [GPU] batch   49/150 | k=1.00195  <k>=1.00145 +/- 18 pcm
  [GPU] batch   50/150 | k=0.99950  <k>=1.00135 +/- 20 pcm
  [GPU] batch   51/150 | k=1.00075  <k>=1.00132 +/- 19 pcm
  [GPU] batch   52/150 | k=1.00222  <k>=1.00136 +/- 19 pcm
  [GPU] batch   53/150 | k=1.00145  <k>=1.00137 +/- 18 pcm
  [GPU] batch   54/150 | k=1.00120  <k>=1.00136 +/- 17 pcm
  [GPU] batch   55/150 | k=1.00098  <k>=1.00135 +/- 16 pcm
  [GPU] batch   56/150 | k=1.00156  <k>=1.00135 +/- 16 pcm
  [GPU] batch   57/150 | k=1.00211  <k>=1.00138 +/- 15 pcm
  [GPU] batch   58/150 | k=1.00176  <k>=1.00140 +/- 15 pcm
  [GPU] batch   59/150 | k=1.00129  <k>=1.00139 +/- 14 pcm
  [GPU] batch   60/150 | k=1.00314  <k>=1.00145 +/- 15 pcm
  [GPU] batch   61/150 | k=1.00271  <k>=1.00149 +/- 15 pcm
  [GPU] batch   62/150 | k=1.00255  <k>=1.00152 +/- 15 pcm
  [GPU] batch   63/150 | k=1.00117  <k>=1.00151 +/- 15 pcm
  [GPU] batch   64/150 | k=1.00354  <k>=1.00157 +/- 15 pcm
  [GPU] batch   65/150 | k=1.00267  <k>=1.00160 +/- 15 pcm
  [GPU] batch   66/150 | k=1.00516  <k>=1.00170 +/- 18 pcm
  [GPU] batch   67/150 | k=1.00226  <k>=1.00172 +/- 17 pcm
  [GPU] batch   68/150 | k=1.00106  <k>=1.00170 +/- 17 pcm
  [GPU] batch   69/150 | k=1.00139  <k>=1.00169 +/- 17 pcm
  [GPU] batch   70/150 | k=1.00280  <k>=1.00172 +/- 16 pcm
  [GPU] batch   71/150 | k=1.00187  <k>=1.00172 +/- 16 pcm
  [GPU] batch   72/150 | k=0.99764  <k>=1.00163 +/- 18 pcm
  [GPU] batch   73/150 | k=0.99829  <k>=1.00155 +/- 20 pcm
  [GPU] batch   74/150 | k=0.99653  <k>=1.00144 +/- 22 pcm
  [GPU] batch   75/150 | k=0.99859  <k>=1.00137 +/- 23 pcm
  [GPU] batch   76/150 | k=1.00003  <k>=1.00134 +/- 22 pcm
  [GPU] batch   77/150 | k=1.00113  <k>=1.00134 +/- 22 pcm
  [GPU] batch   78/150 | k=1.00226  <k>=1.00136 +/- 22 pcm
  [GPU] batch   79/150 | k=1.00338  <k>=1.00140 +/- 21 pcm
  [GPU] batch   80/150 | k=1.00261  <k>=1.00142 +/- 21 pcm
  [GPU] batch   81/150 | k=1.00284  <k>=1.00145 +/- 21 pcm
  [GPU] batch   82/150 | k=1.00192  <k>=1.00146 +/- 21 pcm
  [GPU] batch   83/150 | k=1.00167  <k>=1.00146 +/- 20 pcm
  [GPU] batch   84/150 | k=1.00345  <k>=1.00150 +/- 20 pcm
  [GPU] batch   85/150 | k=0.99941  <k>=1.00146 +/- 20 pcm
  [GPU] batch   86/150 | k=1.00303  <k>=1.00149 +/- 20 pcm
  [GPU] batch   87/150 | k=1.00267  <k>=1.00151 +/- 20 pcm
  [GPU] batch   88/150 | k=1.00274  <k>=1.00153 +/- 19 pcm
  [GPU] batch   89/150 | k=1.00322  <k>=1.00156 +/- 19 pcm
  [GPU] batch   90/150 | k=1.00298  <k>=1.00158 +/- 19 pcm
  [GPU] batch   91/150 | k=1.00231  <k>=1.00160 +/- 19 pcm
  [GPU] batch   92/150 | k=1.00074  <k>=1.00158 +/- 19 pcm
  [GPU] batch   93/150 | k=1.00339  <k>=1.00161 +/- 19 pcm
  [GPU] batch   94/150 | k=1.00219  <k>=1.00162 +/- 18 pcm
  [GPU] batch   95/150 | k=1.00182  <k>=1.00162 +/- 18 pcm
  [GPU] batch   96/150 | k=1.00044  <k>=1.00161 +/- 18 pcm
  [GPU] batch   97/150 | k=1.00211  <k>=1.00161 +/- 18 pcm
  [GPU] batch   98/150 | k=1.00189  <k>=1.00162 +/- 17 pcm
  [GPU] batch   99/150 | k=1.00120  <k>=1.00161 +/- 17 pcm
  [GPU] batch  100/150 | k=1.00162  <k>=1.00161 +/- 17 pcm
  [GPU] batch  101/150 | k=1.00166  <k>=1.00161 +/- 17 pcm
  [GPU] batch  102/150 | k=1.00152  <k>=1.00161 +/- 16 pcm
  [GPU] batch  103/150 | k=0.99899  <k>=1.00157 +/- 17 pcm
  [GPU] batch  104/150 | k=1.00437  <k>=1.00161 +/- 17 pcm
  [GPU] batch  105/150 | k=0.99597  <k>=1.00154 +/- 18 pcm
  [GPU] batch  106/150 | k=1.00224  <k>=1.00155 +/- 18 pcm
  [GPU] batch  107/150 | k=0.99978  <k>=1.00152 +/- 18 pcm
  [GPU] batch  108/150 | k=1.00039  <k>=1.00151 +/- 18 pcm
  [GPU] batch  109/150 | k=0.99876  <k>=1.00147 +/- 18 pcm
  [GPU] batch  110/150 | k=1.00241  <k>=1.00149 +/- 18 pcm
  [GPU] batch  111/150 | k=1.00204  <k>=1.00149 +/- 17 pcm
  [GPU] batch  112/150 | k=1.00014  <k>=1.00148 +/- 17 pcm
  [GPU] batch  113/150 | k=1.00352  <k>=1.00150 +/- 17 pcm
  [GPU] batch  114/150 | k=1.00162  <k>=1.00150 +/- 17 pcm
  [GPU] batch  115/150 | k=1.00289  <k>=1.00152 +/- 17 pcm
  [GPU] batch  116/150 | k=1.00077  <k>=1.00151 +/- 17 pcm
  [GPU] batch  117/150 | k=0.99902  <k>=1.00148 +/- 17 pcm
  [GPU] batch  118/150 | k=1.00101  <k>=1.00148 +/- 17 pcm
  [GPU] batch  119/150 | k=0.99936  <k>=1.00145 +/- 17 pcm
  [GPU] batch  120/150 | k=1.00060  <k>=1.00144 +/- 16 pcm
  [GPU] batch  121/150 | k=0.99912  <k>=1.00142 +/- 16 pcm
  [GPU] batch  122/150 | k=1.00171  <k>=1.00142 +/- 16 pcm
  [GPU] batch  123/150 | k=0.99886  <k>=1.00139 +/- 16 pcm
  [GPU] batch  124/150 | k=1.00012  <k>=1.00138 +/- 16 pcm
  [GPU] batch  125/150 | k=1.00000  <k>=1.00136 +/- 16 pcm
  [GPU] batch  126/150 | k=0.99860  <k>=1.00134 +/- 16 pcm
  [GPU] batch  127/150 | k=1.00137  <k>=1.00134 +/- 16 pcm
  [GPU] batch  128/150 | k=0.99878  <k>=1.00131 +/- 16 pcm
  [GPU] batch  129/150 | k=1.00187  <k>=1.00132 +/- 16 pcm
  [GPU] batch  130/150 | k=1.00132  <k>=1.00132 +/- 16 pcm
  [GPU] batch  131/150 | k=1.00142  <k>=1.00132 +/- 16 pcm
  [GPU] batch  132/150 | k=0.99973  <k>=1.00130 +/- 16 pcm
  [GPU] batch  133/150 | k=1.00026  <k>=1.00129 +/- 15 pcm
  [GPU] batch  134/150 | k=1.00138  <k>=1.00129 +/- 15 pcm
  [GPU] batch  135/150 | k=1.00005  <k>=1.00128 +/- 15 pcm
  [GPU] batch  136/150 | k=1.00050  <k>=1.00127 +/- 15 pcm
  [GPU] batch  137/150 | k=1.00090  <k>=1.00127 +/- 15 pcm
  [GPU] batch  138/150 | k=0.99954  <k>=1.00125 +/- 15 pcm
  [GPU] batch  139/150 | k=1.00165  <k>=1.00126 +/- 15 pcm
  [GPU] batch  140/150 | k=0.99999  <k>=1.00125 +/- 15 pcm
  [GPU] batch  141/150 | k=1.00032  <k>=1.00124 +/- 15 pcm
  [GPU] batch  142/150 | k=1.00163  <k>=1.00124 +/- 14 pcm
  [GPU] batch  143/150 | k=1.00218  <k>=1.00125 +/- 14 pcm
  [GPU] batch  144/150 | k=1.00307  <k>=1.00127 +/- 14 pcm
  [GPU] batch  145/150 | k=1.00272  <k>=1.00128 +/- 14 pcm
  [GPU] batch  146/150 | k=0.99788  <k>=1.00125 +/- 14 pcm
  [GPU] batch  147/150 | k=0.99859  <k>=1.00123 +/- 14 pcm
  [GPU] batch  148/150 | k=0.99962  <k>=1.00121 +/- 14 pcm
  [GPU] batch  149/150 | k=1.00111  <k>=1.00121 +/- 14 pcm
  [GPU] batch  150/150 | k=1.00272  <k>=1.00122 +/- 14 pcm
  heu-met-fast-021_case-2 -- seed 3/5 done in 228.1s: k=1.00122 +/- 0.00014
  heu-met-fast-021_case-2 -- seed 4/5 (seed=45) starting
  GPU: WMP payload = 0.0 KB (0 / 29 nuclides covered)
  GPU auto-refill: picked factor=3.48 for particles_per_batch=200000
  [GPU] batch    1/150 | k=0.90063  (inactive)
  [GPU] batch    2/150 | k=0.98479  (inactive)
  [GPU] batch    3/150 | k=0.99785  (inactive)
  [GPU] batch    4/150 | k=0.99961  (inactive)
  [GPU] batch    5/150 | k=1.00137  (inactive)
  [GPU] batch    6/150 | k=0.99913  (inactive)
  [GPU] batch    7/150 | k=1.00026  (inactive)
  [GPU] batch    8/150 | k=0.99842  (inactive)
  [GPU] batch    9/150 | k=1.00163  (inactive)
  [GPU] batch   10/150 | k=0.99822  (inactive)
  [GPU] batch   11/150 | k=1.00150  (inactive)
  [GPU] batch   12/150 | k=1.00077  (inactive)
  [GPU] batch   13/150 | k=1.00067  (inactive)
  [GPU] batch   14/150 | k=0.99888  (inactive)
  [GPU] batch   15/150 | k=1.00346  (inactive)
  [GPU] batch   16/150 | k=1.00148  (inactive)
  [GPU] batch   17/150 | k=1.00131  (inactive)
  [GPU] batch   18/150 | k=1.00019  (inactive)
  [GPU] batch   19/150 | k=1.00068  (inactive)
  [GPU] batch   20/150 | k=1.00398  (inactive)
  [GPU] batch   21/150 | k=1.00310  (inactive)
  [GPU] batch   22/150 | k=1.00337  (inactive)
  [GPU] batch   23/150 | k=1.00119  (inactive)
  [GPU] batch   24/150 | k=1.00222  (inactive)
  [GPU] batch   25/150 | k=0.99849  (inactive)
  [GPU] batch   26/150 | k=1.00050  (inactive)
  [GPU] batch   27/150 | k=1.00215  (inactive)
  [GPU] batch   28/150 | k=1.00229  (inactive)
  [GPU] batch   29/150 | k=1.00373  (inactive)
  [GPU] batch   30/150 | k=1.00241  (inactive)
  [GPU] batch   31/150 | k=1.00063  (1st active)
  [GPU] batch   32/150 | k=1.00154  <k>=1.00109 +/- 46 pcm
  [GPU] batch   33/150 | k=1.00249  <k>=1.00156 +/- 54 pcm
  [GPU] batch   34/150 | k=0.99951  <k>=1.00104 +/- 64 pcm
  [GPU] batch   35/150 | k=0.99836  <k>=1.00051 +/- 73 pcm
  [GPU] batch   36/150 | k=1.00269  <k>=1.00087 +/- 70 pcm
  [GPU] batch   37/150 | k=1.00110  <k>=1.00090 +/- 59 pcm
  [GPU] batch   38/150 | k=1.00081  <k>=1.00089 +/- 51 pcm
  [GPU] batch   39/150 | k=1.00257  <k>=1.00108 +/- 49 pcm
  [GPU] batch   40/150 | k=1.00382  <k>=1.00135 +/- 52 pcm
  [GPU] batch   41/150 | k=0.99875  <k>=1.00112 +/- 52 pcm
  [GPU] batch   42/150 | k=1.00180  <k>=1.00117 +/- 48 pcm
  [GPU] batch   43/150 | k=1.00321  <k>=1.00133 +/- 47 pcm
  [GPU] batch   44/150 | k=1.00059  <k>=1.00128 +/- 44 pcm
  [GPU] batch   45/150 | k=1.00170  <k>=1.00131 +/- 41 pcm
  [GPU] batch   46/150 | k=0.99921  <k>=1.00117 +/- 40 pcm
  [GPU] batch   47/150 | k=1.00310  <k>=1.00129 +/- 40 pcm
  [GPU] batch   48/150 | k=1.00156  <k>=1.00130 +/- 37 pcm
  [GPU] batch   49/150 | k=1.00007  <k>=1.00124 +/- 36 pcm
  [GPU] batch   50/150 | k=1.00541  <k>=1.00145 +/- 40 pcm
  [GPU] batch   51/150 | k=1.00131  <k>=1.00144 +/- 38 pcm
  [GPU] batch   52/150 | k=1.00246  <k>=1.00149 +/- 37 pcm
  [GPU] batch   53/150 | k=1.00104  <k>=1.00147 +/- 35 pcm
  [GPU] batch   54/150 | k=1.00314  <k>=1.00154 +/- 34 pcm
  [GPU] batch   55/150 | k=0.99855  <k>=1.00142 +/- 35 pcm
  [GPU] batch   56/150 | k=1.00289  <k>=1.00147 +/- 34 pcm
  [GPU] batch   57/150 | k=1.00074  <k>=1.00145 +/- 33 pcm
  [GPU] batch   58/150 | k=1.00011  <k>=1.00140 +/- 32 pcm
  [GPU] batch   59/150 | k=1.00313  <k>=1.00146 +/- 31 pcm
  [GPU] batch   60/150 | k=1.00184  <k>=1.00147 +/- 30 pcm
  [GPU] batch   61/150 | k=1.00212  <k>=1.00149 +/- 29 pcm
  [GPU] batch   62/150 | k=0.99839  <k>=1.00140 +/- 30 pcm
  [GPU] batch   63/150 | k=0.99762  <k>=1.00128 +/- 31 pcm
  [GPU] batch   64/150 | k=1.00149  <k>=1.00129 +/- 30 pcm
  [GPU] batch   65/150 | k=1.00063  <k>=1.00127 +/- 30 pcm
  [GPU] batch   66/150 | k=1.00380  <k>=1.00134 +/- 30 pcm
  [GPU] batch   67/150 | k=1.00265  <k>=1.00137 +/- 29 pcm
  [GPU] batch   68/150 | k=1.00164  <k>=1.00138 +/- 28 pcm
  [GPU] batch   69/150 | k=1.00255  <k>=1.00141 +/- 28 pcm
  [GPU] batch   70/150 | k=1.00107  <k>=1.00140 +/- 27 pcm
  [GPU] batch   71/150 | k=0.99984  <k>=1.00136 +/- 27 pcm
  [GPU] batch   72/150 | k=1.00069  <k>=1.00135 +/- 26 pcm
  [GPU] batch   73/150 | k=1.00188  <k>=1.00136 +/- 25 pcm
  [GPU] batch   74/150 | k=1.00256  <k>=1.00139 +/- 25 pcm
  [GPU] batch   75/150 | k=1.00160  <k>=1.00139 +/- 24 pcm
  [GPU] batch   76/150 | k=1.00068  <k>=1.00138 +/- 24 pcm
  [GPU] batch   77/150 | k=1.00113  <k>=1.00137 +/- 23 pcm
  [GPU] batch   78/150 | k=1.00153  <k>=1.00138 +/- 23 pcm
  [GPU] batch   79/150 | k=1.00180  <k>=1.00138 +/- 23 pcm
  [GPU] batch   80/150 | k=1.00407  <k>=1.00144 +/- 23 pcm
  [GPU] batch   81/150 | k=1.00182  <k>=1.00145 +/- 22 pcm
  [GPU] batch   82/150 | k=1.00078  <k>=1.00143 +/- 22 pcm
  [GPU] batch   83/150 | k=0.99924  <k>=1.00139 +/- 22 pcm
  [GPU] batch   84/150 | k=1.00215  <k>=1.00140 +/- 21 pcm
  [GPU] batch   85/150 | k=1.00074  <k>=1.00139 +/- 21 pcm
  [GPU] batch   86/150 | k=1.00197  <k>=1.00140 +/- 21 pcm
  [GPU] batch   87/150 | k=1.00299  <k>=1.00143 +/- 21 pcm
  [GPU] batch   88/150 | k=1.00087  <k>=1.00142 +/- 20 pcm
  [GPU] batch   89/150 | k=1.00271  <k>=1.00144 +/- 20 pcm
  [GPU] batch   90/150 | k=1.00188  <k>=1.00145 +/- 20 pcm
  [GPU] batch   91/150 | k=1.00003  <k>=1.00143 +/- 20 pcm
  [GPU] batch   92/150 | k=1.00036  <k>=1.00141 +/- 19 pcm
  [GPU] batch   93/150 | k=1.00064  <k>=1.00140 +/- 19 pcm
  [GPU] batch   94/150 | k=0.99860  <k>=1.00135 +/- 19 pcm
  [GPU] batch   95/150 | k=1.00308  <k>=1.00138 +/- 19 pcm
  [GPU] batch   96/150 | k=0.99936  <k>=1.00135 +/- 19 pcm
  [GPU] batch   97/150 | k=1.00118  <k>=1.00135 +/- 19 pcm
  [GPU] batch   98/150 | k=1.00003  <k>=1.00133 +/- 19 pcm
  [GPU] batch   99/150 | k=0.99908  <k>=1.00130 +/- 19 pcm
  [GPU] batch  100/150 | k=1.00045  <k>=1.00128 +/- 18 pcm
  [GPU] batch  101/150 | k=1.00100  <k>=1.00128 +/- 18 pcm
  [GPU] batch  102/150 | k=0.99836  <k>=1.00124 +/- 18 pcm
  [GPU] batch  103/150 | k=1.00147  <k>=1.00124 +/- 18 pcm
  [GPU] batch  104/150 | k=0.99888  <k>=1.00121 +/- 18 pcm
  [GPU] batch  105/150 | k=0.99888  <k>=1.00118 +/- 18 pcm
  [GPU] batch  106/150 | k=1.00215  <k>=1.00119 +/- 18 pcm
  [GPU] batch  107/150 | k=1.00194  <k>=1.00120 +/- 18 pcm
  [GPU] batch  108/150 | k=1.00243  <k>=1.00122 +/- 18 pcm
  [GPU] batch  109/150 | k=1.00176  <k>=1.00122 +/- 17 pcm
  [GPU] batch  110/150 | k=1.00188  <k>=1.00123 +/- 17 pcm
  [GPU] batch  111/150 | k=1.00223  <k>=1.00124 +/- 17 pcm
  [GPU] batch  112/150 | k=0.99899  <k>=1.00122 +/- 17 pcm
  [GPU] batch  113/150 | k=1.00030  <k>=1.00121 +/- 17 pcm
  [GPU] batch  114/150 | k=1.00102  <k>=1.00120 +/- 17 pcm
  [GPU] batch  115/150 | k=1.00321  <k>=1.00123 +/- 17 pcm
  [GPU] batch  116/150 | k=0.99995  <k>=1.00121 +/- 16 pcm
  [GPU] batch  117/150 | k=1.00153  <k>=1.00122 +/- 16 pcm
  [GPU] batch  118/150 | k=1.00226  <k>=1.00123 +/- 16 pcm
  [GPU] batch  119/150 | k=0.99760  <k>=1.00119 +/- 16 pcm
  [GPU] batch  120/150 | k=0.99862  <k>=1.00116 +/- 17 pcm
  [GPU] batch  121/150 | k=1.00132  <k>=1.00116 +/- 16 pcm
  [GPU] batch  122/150 | k=1.00130  <k>=1.00116 +/- 16 pcm
  [GPU] batch  123/150 | k=1.00186  <k>=1.00117 +/- 16 pcm
  [GPU] batch  124/150 | k=1.00401  <k>=1.00120 +/- 16 pcm
  [GPU] batch  125/150 | k=1.00193  <k>=1.00121 +/- 16 pcm
  [GPU] batch  126/150 | k=1.00251  <k>=1.00122 +/- 16 pcm
  [GPU] batch  127/150 | k=1.00257  <k>=1.00124 +/- 16 pcm
  [GPU] batch  128/150 | k=1.00015  <k>=1.00122 +/- 16 pcm
  [GPU] batch  129/150 | k=0.99970  <k>=1.00121 +/- 16 pcm
  [GPU] batch  130/150 | k=1.00268  <k>=1.00122 +/- 15 pcm
  [GPU] batch  131/150 | k=0.99899  <k>=1.00120 +/- 16 pcm
  [GPU] batch  132/150 | k=0.99922  <k>=1.00118 +/- 15 pcm
  [GPU] batch  133/150 | k=1.00167  <k>=1.00119 +/- 15 pcm
  [GPU] batch  134/150 | k=1.00179  <k>=1.00119 +/- 15 pcm
  [GPU] batch  135/150 | k=0.99901  <k>=1.00117 +/- 15 pcm
  [GPU] batch  136/150 | k=1.00010  <k>=1.00116 +/- 15 pcm
  [GPU] batch  137/150 | k=1.00182  <k>=1.00117 +/- 15 pcm
  [GPU] batch  138/150 | k=1.00070  <k>=1.00116 +/- 15 pcm
  [GPU] batch  139/150 | k=1.00065  <k>=1.00116 +/- 15 pcm
  [GPU] batch  140/150 | k=1.00190  <k>=1.00117 +/- 15 pcm
  [GPU] batch  141/150 | k=1.00315  <k>=1.00118 +/- 15 pcm
  [GPU] batch  142/150 | k=1.00060  <k>=1.00118 +/- 14 pcm
  [GPU] batch  143/150 | k=0.99994  <k>=1.00117 +/- 14 pcm
  [GPU] batch  144/150 | k=1.00226  <k>=1.00118 +/- 14 pcm
  [GPU] batch  145/150 | k=1.00156  <k>=1.00118 +/- 14 pcm
  [GPU] batch  146/150 | k=0.99918  <k>=1.00116 +/- 14 pcm
  [GPU] batch  147/150 | k=0.99987  <k>=1.00115 +/- 14 pcm
  [GPU] batch  148/150 | k=1.00111  <k>=1.00115 +/- 14 pcm
  [GPU] batch  149/150 | k=0.99914  <k>=1.00113 +/- 14 pcm
  [GPU] batch  150/150 | k=1.00065  <k>=1.00113 +/- 14 pcm
  heu-met-fast-021_case-2 -- seed 4/5 done in 228.3s: k=1.00113 +/- 0.00014
  heu-met-fast-021_case-2 -- seed 5/5 (seed=46) starting
  GPU: WMP payload = 0.0 KB (0 / 29 nuclides covered)
  GPU auto-refill: picked factor=3.48 for particles_per_batch=200000
  [GPU] batch    1/150 | k=0.89959  (inactive)
  [GPU] batch    2/150 | k=0.98539  (inactive)
  [GPU] batch    3/150 | k=0.99644  (inactive)
  [GPU] batch    4/150 | k=0.99780  (inactive)
  [GPU] batch    5/150 | k=1.00015  (inactive)
  [GPU] batch    6/150 | k=1.00182  (inactive)
  [GPU] batch    7/150 | k=1.00003  (inactive)
  [GPU] batch    8/150 | k=1.00178  (inactive)
  [GPU] batch    9/150 | k=1.00234  (inactive)
  [GPU] batch   10/150 | k=1.00237  (inactive)
  [GPU] batch   11/150 | k=1.00155  (inactive)
  [GPU] batch   12/150 | k=0.99998  (inactive)
  [GPU] batch   13/150 | k=1.00150  (inactive)
  [GPU] batch   14/150 | k=1.00182  (inactive)
  [GPU] batch   15/150 | k=0.99912  (inactive)
  [GPU] batch   16/150 | k=1.00135  (inactive)
  [GPU] batch   17/150 | k=1.00336  (inactive)
  [GPU] batch   18/150 | k=0.99958  (inactive)
  [GPU] batch   19/150 | k=1.00201  (inactive)
  [GPU] batch   20/150 | k=0.99792  (inactive)
  [GPU] batch   21/150 | k=0.99983  (inactive)
  [GPU] batch   22/150 | k=0.99944  (inactive)
  [GPU] batch   23/150 | k=0.99956  (inactive)
  [GPU] batch   24/150 | k=1.00260  (inactive)
  [GPU] batch   25/150 | k=1.00070  (inactive)
  [GPU] batch   26/150 | k=1.00192  (inactive)
  [GPU] batch   27/150 | k=1.00061  (inactive)
  [GPU] batch   28/150 | k=0.99962  (inactive)
  [GPU] batch   29/150 | k=1.00055  (inactive)
  [GPU] batch   30/150 | k=1.00053  (inactive)
  [GPU] batch   31/150 | k=1.00106  (1st active)
  [GPU] batch   32/150 | k=1.00188  <k>=1.00147 +/- 41 pcm
  [GPU] batch   33/150 | k=0.99906  <k>=1.00066 +/- 84 pcm
  [GPU] batch   34/150 | k=1.00051  <k>=1.00063 +/- 59 pcm
  [GPU] batch   35/150 | k=1.00100  <k>=1.00070 +/- 47 pcm
  [GPU] batch   36/150 | k=1.00141  <k>=1.00082 +/- 40 pcm
  [GPU] batch   37/150 | k=1.00171  <k>=1.00095 +/- 36 pcm
  [GPU] batch   38/150 | k=1.00019  <k>=1.00085 +/- 33 pcm
  [GPU] batch   39/150 | k=1.00114  <k>=1.00088 +/- 29 pcm
  [GPU] batch   40/150 | k=1.00153  <k>=1.00095 +/- 27 pcm
  [GPU] batch   41/150 | k=1.00101  <k>=1.00095 +/- 24 pcm
  [GPU] batch   42/150 | k=1.00199  <k>=1.00104 +/- 24 pcm
  [GPU] batch   43/150 | k=0.99980  <k>=1.00094 +/- 24 pcm
  [GPU] batch   44/150 | k=1.00192  <k>=1.00101 +/- 23 pcm
  [GPU] batch   45/150 | k=1.00069  <k>=1.00099 +/- 22 pcm
  [GPU] batch   46/150 | k=1.00002  <k>=1.00093 +/- 21 pcm
  [GPU] batch   47/150 | k=1.00160  <k>=1.00097 +/- 20 pcm
  [GPU] batch   48/150 | k=1.00265  <k>=1.00106 +/- 21 pcm
  [GPU] batch   49/150 | k=0.99954  <k>=1.00098 +/- 22 pcm
  [GPU] batch   50/150 | k=1.00134  <k>=1.00100 +/- 21 pcm
  [GPU] batch   51/150 | k=1.00135  <k>=1.00102 +/- 20 pcm
  [GPU] batch   52/150 | k=1.00169  <k>=1.00105 +/- 19 pcm
  [GPU] batch   53/150 | k=1.00129  <k>=1.00106 +/- 18 pcm
  [GPU] batch   54/150 | k=1.00059  <k>=1.00104 +/- 17 pcm
  [GPU] batch   55/150 | k=0.99845  <k>=1.00094 +/- 20 pcm
  [GPU] batch   56/150 | k=1.00251  <k>=1.00100 +/- 20 pcm
  [GPU] batch   57/150 | k=1.00219  <k>=1.00104 +/- 20 pcm
  [GPU] batch   58/150 | k=1.00145  <k>=1.00106 +/- 19 pcm
  [GPU] batch   59/150 | k=1.00348  <k>=1.00114 +/- 20 pcm
  [GPU] batch   60/150 | k=1.00199  <k>=1.00117 +/- 20 pcm
  [GPU] batch   61/150 | k=1.00221  <k>=1.00120 +/- 19 pcm
  [GPU] batch   62/150 | k=1.00012  <k>=1.00117 +/- 19 pcm
  [GPU] batch   63/150 | k=1.00173  <k>=1.00118 +/- 18 pcm
  [GPU] batch   64/150 | k=1.00181  <k>=1.00120 +/- 18 pcm
  [GPU] batch   65/150 | k=0.99874  <k>=1.00113 +/- 19 pcm
  [GPU] batch   66/150 | k=1.00117  <k>=1.00113 +/- 18 pcm
  [GPU] batch   67/150 | k=1.00039  <k>=1.00111 +/- 18 pcm
  [GPU] batch   68/150 | k=1.00076  <k>=1.00110 +/- 17 pcm
  [GPU] batch   69/150 | k=0.99863  <k>=1.00104 +/- 18 pcm
  [GPU] batch   70/150 | k=1.00088  <k>=1.00104 +/- 18 pcm
  [GPU] batch   71/150 | k=1.00203  <k>=1.00106 +/- 17 pcm
  [GPU] batch   72/150 | k=0.99979  <k>=1.00103 +/- 17 pcm
  [GPU] batch   73/150 | k=1.00311  <k>=1.00108 +/- 18 pcm
  [GPU] batch   74/150 | k=1.00178  <k>=1.00109 +/- 17 pcm
  [GPU] batch   75/150 | k=1.00151  <k>=1.00110 +/- 17 pcm
  [GPU] batch   76/150 | k=1.00082  <k>=1.00110 +/- 17 pcm
  [GPU] batch   77/150 | k=1.00191  <k>=1.00112 +/- 16 pcm
  [GPU] batch   78/150 | k=1.00149  <k>=1.00112 +/- 16 pcm
  [GPU] batch   79/150 | k=1.00065  <k>=1.00111 +/- 16 pcm
  [GPU] batch   80/150 | k=1.00113  <k>=1.00111 +/- 15 pcm
  [GPU] batch   81/150 | k=1.00020  <k>=1.00110 +/- 15 pcm
  [GPU] batch   82/150 | k=1.00212  <k>=1.00112 +/- 15 pcm
  [GPU] batch   83/150 | k=1.00187  <k>=1.00113 +/- 15 pcm
  [GPU] batch   84/150 | k=0.99986  <k>=1.00111 +/- 15 pcm
  [GPU] batch   85/150 | k=1.00185  <k>=1.00112 +/- 14 pcm
  [GPU] batch   86/150 | k=1.00166  <k>=1.00113 +/- 14 pcm
  [GPU] batch   87/150 | k=0.99927  <k>=1.00110 +/- 14 pcm
  [GPU] batch   88/150 | k=0.99974  <k>=1.00107 +/- 14 pcm
  [GPU] batch   89/150 | k=0.99908  <k>=1.00104 +/- 14 pcm
  [GPU] batch   90/150 | k=1.00289  <k>=1.00107 +/- 15 pcm
  [GPU] batch   91/150 | k=1.00118  <k>=1.00107 +/- 14 pcm
  [GPU] batch   92/150 | k=0.99929  <k>=1.00104 +/- 14 pcm
  [GPU] batch   93/150 | k=1.00115  <k>=1.00105 +/- 14 pcm
  [GPU] batch   94/150 | k=1.00125  <k>=1.00105 +/- 14 pcm
  [GPU] batch   95/150 | k=1.00264  <k>=1.00107 +/- 14 pcm
  [GPU] batch   96/150 | k=1.00216  <k>=1.00109 +/- 14 pcm
  [GPU] batch   97/150 | k=1.00105  <k>=1.00109 +/- 14 pcm
  [GPU] batch   98/150 | k=1.00294  <k>=1.00112 +/- 14 pcm
  [GPU] batch   99/150 | k=0.99653  <k>=1.00105 +/- 15 pcm
  [GPU] batch  100/150 | k=1.00051  <k>=1.00104 +/- 15 pcm
  [GPU] batch  101/150 | k=1.00126  <k>=1.00104 +/- 15 pcm
  [GPU] batch  102/150 | k=0.99915  <k>=1.00102 +/- 15 pcm
  [GPU] batch  103/150 | k=0.99982  <k>=1.00100 +/- 15 pcm
  [GPU] batch  104/150 | k=1.00060  <k>=1.00100 +/- 14 pcm
  [GPU] batch  105/150 | k=0.99895  <k>=1.00097 +/- 14 pcm
  [GPU] batch  106/150 | k=0.99770  <k>=1.00093 +/- 15 pcm
  [GPU] batch  107/150 | k=1.00227  <k>=1.00094 +/- 15 pcm
  [GPU] batch  108/150 | k=0.99856  <k>=1.00091 +/- 15 pcm
  [GPU] batch  109/150 | k=1.00220  <k>=1.00093 +/- 15 pcm
  [GPU] batch  110/150 | k=1.00173  <k>=1.00094 +/- 15 pcm
  [GPU] batch  111/150 | k=1.00183  <k>=1.00095 +/- 15 pcm
  [GPU] batch  112/150 | k=1.00165  <k>=1.00096 +/- 14 pcm
  [GPU] batch  113/150 | k=0.99994  <k>=1.00095 +/- 14 pcm
  [GPU] batch  114/150 | k=1.00294  <k>=1.00097 +/- 14 pcm
  [GPU] batch  115/150 | k=1.00012  <k>=1.00096 +/- 14 pcm
  [GPU] batch  116/150 | k=1.00139  <k>=1.00097 +/- 14 pcm
  [GPU] batch  117/150 | k=1.00280  <k>=1.00099 +/- 14 pcm
  [GPU] batch  118/150 | k=1.00069  <k>=1.00098 +/- 14 pcm
  [GPU] batch  119/150 | k=1.00334  <k>=1.00101 +/- 14 pcm
  [GPU] batch  120/150 | k=0.99939  <k>=1.00099 +/- 14 pcm
  [GPU] batch  121/150 | k=1.00208  <k>=1.00100 +/- 14 pcm
  [GPU] batch  122/150 | k=1.00120  <k>=1.00101 +/- 14 pcm
  [GPU] batch  123/150 | k=0.99966  <k>=1.00099 +/- 14 pcm
  [GPU] batch  124/150 | k=1.00164  <k>=1.00100 +/- 13 pcm
  [GPU] batch  125/150 | k=1.00022  <k>=1.00099 +/- 13 pcm
  [GPU] batch  126/150 | k=1.00145  <k>=1.00099 +/- 13 pcm
  [GPU] batch  127/150 | k=1.00116  <k>=1.00100 +/- 13 pcm
  [GPU] batch  128/150 | k=1.00182  <k>=1.00100 +/- 13 pcm
  [GPU] batch  129/150 | k=1.00283  <k>=1.00102 +/- 13 pcm
  [GPU] batch  130/150 | k=1.00312  <k>=1.00104 +/- 13 pcm
  [GPU] batch  131/150 | k=0.99770  <k>=1.00101 +/- 13 pcm
  [GPU] batch  132/150 | k=0.99779  <k>=1.00098 +/- 14 pcm
  [GPU] batch  133/150 | k=1.00335  <k>=1.00100 +/- 14 pcm
  [GPU] batch  134/150 | k=1.00259  <k>=1.00102 +/- 14 pcm
  [GPU] batch  135/150 | k=1.00152  <k>=1.00102 +/- 13 pcm
  [GPU] batch  136/150 | k=1.00117  <k>=1.00102 +/- 13 pcm
  [GPU] batch  137/150 | k=1.00158  <k>=1.00103 +/- 13 pcm
  [GPU] batch  138/150 | k=1.00229  <k>=1.00104 +/- 13 pcm
  [GPU] batch  139/150 | k=1.00062  <k>=1.00104 +/- 13 pcm
  [GPU] batch  140/150 | k=1.00319  <k>=1.00106 +/- 13 pcm
  [GPU] batch  141/150 | k=1.00262  <k>=1.00107 +/- 13 pcm
  [GPU] batch  142/150 | k=1.00045  <k>=1.00107 +/- 13 pcm
  [GPU] batch  143/150 | k=1.00153  <k>=1.00107 +/- 13 pcm
  [GPU] batch  144/150 | k=1.00019  <k>=1.00106 +/- 13 pcm
  [GPU] batch  145/150 | k=1.00108  <k>=1.00106 +/- 13 pcm
  [GPU] batch  146/150 | k=1.00061  <k>=1.00106 +/- 12 pcm
  [GPU] batch  147/150 | k=1.00118  <k>=1.00106 +/- 12 pcm
  [GPU] batch  148/150 | k=0.99924  <k>=1.00104 +/- 12 pcm
  [GPU] batch  149/150 | k=1.00064  <k>=1.00104 +/- 12 pcm
  [GPU] batch  150/150 | k=1.00212  <k>=1.00105 +/- 12 pcm
  heu-met-fast-021_case-2 -- seed 5/5 done in 228.8s: k=1.00105 +/- 0.00012
heu-met-fast-021_case-2: PASS -- k=1.00107+/-0.00005, delta=+107pcm, bound=+/-480pcm, 0.45sigma, 1142.6s (5seed x 150b x 30i x 200000p) [41/375]
[8/341] heu-met-fast-022_case-2 starting (5seed x 150b x 30i x 200000p)
  heu-met-fast-022_case-2 -- seed 1/5 (seed=42) starting
  GPU: WMP payload = 0.0 KB (0 / 17 nuclides covered)
  GPU auto-refill: picked factor=3.48 for particles_per_batch=200000
  [GPU] batch    1/150 | k=0.86523  (inactive)
  [GPU] batch    2/150 | k=0.97689  (inactive)
  [GPU] batch    3/150 | k=0.99003  (inactive)
  [GPU] batch    4/150 | k=0.99668  (inactive)
  [GPU] batch    5/150 | k=0.99448  (inactive)
  [GPU] batch    6/150 | k=0.99762  (inactive)
  [GPU] batch    7/150 | k=0.99943  (inactive)
  [GPU] batch    8/150 | k=0.99798  (inactive)
  [GPU] batch    9/150 | k=0.99652  (inactive)
  [GPU] batch   10/150 | k=0.99995  (inactive)
  [GPU] batch   11/150 | k=0.99901  (inactive)
  [GPU] batch   12/150 | k=0.99546  (inactive)
  [GPU] batch   13/150 | k=0.99476  (inactive)
  [GPU] batch   14/150 | k=0.99803  (inactive)
  [GPU] batch   15/150 | k=0.99569  (inactive)
  [GPU] batch   16/150 | k=0.99836  (inactive)
  [GPU] batch   17/150 | k=0.99788  (inactive)
  [GPU] batch   18/150 | k=0.99799  (inactive)
  [GPU] batch   19/150 | k=0.99564  (inactive)
  [GPU] batch   20/150 | k=0.99748  (inactive)
  [GPU] batch   21/150 | k=0.99858  (inactive)
  [GPU] batch   22/150 | k=0.99988  (inactive)
  [GPU] batch   23/150 | k=0.99629  (inactive)
  [GPU] batch   24/150 | k=0.99764  (inactive)
  [GPU] batch   25/150 | k=0.99928  (inactive)
  [GPU] batch   26/150 | k=0.99845  (inactive)
  [GPU] batch   27/150 | k=0.99697  (inactive)
  [GPU] batch   28/150 | k=0.99835  (inactive)
  [GPU] batch   29/150 | k=0.99776  (inactive)
  [GPU] batch   30/150 | k=0.99777  (inactive)
  [GPU] batch   31/150 | k=0.99966  (1st active)
  [GPU] batch   32/150 | k=0.99714  <k>=0.99840 +/- 126 pcm
  [GPU] batch   33/150 | k=0.99763  <k>=0.99814 +/- 77 pcm
  [GPU] batch   34/150 | k=0.99761  <k>=0.99801 +/- 56 pcm
  [GPU] batch   35/150 | k=0.99883  <k>=0.99818 +/- 46 pcm
  [GPU] batch   36/150 | k=0.99672  <k>=0.99793 +/- 45 pcm
  [GPU] batch   37/150 | k=0.99852  <k>=0.99802 +/- 39 pcm
  [GPU] batch   38/150 | k=1.00030  <k>=0.99830 +/- 44 pcm
  [GPU] batch   39/150 | k=1.00012  <k>=0.99850 +/- 44 pcm
  [GPU] batch   40/150 | k=1.00094  <k>=0.99875 +/- 46 pcm
  [GPU] batch   41/150 | k=0.99993  <k>=0.99885 +/- 43 pcm
  [GPU] batch   42/150 | k=0.99849  <k>=0.99882 +/- 40 pcm
  [GPU] batch   43/150 | k=0.99889  <k>=0.99883 +/- 36 pcm
  [GPU] batch   44/150 | k=1.00015  <k>=0.99892 +/- 35 pcm
  [GPU] batch   45/150 | k=0.99989  <k>=0.99899 +/- 33 pcm
  [GPU] batch   46/150 | k=0.99909  <k>=0.99899 +/- 31 pcm
  [GPU] batch   47/150 | k=0.99900  <k>=0.99899 +/- 29 pcm
  [GPU] batch   48/150 | k=0.99861  <k>=0.99897 +/- 28 pcm
  [GPU] batch   49/150 | k=0.99855  <k>=0.99895 +/- 26 pcm
  [GPU] batch   50/150 | k=0.99630  <k>=0.99882 +/- 28 pcm
  [GPU] batch   51/150 | k=0.99927  <k>=0.99884 +/- 27 pcm
  [GPU] batch   52/150 | k=0.99887  <k>=0.99884 +/- 26 pcm
  [GPU] batch   53/150 | k=1.00064  <k>=0.99892 +/- 26 pcm
  [GPU] batch   54/150 | k=0.99744  <k>=0.99886 +/- 25 pcm
  [GPU] batch   55/150 | k=0.99980  <k>=0.99890 +/- 25 pcm
  [GPU] batch   56/150 | k=1.00201  <k>=0.99902 +/- 27 pcm
  [GPU] batch   57/150 | k=1.00090  <k>=0.99908 +/- 26 pcm
  [GPU] batch   58/150 | k=0.99878  <k>=0.99907 +/- 26 pcm
  [GPU] batch   59/150 | k=0.99950  <k>=0.99909 +/- 25 pcm
  [GPU] batch   60/150 | k=0.99965  <k>=0.99911 +/- 24 pcm
  [GPU] batch   61/150 | k=0.99893  <k>=0.99910 +/- 23 pcm
  [GPU] batch   62/150 | k=0.99759  <k>=0.99905 +/- 23 pcm
  [GPU] batch   63/150 | k=0.99508  <k>=0.99893 +/- 25 pcm
  [GPU] batch   64/150 | k=0.99788  <k>=0.99890 +/- 25 pcm
  [GPU] batch   65/150 | k=0.99496  <k>=0.99879 +/- 26 pcm
  [GPU] batch   66/150 | k=0.99599  <k>=0.99871 +/- 27 pcm
  [GPU] batch   67/150 | k=0.99602  <k>=0.99864 +/- 27 pcm
  [GPU] batch   68/150 | k=0.99905  <k>=0.99865 +/- 26 pcm
  [GPU] batch   69/150 | k=0.99597  <k>=0.99858 +/- 27 pcm
  [GPU] batch   70/150 | k=1.00042  <k>=0.99863 +/- 26 pcm
  [GPU] batch   71/150 | k=0.99523  <k>=0.99855 +/- 27 pcm
  [GPU] batch   72/150 | k=0.99863  <k>=0.99855 +/- 26 pcm
  [GPU] batch   73/150 | k=0.99868  <k>=0.99855 +/- 26 pcm
  [GPU] batch   74/150 | k=0.99968  <k>=0.99858 +/- 25 pcm
  [GPU] batch   75/150 | k=0.99915  <k>=0.99859 +/- 25 pcm
  [GPU] batch   76/150 | k=0.99784  <k>=0.99857 +/- 24 pcm
  [GPU] batch   77/150 | k=0.99927  <k>=0.99859 +/- 24 pcm
  [GPU] batch   78/150 | k=0.99794  <k>=0.99857 +/- 23 pcm
  [GPU] batch   79/150 | k=0.99921  <k>=0.99859 +/- 23 pcm
  [GPU] batch   80/150 | k=1.00076  <k>=0.99863 +/- 23 pcm
  [GPU] batch   81/150 | k=0.99884  <k>=0.99863 +/- 22 pcm
  [GPU] batch   82/150 | k=0.99962  <k>=0.99865 +/- 22 pcm
  [GPU] batch   83/150 | k=0.99783  <k>=0.99864 +/- 22 pcm
  [GPU] batch   84/150 | k=0.99921  <k>=0.99865 +/- 21 pcm
  [GPU] batch   85/150 | k=0.99835  <k>=0.99864 +/- 21 pcm
  [GPU] batch   86/150 | k=0.99694  <k>=0.99861 +/- 21 pcm
  [GPU] batch   87/150 | k=0.99864  <k>=0.99861 +/- 20 pcm
  [GPU] batch   88/150 | k=0.99927  <k>=0.99862 +/- 20 pcm
  [GPU] batch   89/150 | k=0.99768  <k>=0.99861 +/- 20 pcm
  [GPU] batch   90/150 | k=1.00023  <k>=0.99864 +/- 20 pcm
  [GPU] batch   91/150 | k=0.99703  <k>=0.99861 +/- 20 pcm
  [GPU] batch   92/150 | k=0.99839  <k>=0.99861 +/- 19 pcm
  [GPU] batch   93/150 | k=1.00037  <k>=0.99863 +/- 19 pcm
  [GPU] batch   94/150 | k=1.00143  <k>=0.99868 +/- 19 pcm
  [GPU] batch   95/150 | k=0.99868  <k>=0.99868 +/- 19 pcm
  [GPU] batch   96/150 | k=1.00012  <k>=0.99870 +/- 19 pcm
  [GPU] batch   97/150 | k=1.00062  <k>=0.99873 +/- 19 pcm
  [GPU] batch   98/150 | k=0.99955  <k>=0.99874 +/- 19 pcm
  [GPU] batch   99/150 | k=0.99842  <k>=0.99874 +/- 18 pcm
  [GPU] batch  100/150 | k=0.99884  <k>=0.99874 +/- 18 pcm
  [GPU] batch  101/150 | k=0.99978  <k>=0.99875 +/- 18 pcm
  [GPU] batch  102/150 | k=0.99883  <k>=0.99875 +/- 18 pcm
  [GPU] batch  103/150 | k=0.99733  <k>=0.99873 +/- 17 pcm
  [GPU] batch  104/150 | k=1.00065  <k>=0.99876 +/- 17 pcm
  [GPU] batch  105/150 | k=0.99683  <k>=0.99873 +/- 17 pcm
  [GPU] batch  106/150 | k=0.99809  <k>=0.99873 +/- 17 pcm
  [GPU] batch  107/150 | k=0.99902  <k>=0.99873 +/- 17 pcm
  [GPU] batch  108/150 | k=0.99479  <k>=0.99868 +/- 17 pcm
  [GPU] batch  109/150 | k=0.99668  <k>=0.99865 +/- 17 pcm
  [GPU] batch  110/150 | k=0.99934  <k>=0.99866 +/- 17 pcm
  [GPU] batch  111/150 | k=1.00080  <k>=0.99869 +/- 17 pcm
  [GPU] batch  112/150 | k=0.99699  <k>=0.99867 +/- 17 pcm
  [GPU] batch  113/150 | k=0.99895  <k>=0.99867 +/- 17 pcm
  [GPU] batch  114/150 | k=0.99619  <k>=0.99864 +/- 17 pcm
  [GPU] batch  115/150 | k=1.00008  <k>=0.99866 +/- 17 pcm
  [GPU] batch  116/150 | k=0.99713  <k>=0.99864 +/- 17 pcm
  [GPU] batch  117/150 | k=0.99628  <k>=0.99861 +/- 17 pcm
  [GPU] batch  118/150 | k=0.99968  <k>=0.99863 +/- 17 pcm
  [GPU] batch  119/150 | k=0.99751  <k>=0.99861 +/- 16 pcm
  [GPU] batch  120/150 | k=0.99860  <k>=0.99861 +/- 16 pcm
  [GPU] batch  121/150 | k=0.99979  <k>=0.99863 +/- 16 pcm
  [GPU] batch  122/150 | k=0.99736  <k>=0.99861 +/- 16 pcm
  [GPU] batch  123/150 | k=0.99986  <k>=0.99863 +/- 16 pcm
  [GPU] batch  124/150 | k=0.99786  <k>=0.99862 +/- 16 pcm
  [GPU] batch  125/150 | k=0.99666  <k>=0.99860 +/- 16 pcm
  [GPU] batch  126/150 | k=0.99728  <k>=0.99858 +/- 16 pcm
  [GPU] batch  127/150 | k=1.00058  <k>=0.99860 +/- 16 pcm
  [GPU] batch  128/150 | k=1.00133  <k>=0.99863 +/- 16 pcm
  [GPU] batch  129/150 | k=0.99748  <k>=0.99862 +/- 16 pcm
  [GPU] batch  130/150 | k=0.99684  <k>=0.99860 +/- 16 pcm
  [GPU] batch  131/150 | k=0.99992  <k>=0.99862 +/- 15 pcm
  [GPU] batch  132/150 | k=0.99973  <k>=0.99863 +/- 15 pcm
  [GPU] batch  133/150 | k=1.00000  <k>=0.99864 +/- 15 pcm
  [GPU] batch  134/150 | k=0.99960  <k>=0.99865 +/- 15 pcm
  [GPU] batch  135/150 | k=0.99611  <k>=0.99862 +/- 15 pcm
  [GPU] batch  136/150 | k=0.99770  <k>=0.99862 +/- 15 pcm
  [GPU] batch  137/150 | k=0.99957  <k>=0.99862 +/- 15 pcm
  [GPU] batch  138/150 | k=0.99931  <k>=0.99863 +/- 15 pcm
  [GPU] batch  139/150 | k=0.99816  <k>=0.99863 +/- 15 pcm
  [GPU] batch  140/150 | k=0.99915  <k>=0.99863 +/- 15 pcm
  [GPU] batch  141/150 | k=0.99698  <k>=0.99862 +/- 14 pcm
  [GPU] batch  142/150 | k=0.99779  <k>=0.99861 +/- 14 pcm
  [GPU] batch  143/150 | k=1.00011  <k>=0.99862 +/- 14 pcm
  [GPU] batch  144/150 | k=0.99875  <k>=0.99862 +/- 14 pcm
  [GPU] batch  145/150 | k=0.99976  <k>=0.99863 +/- 14 pcm
  [GPU] batch  146/150 | k=1.00096  <k>=0.99865 +/- 14 pcm
  [GPU] batch  147/150 | k=0.99956  <k>=0.99866 +/- 14 pcm
  [GPU] batch  148/150 | k=0.99748  <k>=0.99865 +/- 14 pcm
  [GPU] batch  149/150 | k=0.99528  <k>=0.99862 +/- 14 pcm
  [GPU] batch  150/150 | k=0.99703  <k>=0.99861 +/- 14 pcm
  heu-met-fast-022_case-2 -- seed 1/5 done in 77.7s: k=0.99861 +/- 0.00014
  heu-met-fast-022_case-2 -- seed 2/5 (seed=43) starting
  GPU: WMP payload = 0.0 KB (0 / 17 nuclides covered)
  GPU auto-refill: picked factor=3.48 for particles_per_batch=200000
  [GPU] batch    1/150 | k=0.86299  (inactive)
  [GPU] batch    2/150 | k=0.97787  (inactive)
  [GPU] batch    3/150 | k=0.98917  (inactive)
  [GPU] batch    4/150 | k=0.99831  (inactive)
  [GPU] batch    5/150 | k=0.99775  (inactive)
  [GPU] batch    6/150 | k=0.99806  (inactive)
  [GPU] batch    7/150 | k=0.99780  (inactive)
  [GPU] batch    8/150 | k=0.99776  (inactive)
  [GPU] batch    9/150 | k=0.99815  (inactive)
  [GPU] batch   10/150 | k=1.00000  (inactive)
  [GPU] batch   11/150 | k=0.99912  (inactive)
  [GPU] batch   12/150 | k=0.99731  (inactive)
  [GPU] batch   13/150 | k=1.00059  (inactive)
  [GPU] batch   14/150 | k=0.99920  (inactive)
  [GPU] batch   15/150 | k=0.99942  (inactive)
  [GPU] batch   16/150 | k=1.00000  (inactive)
  [GPU] batch   17/150 | k=0.99955  (inactive)
  [GPU] batch   18/150 | k=0.99909  (inactive)
  [GPU] batch   19/150 | k=0.99896  (inactive)
  [GPU] batch   20/150 | k=0.99989  (inactive)
  [GPU] batch   21/150 | k=0.99790  (inactive)
  [GPU] batch   22/150 | k=0.99836  (inactive)
  [GPU] batch   23/150 | k=0.99924  (inactive)
  [GPU] batch   24/150 | k=0.99844  (inactive)
  [GPU] batch   25/150 | k=0.99524  (inactive)
  [GPU] batch   26/150 | k=1.00051  (inactive)
  [GPU] batch   27/150 | k=0.99876  (inactive)
  [GPU] batch   28/150 | k=0.99912  (inactive)
  [GPU] batch   29/150 | k=0.99714  (inactive)
  [GPU] batch   30/150 | k=1.00086  (inactive)
  [GPU] batch   31/150 | k=0.99904  (1st active)
  [GPU] batch   32/150 | k=1.00035  <k>=0.99969 +/- 65 pcm
  [GPU] batch   33/150 | k=1.00053  <k>=0.99997 +/- 47 pcm
  [GPU] batch   34/150 | k=0.99721  <k>=0.99928 +/- 77 pcm
  [GPU] batch   35/150 | k=0.99909  <k>=0.99924 +/- 60 pcm
  [GPU] batch   36/150 | k=1.00092  <k>=0.99952 +/- 56 pcm
  [GPU] batch   37/150 | k=0.99795  <k>=0.99930 +/- 52 pcm
  [GPU] batch   38/150 | k=1.00085  <k>=0.99949 +/- 49 pcm
  [GPU] batch   39/150 | k=1.00052  <k>=0.99961 +/- 45 pcm
  [GPU] batch   40/150 | k=0.99823  <k>=0.99947 +/- 43 pcm
  [GPU] batch   41/150 | k=0.99760  <k>=0.99930 +/- 42 pcm
  [GPU] batch   42/150 | k=0.99714  <k>=0.99912 +/- 42 pcm
  [GPU] batch   43/150 | k=1.00036  <k>=0.99921 +/- 40 pcm
  [GPU] batch   44/150 | k=0.99815  <k>=0.99914 +/- 38 pcm
  [GPU] batch   45/150 | k=0.99803  <k>=0.99906 +/- 36 pcm
  [GPU] batch   46/150 | k=0.99817  <k>=0.99901 +/- 34 pcm
  [GPU] batch   47/150 | k=0.99989  <k>=0.99906 +/- 33 pcm
  [GPU] batch   48/150 | k=0.99698  <k>=0.99894 +/- 33 pcm
  [GPU] batch   49/150 | k=0.99655  <k>=0.99882 +/- 33 pcm
  [GPU] batch   50/150 | k=0.99958  <k>=0.99886 +/- 32 pcm
  [GPU] batch   51/150 | k=0.99751  <k>=0.99879 +/- 31 pcm
  [GPU] batch   52/150 | k=0.99745  <k>=0.99873 +/- 30 pcm
  [GPU] batch   53/150 | k=0.99721  <k>=0.99867 +/- 30 pcm
  [GPU] batch   54/150 | k=0.99798  <k>=0.99864 +/- 29 pcm
  [GPU] batch   55/150 | k=0.99831  <k>=0.99862 +/- 27 pcm
  [GPU] batch   56/150 | k=0.99911  <k>=0.99864 +/- 26 pcm
  [GPU] batch   57/150 | k=0.99824  <k>=0.99863 +/- 25 pcm
  [GPU] batch   58/150 | k=0.99856  <k>=0.99863 +/- 25 pcm
  [GPU] batch   59/150 | k=0.99893  <k>=0.99864 +/- 24 pcm
  [GPU] batch   60/150 | k=0.99836  <k>=0.99863 +/- 23 pcm
  [GPU] batch   61/150 | k=0.99937  <k>=0.99865 +/- 22 pcm
  [GPU] batch   62/150 | k=0.99960  <k>=0.99868 +/- 22 pcm
  [GPU] batch   63/150 | k=0.99920  <k>=0.99870 +/- 21 pcm
  [GPU] batch   64/150 | k=1.00085  <k>=0.99876 +/- 22 pcm
  [GPU] batch   65/150 | k=0.99660  <k>=0.99870 +/- 22 pcm
  [GPU] batch   66/150 | k=0.99751  <k>=0.99866 +/- 21 pcm
  [GPU] batch   67/150 | k=0.99966  <k>=0.99869 +/- 21 pcm
  [GPU] batch   68/150 | k=0.99911  <k>=0.99870 +/- 20 pcm
  [GPU] batch   69/150 | k=0.99757  <k>=0.99867 +/- 20 pcm
  [GPU] batch   70/150 | k=1.00073  <k>=0.99873 +/- 20 pcm
  [GPU] batch   71/150 | k=0.99906  <k>=0.99873 +/- 20 pcm
  [GPU] batch   72/150 | k=0.99631  <k>=0.99868 +/- 20 pcm
  [GPU] batch   73/150 | k=0.99659  <k>=0.99863 +/- 20 pcm
  [GPU] batch   74/150 | k=0.99777  <k>=0.99861 +/- 20 pcm
  [GPU] batch   75/150 | k=0.99529  <k>=0.99853 +/- 21 pcm
  [GPU] batch   76/150 | k=0.99824  <k>=0.99853 +/- 20 pcm
  [GPU] batch   77/150 | k=0.99954  <k>=0.99855 +/- 20 pcm
  [GPU] batch   78/150 | k=0.99668  <k>=0.99851 +/- 20 pcm
  [GPU] batch   79/150 | k=0.99721  <k>=0.99848 +/- 20 pcm
  [GPU] batch   80/150 | k=1.00211  <k>=0.99856 +/- 21 pcm
  [GPU] batch   81/150 | k=0.99883  <k>=0.99856 +/- 20 pcm
  [GPU] batch   82/150 | k=0.99827  <k>=0.99856 +/- 20 pcm
  [GPU] batch   83/150 | k=0.99740  <k>=0.99853 +/- 20 pcm
  [GPU] batch   84/150 | k=0.99952  <k>=0.99855 +/- 19 pcm
  [GPU] batch   85/150 | k=0.99970  <k>=0.99857 +/- 19 pcm
  [GPU] batch   86/150 | k=1.00033  <k>=0.99860 +/- 19 pcm
  [GPU] batch   87/150 | k=1.00081  <k>=0.99864 +/- 19 pcm
  [GPU] batch   88/150 | k=0.99806  <k>=0.99863 +/- 19 pcm
  [GPU] batch   89/150 | k=0.99998  <k>=0.99866 +/- 19 pcm
  [GPU] batch   90/150 | k=0.99881  <k>=0.99866 +/- 18 pcm
  [GPU] batch   91/150 | k=0.99956  <k>=0.99867 +/- 18 pcm
  [GPU] batch   92/150 | k=0.99881  <k>=0.99868 +/- 18 pcm
  [GPU] batch   93/150 | k=0.99960  <k>=0.99869 +/- 18 pcm
  [GPU] batch   94/150 | k=0.99771  <k>=0.99868 +/- 17 pcm
  [GPU] batch   95/150 | k=0.99740  <k>=0.99866 +/- 17 pcm
  [GPU] batch   96/150 | k=0.99923  <k>=0.99866 +/- 17 pcm
  [GPU] batch   97/150 | k=0.99914  <k>=0.99867 +/- 17 pcm
  [GPU] batch   98/150 | k=0.99548  <k>=0.99862 +/- 17 pcm
  [GPU] batch   99/150 | k=0.99591  <k>=0.99859 +/- 17 pcm
  [GPU] batch  100/150 | k=0.99744  <k>=0.99857 +/- 17 pcm
  [GPU] batch  101/150 | k=0.99871  <k>=0.99857 +/- 17 pcm
  [GPU] batch  102/150 | k=0.99882  <k>=0.99857 +/- 17 pcm
  [GPU] batch  103/150 | k=0.99745  <k>=0.99856 +/- 17 pcm
  [GPU] batch  104/150 | k=0.99698  <k>=0.99854 +/- 16 pcm
  [GPU] batch  105/150 | k=0.99692  <k>=0.99852 +/- 16 pcm
  [GPU] batch  106/150 | k=0.99919  <k>=0.99852 +/- 16 pcm
  [GPU] batch  107/150 | k=0.99941  <k>=0.99854 +/- 16 pcm
  [GPU] batch  108/150 | k=1.00042  <k>=0.99856 +/- 16 pcm
  [GPU] batch  109/150 | k=0.99777  <k>=0.99855 +/- 16 pcm
  [GPU] batch  110/150 | k=1.00259  <k>=0.99860 +/- 16 pcm
  [GPU] batch  111/150 | k=0.99871  <k>=0.99860 +/- 16 pcm
  [GPU] batch  112/150 | k=0.99730  <k>=0.99859 +/- 16 pcm
  [GPU] batch  113/150 | k=0.99806  <k>=0.99858 +/- 16 pcm
  [GPU] batch  114/150 | k=0.99989  <k>=0.99860 +/- 16 pcm
  [GPU] batch  115/150 | k=0.99680  <k>=0.99857 +/- 16 pcm
  [GPU] batch  116/150 | k=1.00069  <k>=0.99860 +/- 16 pcm
  [GPU] batch  117/150 | k=0.99973  <k>=0.99861 +/- 16 pcm
  [GPU] batch  118/150 | k=0.99696  <k>=0.99859 +/- 16 pcm
  [GPU] batch  119/150 | k=0.99787  <k>=0.99859 +/- 15 pcm
  [GPU] batch  120/150 | k=0.99747  <k>=0.99857 +/- 15 pcm
  [GPU] batch  121/150 | k=0.99906  <k>=0.99858 +/- 15 pcm
  [GPU] batch  122/150 | k=0.99775  <k>=0.99857 +/- 15 pcm
  [GPU] batch  123/150 | k=0.99963  <k>=0.99858 +/- 15 pcm
  [GPU] batch  124/150 | k=0.99964  <k>=0.99859 +/- 15 pcm
  [GPU] batch  125/150 | k=0.99511  <k>=0.99856 +/- 15 pcm
  [GPU] batch  126/150 | k=0.99787  <k>=0.99855 +/- 15 pcm
  [GPU] batch  127/150 | k=0.99860  <k>=0.99855 +/- 15 pcm
  [GPU] batch  128/150 | k=0.99853  <k>=0.99855 +/- 15 pcm
  [GPU] batch  129/150 | k=0.99709  <k>=0.99853 +/- 15 pcm
  [GPU] batch  130/150 | k=0.99885  <k>=0.99854 +/- 14 pcm
  [GPU] batch  131/150 | k=0.99777  <k>=0.99853 +/- 14 pcm
  [GPU] batch  132/150 | k=0.99840  <k>=0.99853 +/- 14 pcm
  [GPU] batch  133/150 | k=0.99939  <k>=0.99854 +/- 14 pcm
  [GPU] batch  134/150 | k=0.99997  <k>=0.99855 +/- 14 pcm
  [GPU] batch  135/150 | k=0.99739  <k>=0.99854 +/- 14 pcm
  [GPU] batch  136/150 | k=0.99674  <k>=0.99852 +/- 14 pcm
  [GPU] batch  137/150 | k=0.99837  <k>=0.99852 +/- 14 pcm
  [GPU] batch  138/150 | k=0.99686  <k>=0.99851 +/- 14 pcm
  [GPU] batch  139/150 | k=0.99786  <k>=0.99850 +/- 14 pcm
  [GPU] batch  140/150 | k=0.99811  <k>=0.99850 +/- 13 pcm
  [GPU] batch  141/150 | k=0.99716  <k>=0.99848 +/- 13 pcm
  [GPU] batch  142/150 | k=0.99964  <k>=0.99849 +/- 13 pcm
  [GPU] batch  143/150 | k=0.99912  <k>=0.99850 +/- 13 pcm
  [GPU] batch  144/150 | k=0.99961  <k>=0.99851 +/- 13 pcm
  [GPU] batch  145/150 | k=0.99936  <k>=0.99852 +/- 13 pcm
  [GPU] batch  146/150 | k=0.99801  <k>=0.99851 +/- 13 pcm
  [GPU] batch  147/150 | k=0.99906  <k>=0.99852 +/- 13 pcm
  [GPU] batch  148/150 | k=0.99813  <k>=0.99851 +/- 13 pcm
  [GPU] batch  149/150 | k=0.99765  <k>=0.99851 +/- 13 pcm
  [GPU] batch  150/150 | k=0.99651  <k>=0.99849 +/- 13 pcm
  heu-met-fast-022_case-2 -- seed 2/5 done in 77.9s: k=0.99849 +/- 0.00013
  heu-met-fast-022_case-2 -- seed 3/5 (seed=44) starting
  GPU: WMP payload = 0.0 KB (0 / 17 nuclides covered)
  GPU auto-refill: picked factor=3.48 for particles_per_batch=200000
  [GPU] batch    1/150 | k=0.86165  (inactive)
  [GPU] batch    2/150 | k=0.97549  (inactive)
  [GPU] batch    3/150 | k=0.99042  (inactive)
  [GPU] batch    4/150 | k=0.99466  (inactive)
  [GPU] batch    5/150 | k=0.99433  (inactive)
  [GPU] batch    6/150 | k=0.99675  (inactive)
  [GPU] batch    7/150 | k=0.99798  (inactive)
  [GPU] batch    8/150 | k=0.99873  (inactive)
  [GPU] batch    9/150 | k=0.99788  (inactive)
  [GPU] batch   10/150 | k=1.00018  (inactive)
  [GPU] batch   11/150 | k=0.99843  (inactive)
  [GPU] batch   12/150 | k=0.99869  (inactive)
  [GPU] batch   13/150 | k=1.00054  (inactive)
  [GPU] batch   14/150 | k=0.99671  (inactive)
  [GPU] batch   15/150 | k=0.99585  (inactive)
  [GPU] batch   16/150 | k=0.99809  (inactive)
  [GPU] batch   17/150 | k=0.99740  (inactive)
  [GPU] batch   18/150 | k=0.99777  (inactive)
  [GPU] batch   19/150 | k=0.99620  (inactive)
  [GPU] batch   20/150 | k=0.99813  (inactive)
  [GPU] batch   21/150 | k=0.99777  (inactive)
  [GPU] batch   22/150 | k=0.99851  (inactive)
  [GPU] batch   23/150 | k=0.99940  (inactive)
  [GPU] batch   24/150 | k=0.99822  (inactive)
  [GPU] batch   25/150 | k=0.99751  (inactive)
  [GPU] batch   26/150 | k=0.99788  (inactive)
  [GPU] batch   27/150 | k=0.99810  (inactive)
  [GPU] batch   28/150 | k=1.00087  (inactive)
  [GPU] batch   29/150 | k=0.99639  (inactive)
  [GPU] batch   30/150 | k=0.99887  (inactive)
  [GPU] batch   31/150 | k=0.99902  (1st active)
  [GPU] batch   32/150 | k=0.99863  <k>=0.99882 +/- 20 pcm
  [GPU] batch   33/150 | k=0.99780  <k>=0.99848 +/- 36 pcm
  [GPU] batch   34/150 | k=0.99912  <k>=0.99864 +/- 30 pcm
  [GPU] batch   35/150 | k=0.99586  <k>=0.99809 +/- 60 pcm
  [GPU] batch   36/150 | k=0.99712  <k>=0.99792 +/- 52 pcm
  [GPU] batch   37/150 | k=0.99701  <k>=0.99779 +/- 46 pcm
  [GPU] batch   38/150 | k=1.00013  <k>=0.99809 +/- 49 pcm
  [GPU] batch   39/150 | k=0.99949  <k>=0.99824 +/- 46 pcm
  [GPU] batch   40/150 | k=1.00023  <k>=0.99844 +/- 46 pcm
  [GPU] batch   41/150 | k=0.99864  <k>=0.99846 +/- 41 pcm
  [GPU] batch   42/150 | k=0.99749  <k>=0.99838 +/- 39 pcm
  [GPU] batch   43/150 | k=0.99744  <k>=0.99830 +/- 36 pcm
  [GPU] batch   44/150 | k=0.99882  <k>=0.99834 +/- 34 pcm
  [GPU] batch   45/150 | k=0.99875  <k>=0.99837 +/- 32 pcm
  [GPU] batch   46/150 | k=0.99658  <k>=0.99826 +/- 32 pcm
  [GPU] batch   47/150 | k=0.99756  <k>=0.99822 +/- 30 pcm
  [GPU] batch   48/150 | k=0.99778  <k>=0.99819 +/- 28 pcm
  [GPU] batch   49/150 | k=0.99992  <k>=0.99828 +/- 28 pcm
  [GPU] batch   50/150 | k=1.00039  <k>=0.99839 +/- 29 pcm
  [GPU] batch   51/150 | k=0.99667  <k>=0.99831 +/- 29 pcm
  [GPU] batch   52/150 | k=0.99948  <k>=0.99836 +/- 28 pcm
  [GPU] batch   53/150 | k=1.00085  <k>=0.99847 +/- 29 pcm
  [GPU] batch   54/150 | k=0.99884  <k>=0.99848 +/- 28 pcm
  [GPU] batch   55/150 | k=0.99971  <k>=0.99853 +/- 27 pcm
  [GPU] batch   56/150 | k=1.00026  <k>=0.99860 +/- 27 pcm
  [GPU] batch   57/150 | k=0.99940  <k>=0.99863 +/- 26 pcm
  [GPU] batch   58/150 | k=0.99735  <k>=0.99858 +/- 25 pcm
  [GPU] batch   59/150 | k=0.99851  <k>=0.99858 +/- 24 pcm
  [GPU] batch   60/150 | k=0.99925  <k>=0.99860 +/- 24 pcm
  [GPU] batch   61/150 | k=0.99932  <k>=0.99863 +/- 23 pcm
  [GPU] batch   62/150 | k=0.99998  <k>=0.99867 +/- 23 pcm
  [GPU] batch   63/150 | k=0.99928  <k>=0.99869 +/- 22 pcm
  [GPU] batch   64/150 | k=0.99595  <k>=0.99861 +/- 23 pcm
  [GPU] batch   65/150 | k=0.99805  <k>=0.99859 +/- 22 pcm
  [GPU] batch   66/150 | k=0.99845  <k>=0.99859 +/- 22 pcm
  [GPU] batch   67/150 | k=1.00039  <k>=0.99864 +/- 22 pcm
  [GPU] batch   68/150 | k=0.99806  <k>=0.99862 +/- 21 pcm
  [GPU] batch   69/150 | k=0.99709  <k>=0.99858 +/- 21 pcm
  [GPU] batch   70/150 | k=0.99729  <k>=0.99855 +/- 21 pcm
  [GPU] batch   71/150 | k=0.99627  <k>=0.99849 +/- 21 pcm
  [GPU] batch   72/150 | k=0.99840  <k>=0.99849 +/- 20 pcm
  [GPU] batch   73/150 | k=0.99789  <k>=0.99848 +/- 20 pcm
  [GPU] batch   74/150 | k=0.99781  <k>=0.99846 +/- 20 pcm
  [GPU] batch   75/150 | k=0.99867  <k>=0.99847 +/- 19 pcm
  [GPU] batch   76/150 | k=0.99741  <k>=0.99844 +/- 19 pcm
  [GPU] batch   77/150 | k=0.99903  <k>=0.99846 +/- 18 pcm
  [GPU] batch   78/150 | k=1.00041  <k>=0.99850 +/- 19 pcm
  [GPU] batch   79/150 | k=0.99836  <k>=0.99849 +/- 18 pcm
  [GPU] batch   80/150 | k=0.99985  <k>=0.99852 +/- 18 pcm
  [GPU] batch   81/150 | k=0.99855  <k>=0.99852 +/- 18 pcm
  [GPU] batch   82/150 | k=0.99877  <k>=0.99853 +/- 17 pcm
  [GPU] batch   83/150 | k=0.99869  <k>=0.99853 +/- 17 pcm
  [GPU] batch   84/150 | k=1.00042  <k>=0.99856 +/- 17 pcm
  [GPU] batch   85/150 | k=0.99775  <k>=0.99855 +/- 17 pcm
  [GPU] batch   86/150 | k=0.99825  <k>=0.99854 +/- 16 pcm
  [GPU] batch   87/150 | k=0.99900  <k>=0.99855 +/- 16 pcm
  [GPU] batch   88/150 | k=0.99806  <k>=0.99854 +/- 16 pcm
  [GPU] batch   89/150 | k=0.99694  <k>=0.99852 +/- 16 pcm
  [GPU] batch   90/150 | k=0.99719  <k>=0.99849 +/- 16 pcm
  [GPU] batch   91/150 | k=0.99615  <k>=0.99846 +/- 16 pcm
  [GPU] batch   92/150 | k=0.99868  <k>=0.99846 +/- 16 pcm
  [GPU] batch   93/150 | k=0.99997  <k>=0.99848 +/- 16 pcm
  [GPU] batch   94/150 | k=0.99645  <k>=0.99845 +/- 16 pcm
  [GPU] batch   95/150 | k=0.99898  <k>=0.99846 +/- 16 pcm
  [GPU] batch   96/150 | k=0.99847  <k>=0.99846 +/- 15 pcm
  [GPU] batch   97/150 | k=0.99705  <k>=0.99844 +/- 15 pcm
  [GPU] batch   98/150 | k=0.99757  <k>=0.99843 +/- 15 pcm
  [GPU] batch   99/150 | k=0.99668  <k>=0.99840 +/- 15 pcm
  [GPU] batch  100/150 | k=0.99900  <k>=0.99841 +/- 15 pcm
  [GPU] batch  101/150 | k=0.99931  <k>=0.99842 +/- 15 pcm
  [GPU] batch  102/150 | k=0.99825  <k>=0.99842 +/- 14 pcm
  [GPU] batch  103/150 | k=0.99822  <k>=0.99842 +/- 14 pcm
  [GPU] batch  104/150 | k=0.99831  <k>=0.99842 +/- 14 pcm
  [GPU] batch  105/150 | k=0.99789  <k>=0.99841 +/- 14 pcm
  [GPU] batch  106/150 | k=0.99693  <k>=0.99839 +/- 14 pcm
  [GPU] batch  107/150 | k=0.99887  <k>=0.99840 +/- 14 pcm
  [GPU] batch  108/150 | k=0.99696  <k>=0.99838 +/- 14 pcm
  [GPU] batch  109/150 | k=0.99719  <k>=0.99836 +/- 14 pcm
  [GPU] batch  110/150 | k=1.00032  <k>=0.99839 +/- 14 pcm
  [GPU] batch  111/150 | k=1.00085  <k>=0.99842 +/- 14 pcm
  [GPU] batch  112/150 | k=0.99593  <k>=0.99839 +/- 14 pcm
  [GPU] batch  113/150 | k=0.99854  <k>=0.99839 +/- 14 pcm
  [GPU] batch  114/150 | k=0.99967  <k>=0.99840 +/- 14 pcm
  [GPU] batch  115/150 | k=0.99754  <k>=0.99839 +/- 14 pcm
  [GPU] batch  116/150 | k=0.99766  <k>=0.99839 +/- 13 pcm
  [GPU] batch  117/150 | k=0.99929  <k>=0.99840 +/- 13 pcm
  [GPU] batch  118/150 | k=0.99775  <k>=0.99839 +/- 13 pcm
  [GPU] batch  119/150 | k=0.99556  <k>=0.99836 +/- 13 pcm
  [GPU] batch  120/150 | k=0.99780  <k>=0.99835 +/- 13 pcm
  [GPU] batch  121/150 | k=0.99753  <k>=0.99834 +/- 13 pcm
  [GPU] batch  122/150 | k=0.99825  <k>=0.99834 +/- 13 pcm
  [GPU] batch  123/150 | k=0.99893  <k>=0.99835 +/- 13 pcm
  [GPU] batch  124/150 | k=0.99780  <k>=0.99834 +/- 13 pcm
  [GPU] batch  125/150 | k=0.99727  <k>=0.99833 +/- 13 pcm
  [GPU] batch  126/150 | k=0.99768  <k>=0.99832 +/- 13 pcm
  [GPU] batch  127/150 | k=0.99933  <k>=0.99833 +/- 13 pcm
  [GPU] batch  128/150 | k=0.99920  <k>=0.99834 +/- 12 pcm
  [GPU] batch  129/150 | k=0.99941  <k>=0.99835 +/- 12 pcm
  [GPU] batch  130/150 | k=0.99723  <k>=0.99834 +/- 12 pcm
  [GPU] batch  131/150 | k=0.99644  <k>=0.99832 +/- 12 pcm
  [GPU] batch  132/150 | k=0.99612  <k>=0.99830 +/- 12 pcm
  [GPU] batch  133/150 | k=0.99901  <k>=0.99831 +/- 12 pcm
  [GPU] batch  134/150 | k=0.99799  <k>=0.99831 +/- 12 pcm
  [GPU] batch  135/150 | k=0.99747  <k>=0.99830 +/- 12 pcm
  [GPU] batch  136/150 | k=0.99792  <k>=0.99829 +/- 12 pcm
  [GPU] batch  137/150 | k=0.99892  <k>=0.99830 +/- 12 pcm
  [GPU] batch  138/150 | k=0.99737  <k>=0.99829 +/- 12 pcm
  [GPU] batch  139/150 | k=0.99741  <k>=0.99828 +/- 12 pcm
  [GPU] batch  140/150 | k=1.00085  <k>=0.99831 +/- 12 pcm
  [GPU] batch  141/150 | k=0.99966  <k>=0.99832 +/- 12 pcm
  [GPU] batch  142/150 | k=0.99882  <k>=0.99832 +/- 12 pcm
  [GPU] batch  143/150 | k=0.99901  <k>=0.99833 +/- 12 pcm
  [GPU] batch  144/150 | k=1.00022  <k>=0.99835 +/- 12 pcm
  [GPU] batch  145/150 | k=0.99925  <k>=0.99835 +/- 12 pcm
  [GPU] batch  146/150 | k=0.99815  <k>=0.99835 +/- 11 pcm
  [GPU] batch  147/150 | k=1.00054  <k>=0.99837 +/- 11 pcm
  [GPU] batch  148/150 | k=0.99729  <k>=0.99836 +/- 11 pcm
  [GPU] batch  149/150 | k=0.99701  <k>=0.99835 +/- 11 pcm
  [GPU] batch  150/150 | k=1.00038  <k>=0.99837 +/- 11 pcm
  heu-met-fast-022_case-2 -- seed 3/5 done in 78.0s: k=0.99837 +/- 0.00011
  heu-met-fast-022_case-2 -- seed 4/5 (seed=45) starting
  GPU: WMP payload = 0.0 KB (0 / 17 nuclides covered)
  GPU auto-refill: picked factor=3.48 for particles_per_batch=200000
  [GPU] batch    1/150 | k=0.86192  (inactive)
  [GPU] batch    2/150 | k=0.97515  (inactive)
  [GPU] batch    3/150 | k=0.98859  (inactive)
  [GPU] batch    4/150 | k=0.99436  (inactive)
  [GPU] batch    5/150 | k=0.99660  (inactive)
  [GPU] batch    6/150 | k=0.99771  (inactive)
  [GPU] batch    7/150 | k=0.99811  (inactive)
  [GPU] batch    8/150 | k=0.99733  (inactive)
  [GPU] batch    9/150 | k=0.99723  (inactive)
  [GPU] batch   10/150 | k=0.99849  (inactive)
  [GPU] batch   11/150 | k=0.99698  (inactive)
  [GPU] batch   12/150 | k=0.99756  (inactive)
  [GPU] batch   13/150 | k=0.99888  (inactive)
  [GPU] batch   14/150 | k=0.99738  (inactive)
  [GPU] batch   15/150 | k=0.99818  (inactive)
  [GPU] batch   16/150 | k=0.99843  (inactive)
  [GPU] batch   17/150 | k=0.99898  (inactive)
  [GPU] batch   18/150 | k=0.99991  (inactive)
  [GPU] batch   19/150 | k=0.99966  (inactive)
  [GPU] batch   20/150 | k=1.00071  (inactive)
  [GPU] batch   21/150 | k=0.99734  (inactive)
  [GPU] batch   22/150 | k=0.99912  (inactive)
  [GPU] batch   23/150 | k=0.99786  (inactive)
  [GPU] batch   24/150 | k=0.99962  (inactive)
  [GPU] batch   25/150 | k=0.99858  (inactive)
  [GPU] batch   26/150 | k=0.99868  (inactive)
  [GPU] batch   27/150 | k=0.99792  (inactive)
  [GPU] batch   28/150 | k=0.99913  (inactive)
  [GPU] batch   29/150 | k=1.00002  (inactive)
  [GPU] batch   30/150 | k=0.99711  (inactive)
  [GPU] batch   31/150 | k=0.99735  (1st active)
  [GPU] batch   32/150 | k=0.99769  <k>=0.99752 +/- 17 pcm
  [GPU] batch   33/150 | k=0.99826  <k>=0.99777 +/- 27 pcm
  [GPU] batch   34/150 | k=0.99922  <k>=0.99813 +/- 41 pcm
  [GPU] batch   35/150 | k=0.99957  <k>=0.99842 +/- 43 pcm
  [GPU] batch   36/150 | k=0.99757  <k>=0.99828 +/- 38 pcm
  [GPU] batch   37/150 | k=0.99843  <k>=0.99830 +/- 32 pcm
  [GPU] batch   38/150 | k=0.99778  <k>=0.99823 +/- 28 pcm
  [GPU] batch   39/150 | k=0.99820  <k>=0.99823 +/- 25 pcm
  [GPU] batch   40/150 | k=1.00147  <k>=0.99855 +/- 39 pcm
  [GPU] batch   41/150 | k=1.00050  <k>=0.99873 +/- 40 pcm
  [GPU] batch   42/150 | k=0.99923  <k>=0.99877 +/- 37 pcm
  [GPU] batch   43/150 | k=0.99826  <k>=0.99873 +/- 34 pcm
  [GPU] batch   44/150 | k=0.99909  <k>=0.99876 +/- 31 pcm
  [GPU] batch   45/150 | k=1.00038  <k>=0.99887 +/- 31 pcm
  [GPU] batch   46/150 | k=0.99732  <k>=0.99877 +/- 31 pcm
  [GPU] batch   47/150 | k=0.99854  <k>=0.99876 +/- 29 pcm
  [GPU] batch   48/150 | k=0.99773  <k>=0.99870 +/- 28 pcm
  [GPU] batch   49/150 | k=0.99661  <k>=0.99859 +/- 29 pcm
  [GPU] batch   50/150 | k=1.00192  <k>=0.99876 +/- 32 pcm
  [GPU] batch   51/150 | k=0.99730  <k>=0.99869 +/- 31 pcm
  [GPU] batch   52/150 | k=0.99842  <k>=0.99867 +/- 30 pcm
  [GPU] batch   53/150 | k=1.00144  <k>=0.99880 +/- 31 pcm
  [GPU] batch   54/150 | k=0.99980  <k>=0.99884 +/- 30 pcm
  [GPU] batch   55/150 | k=0.99968  <k>=0.99887 +/- 29 pcm
  [GPU] batch   56/150 | k=0.99990  <k>=0.99891 +/- 28 pcm
  [GPU] batch   57/150 | k=0.99781  <k>=0.99887 +/- 27 pcm
  [GPU] batch   58/150 | k=1.00106  <k>=0.99895 +/- 27 pcm
  [GPU] batch   59/150 | k=0.99698  <k>=0.99888 +/- 27 pcm
  [GPU] batch   60/150 | k=0.99960  <k>=0.99890 +/- 26 pcm
  [GPU] batch   61/150 | k=0.99813  <k>=0.99888 +/- 26 pcm
  [GPU] batch   62/150 | k=0.99982  <k>=0.99891 +/- 25 pcm
  [GPU] batch   63/150 | k=0.99788  <k>=0.99888 +/- 24 pcm
  [GPU] batch   64/150 | k=0.99899  <k>=0.99888 +/- 24 pcm
  [GPU] batch   65/150 | k=0.99623  <k>=0.99880 +/- 24 pcm
  [GPU] batch   66/150 | k=0.99651  <k>=0.99874 +/- 24 pcm
  [GPU] batch   67/150 | k=0.99877  <k>=0.99874 +/- 24 pcm
  [GPU] batch   68/150 | k=0.99734  <k>=0.99870 +/- 23 pcm
  [GPU] batch   69/150 | k=0.99836  <k>=0.99870 +/- 23 pcm
  [GPU] batch   70/150 | k=0.99864  <k>=0.99869 +/- 22 pcm
  [GPU] batch   71/150 | k=0.99866  <k>=0.99869 +/- 22 pcm
  [GPU] batch   72/150 | k=1.00111  <k>=0.99875 +/- 22 pcm
  [GPU] batch   73/150 | k=0.99690  <k>=0.99871 +/- 22 pcm
  [GPU] batch   74/150 | k=1.00056  <k>=0.99875 +/- 22 pcm
  [GPU] batch   75/150 | k=0.99925  <k>=0.99876 +/- 21 pcm
  [GPU] batch   76/150 | k=0.99823  <k>=0.99875 +/- 21 pcm
  [GPU] batch   77/150 | k=0.99980  <k>=0.99877 +/- 21 pcm
  [GPU] batch   78/150 | k=0.99779  <k>=0.99875 +/- 20 pcm
  [GPU] batch   79/150 | k=0.99681  <k>=0.99871 +/- 20 pcm
  [GPU] batch   80/150 | k=1.00030  <k>=0.99874 +/- 20 pcm
  [GPU] batch   81/150 | k=0.99832  <k>=0.99874 +/- 20 pcm
  [GPU] batch   82/150 | k=0.99792  <k>=0.99872 +/- 19 pcm
  [GPU] batch   83/150 | k=0.99870  <k>=0.99872 +/- 19 pcm
  [GPU] batch   84/150 | k=0.99859  <k>=0.99872 +/- 19 pcm
  [GPU] batch   85/150 | k=0.99877  <k>=0.99872 +/- 18 pcm
  [GPU] batch   86/150 | k=0.99879  <k>=0.99872 +/- 18 pcm
  [GPU] batch   87/150 | k=0.99910  <k>=0.99873 +/- 18 pcm
  [GPU] batch   88/150 | k=0.99959  <k>=0.99874 +/- 17 pcm
  [GPU] batch   89/150 | k=0.99696  <k>=0.99871 +/- 17 pcm
  [GPU] batch   90/150 | k=0.99938  <k>=0.99872 +/- 17 pcm
  [GPU] batch   91/150 | k=0.99720  <k>=0.99870 +/- 17 pcm
  [GPU] batch   92/150 | k=0.99719  <k>=0.99867 +/- 17 pcm
  [GPU] batch   93/150 | k=1.00075  <k>=0.99871 +/- 17 pcm
  [GPU] batch   94/150 | k=0.99785  <k>=0.99869 +/- 17 pcm
  [GPU] batch   95/150 | k=0.99773  <k>=0.99868 +/- 17 pcm
  [GPU] batch   96/150 | k=0.99615  <k>=0.99864 +/- 17 pcm
  [GPU] batch   97/150 | k=0.99866  <k>=0.99864 +/- 16 pcm
  [GPU] batch   98/150 | k=0.99659  <k>=0.99861 +/- 17 pcm
  [GPU] batch   99/150 | k=0.99589  <k>=0.99857 +/- 17 pcm
  [GPU] batch  100/150 | k=0.99713  <k>=0.99855 +/- 17 pcm
  [GPU] batch  101/150 | k=0.99815  <k>=0.99854 +/- 16 pcm
  [GPU] batch  102/150 | k=0.99823  <k>=0.99854 +/- 16 pcm
  [GPU] batch  103/150 | k=1.00013  <k>=0.99856 +/- 16 pcm
  [GPU] batch  104/150 | k=1.00033  <k>=0.99858 +/- 16 pcm
  [GPU] batch  105/150 | k=0.99812  <k>=0.99858 +/- 16 pcm
  [GPU] batch  106/150 | k=0.99857  <k>=0.99858 +/- 16 pcm
  [GPU] batch  107/150 | k=0.99805  <k>=0.99857 +/- 15 pcm
  [GPU] batch  108/150 | k=0.99792  <k>=0.99856 +/- 15 pcm
  [GPU] batch  109/150 | k=0.99608  <k>=0.99853 +/- 15 pcm
  [GPU] batch  110/150 | k=0.99898  <k>=0.99854 +/- 15 pcm
  [GPU] batch  111/150 | k=0.99869  <k>=0.99854 +/- 15 pcm
  [GPU] batch  112/150 | k=0.99873  <k>=0.99854 +/- 15 pcm
  [GPU] batch  113/150 | k=0.99922  <k>=0.99855 +/- 15 pcm
  [GPU] batch  114/150 | k=1.00033  <k>=0.99857 +/- 15 pcm
  [GPU] batch  115/150 | k=0.99723  <k>=0.99856 +/- 15 pcm
  [GPU] batch  116/150 | k=0.99660  <k>=0.99853 +/- 15 pcm
  [GPU] batch  117/150 | k=1.00117  <k>=0.99856 +/- 15 pcm
  [GPU] batch  118/150 | k=0.99876  <k>=0.99857 +/- 15 pcm
  [GPU] batch  119/150 | k=0.99871  <k>=0.99857 +/- 14 pcm
  [GPU] batch  120/150 | k=1.00037  <k>=0.99859 +/- 14 pcm
  [GPU] batch  121/150 | k=1.00021  <k>=0.99860 +/- 14 pcm
  [GPU] batch  122/150 | k=0.99841  <k>=0.99860 +/- 14 pcm
  [GPU] batch  123/150 | k=0.99868  <k>=0.99860 +/- 14 pcm
  [GPU] batch  124/150 | k=0.99884  <k>=0.99861 +/- 14 pcm
  [GPU] batch  125/150 | k=1.00051  <k>=0.99863 +/- 14 pcm
  [GPU] batch  126/150 | k=0.99947  <k>=0.99863 +/- 14 pcm
  [GPU] batch  127/150 | k=0.99783  <k>=0.99863 +/- 14 pcm
  [GPU] batch  128/150 | k=0.99953  <k>=0.99864 +/- 14 pcm
  [GPU] batch  129/150 | k=0.99631  <k>=0.99861 +/- 14 pcm
  [GPU] batch  130/150 | k=0.99835  <k>=0.99861 +/- 13 pcm
  [GPU] batch  131/150 | k=0.99954  <k>=0.99862 +/- 13 pcm
  [GPU] batch  132/150 | k=0.99941  <k>=0.99863 +/- 13 pcm
  [GPU] batch  133/150 | k=0.99916  <k>=0.99863 +/- 13 pcm
  [GPU] batch  134/150 | k=1.00048  <k>=0.99865 +/- 13 pcm
  [GPU] batch  135/150 | k=0.99871  <k>=0.99865 +/- 13 pcm
  [GPU] batch  136/150 | k=0.99734  <k>=0.99864 +/- 13 pcm
  [GPU] batch  137/150 | k=0.99751  <k>=0.99863 +/- 13 pcm
  [GPU] batch  138/150 | k=1.00063  <k>=0.99865 +/- 13 pcm
  [GPU] batch  139/150 | k=0.99885  <k>=0.99865 +/- 13 pcm
  [GPU] batch  140/150 | k=0.99823  <k>=0.99864 +/- 13 pcm
  [GPU] batch  141/150 | k=0.99681  <k>=0.99863 +/- 13 pcm
  [GPU] batch  142/150 | k=0.99758  <k>=0.99862 +/- 13 pcm
  [GPU] batch  143/150 | k=0.99993  <k>=0.99863 +/- 13 pcm
  [GPU] batch  144/150 | k=0.99953  <k>=0.99864 +/- 12 pcm
  [GPU] batch  145/150 | k=1.00085  <k>=0.99866 +/- 12 pcm
  [GPU] batch  146/150 | k=0.99695  <k>=0.99864 +/- 12 pcm
  [GPU] batch  147/150 | k=0.99942  <k>=0.99865 +/- 12 pcm
  [GPU] batch  148/150 | k=1.00002  <k>=0.99866 +/- 12 pcm
  [GPU] batch  149/150 | k=0.99695  <k>=0.99865 +/- 12 pcm
  [GPU] batch  150/150 | k=0.99606  <k>=0.99862 +/- 12 pcm
  heu-met-fast-022_case-2 -- seed 4/5 done in 78.0s: k=0.99862 +/- 0.00012
  heu-met-fast-022_case-2 -- seed 5/5 (seed=46) starting
  GPU: WMP payload = 0.0 KB (0 / 17 nuclides covered)
  GPU auto-refill: picked factor=3.48 for particles_per_batch=200000
  [GPU] batch    1/150 | k=0.86527  (inactive)
  [GPU] batch    2/150 | k=0.97540  (inactive)
  [GPU] batch    3/150 | k=0.99176  (inactive)
  [GPU] batch    4/150 | k=0.99553  (inactive)
  [GPU] batch    5/150 | k=0.99810  (inactive)
  [GPU] batch    6/150 | k=1.00057  (inactive)
  [GPU] batch    7/150 | k=0.99872  (inactive)
  [GPU] batch    8/150 | k=0.99870  (inactive)
  [GPU] batch    9/150 | k=0.99671  (inactive)
  [GPU] batch   10/150 | k=0.99927  (inactive)
  [GPU] batch   11/150 | k=0.99669  (inactive)
  [GPU] batch   12/150 | k=0.99763  (inactive)
  [GPU] batch   13/150 | k=0.99783  (inactive)
  [GPU] batch   14/150 | k=0.99894  (inactive)
  [GPU] batch   15/150 | k=1.00037  (inactive)
  [GPU] batch   16/150 | k=0.99767  (inactive)
  [GPU] batch   17/150 | k=0.99756  (inactive)
  [GPU] batch   18/150 | k=0.99886  (inactive)
  [GPU] batch   19/150 | k=0.99797  (inactive)
  [GPU] batch   20/150 | k=0.99733  (inactive)
  [GPU] batch   21/150 | k=0.99685  (inactive)
  [GPU] batch   22/150 | k=0.99847  (inactive)
  [GPU] batch   23/150 | k=0.99954  (inactive)
  [GPU] batch   24/150 | k=1.00093  (inactive)
  [GPU] batch   25/150 | k=0.99881  (inactive)
  [GPU] batch   26/150 | k=0.99983  (inactive)
  [GPU] batch   27/150 | k=0.99798  (inactive)
  [GPU] batch   28/150 | k=1.00010  (inactive)
  [GPU] batch   29/150 | k=0.99987  (inactive)
  [GPU] batch   30/150 | k=0.99568  (inactive)
  [GPU] batch   31/150 | k=0.99873  (1st active)
  [GPU] batch   32/150 | k=0.99718  <k>=0.99795 +/- 77 pcm
  [GPU] batch   33/150 | k=0.99883  <k>=0.99824 +/- 53 pcm
  [GPU] batch   34/150 | k=1.00128  <k>=0.99900 +/- 85 pcm
  [GPU] batch   35/150 | k=0.99730  <k>=0.99866 +/- 74 pcm
  [GPU] batch   36/150 | k=0.99777  <k>=0.99851 +/- 62 pcm
  [GPU] batch   37/150 | k=0.99820  <k>=0.99847 +/- 53 pcm
  [GPU] batch   38/150 | k=0.99631  <k>=0.99820 +/- 53 pcm
  [GPU] batch   39/150 | k=0.99996  <k>=0.99839 +/- 51 pcm
  [GPU] batch   40/150 | k=0.99819  <k>=0.99837 +/- 45 pcm
  [GPU] batch   41/150 | k=0.99534  <k>=0.99810 +/- 49 pcm
  [GPU] batch   42/150 | k=0.99743  <k>=0.99804 +/- 45 pcm
  [GPU] batch   43/150 | k=0.99913  <k>=0.99813 +/- 43 pcm
  [GPU] batch   44/150 | k=0.99883  <k>=0.99818 +/- 40 pcm
  [GPU] batch   45/150 | k=0.99805  <k>=0.99817 +/- 37 pcm
  [GPU] batch   46/150 | k=0.99731  <k>=0.99811 +/- 35 pcm
  [GPU] batch   47/150 | k=1.00044  <k>=0.99825 +/- 36 pcm
  [GPU] batch   48/150 | k=0.99933  <k>=0.99831 +/- 34 pcm
  [GPU] batch   49/150 | k=0.99904  <k>=0.99835 +/- 33 pcm
  [GPU] batch   50/150 | k=1.00070  <k>=0.99847 +/- 33 pcm
  [GPU] batch   51/150 | k=0.99962  <k>=0.99852 +/- 32 pcm
  [GPU] batch   52/150 | k=0.99772  <k>=0.99849 +/- 31 pcm
  [GPU] batch   53/150 | k=0.99884  <k>=0.99850 +/- 29 pcm
  [GPU] batch   54/150 | k=0.99711  <k>=0.99844 +/- 29 pcm
  [GPU] batch   55/150 | k=0.99778  <k>=0.99842 +/- 28 pcm
  [GPU] batch   56/150 | k=0.99919  <k>=0.99845 +/- 27 pcm
  [GPU] batch   57/150 | k=0.99853  <k>=0.99845 +/- 26 pcm
  [GPU] batch   58/150 | k=0.99757  <k>=0.99842 +/- 25 pcm
  [GPU] batch   59/150 | k=0.99818  <k>=0.99841 +/- 24 pcm
  [GPU] batch   60/150 | k=0.99779  <k>=0.99839 +/- 23 pcm
  [GPU] batch   61/150 | k=0.99928  <k>=0.99842 +/- 23 pcm
  [GPU] batch   62/150 | k=1.00014  <k>=0.99847 +/- 23 pcm
  [GPU] batch   63/150 | k=0.99707  <k>=0.99843 +/- 22 pcm
  [GPU] batch   64/150 | k=0.99828  <k>=0.99842 +/- 22 pcm
  [GPU] batch   65/150 | k=0.99667  <k>=0.99837 +/- 22 pcm
  [GPU] batch   66/150 | k=0.99868  <k>=0.99838 +/- 21 pcm
  [GPU] batch   67/150 | k=1.00080  <k>=0.99845 +/- 22 pcm
  [GPU] batch   68/150 | k=1.00008  <k>=0.99849 +/- 21 pcm
  [GPU] batch   69/150 | k=0.99744  <k>=0.99846 +/- 21 pcm
  [GPU] batch   70/150 | k=0.99997  <k>=0.99850 +/- 21 pcm
  [GPU] batch   71/150 | k=0.99964  <k>=0.99853 +/- 21 pcm
  [GPU] batch   72/150 | k=0.99584  <k>=0.99847 +/- 21 pcm
  [GPU] batch   73/150 | k=0.99961  <k>=0.99849 +/- 21 pcm
  [GPU] batch   74/150 | k=1.00033  <k>=0.99853 +/- 21 pcm
  [GPU] batch   75/150 | k=0.99716  <k>=0.99850 +/- 20 pcm
  [GPU] batch   76/150 | k=0.99808  <k>=0.99849 +/- 20 pcm
  [GPU] batch   77/150 | k=0.99823  <k>=0.99849 +/- 20 pcm
  [GPU] batch   78/150 | k=0.99980  <k>=0.99852 +/- 19 pcm
  [GPU] batch   79/150 | k=0.99832  <k>=0.99851 +/- 19 pcm
  [GPU] batch   80/150 | k=0.99933  <k>=0.99853 +/- 19 pcm
  [GPU] batch   81/150 | k=0.99774  <k>=0.99851 +/- 18 pcm
  [GPU] batch   82/150 | k=0.99722  <k>=0.99849 +/- 18 pcm
  [GPU] batch   83/150 | k=0.99966  <k>=0.99851 +/- 18 pcm
  [GPU] batch   84/150 | k=0.99863  <k>=0.99851 +/- 18 pcm
  [GPU] batch   85/150 | k=1.00020  <k>=0.99854 +/- 18 pcm
  [GPU] batch   86/150 | k=0.99973  <k>=0.99856 +/- 17 pcm
  [GPU] batch   87/150 | k=0.99785  <k>=0.99855 +/- 17 pcm
  [GPU] batch   88/150 | k=0.99501  <k>=0.99849 +/- 18 pcm
  [GPU] batch   89/150 | k=0.99693  <k>=0.99846 +/- 18 pcm
  [GPU] batch   90/150 | k=0.99773  <k>=0.99845 +/- 18 pcm
  [GPU] batch   91/150 | k=0.99881  <k>=0.99846 +/- 17 pcm
  [GPU] batch   92/150 | k=0.99766  <k>=0.99844 +/- 17 pcm
  [GPU] batch   93/150 | k=0.99849  <k>=0.99845 +/- 17 pcm
  [GPU] batch   94/150 | k=0.99815  <k>=0.99844 +/- 16 pcm
  [GPU] batch   95/150 | k=0.99822  <k>=0.99844 +/- 16 pcm
  [GPU] batch   96/150 | k=0.99679  <k>=0.99841 +/- 16 pcm
  [GPU] batch   97/150 | k=0.99744  <k>=0.99840 +/- 16 pcm
  [GPU] batch   98/150 | k=0.99870  <k>=0.99840 +/- 16 pcm
  [GPU] batch   99/150 | k=0.99935  <k>=0.99842 +/- 16 pcm
  [GPU] batch  100/150 | k=0.99701  <k>=0.99840 +/- 16 pcm
  [GPU] batch  101/150 | k=1.00032  <k>=0.99842 +/- 16 pcm
  [GPU] batch  102/150 | k=0.99639  <k>=0.99840 +/- 16 pcm
  [GPU] batch  103/150 | k=1.00015  <k>=0.99842 +/- 16 pcm
  [GPU] batch  104/150 | k=0.99911  <k>=0.99843 +/- 15 pcm
  [GPU] batch  105/150 | k=0.99777  <k>=0.99842 +/- 15 pcm
  [GPU] batch  106/150 | k=0.99791  <k>=0.99841 +/- 15 pcm
  [GPU] batch  107/150 | k=0.99837  <k>=0.99841 +/- 15 pcm
  [GPU] batch  108/150 | k=0.99864  <k>=0.99842 +/- 15 pcm
  [GPU] batch  109/150 | k=0.99810  <k>=0.99841 +/- 14 pcm
  [GPU] batch  110/150 | k=1.00056  <k>=0.99844 +/- 14 pcm
  [GPU] batch  111/150 | k=0.99773  <k>=0.99843 +/- 14 pcm
  [GPU] batch  112/150 | k=0.99773  <k>=0.99842 +/- 14 pcm
  [GPU] batch  113/150 | k=0.99872  <k>=0.99842 +/- 14 pcm
  [GPU] batch  114/150 | k=1.00100  <k>=0.99846 +/- 14 pcm
  [GPU] batch  115/150 | k=0.99821  <k>=0.99845 +/- 14 pcm
  [GPU] batch  116/150 | k=0.99880  <k>=0.99846 +/- 14 pcm
  [GPU] batch  117/150 | k=0.99861  <k>=0.99846 +/- 14 pcm
  [GPU] batch  118/150 | k=1.00026  <k>=0.99848 +/- 14 pcm
  [GPU] batch  119/150 | k=1.00003  <k>=0.99850 +/- 14 pcm
  [GPU] batch  120/150 | k=1.00080  <k>=0.99852 +/- 14 pcm
  [GPU] batch  121/150 | k=0.99918  <k>=0.99853 +/- 14 pcm
  [GPU] batch  122/150 | k=0.99806  <k>=0.99852 +/- 13 pcm
  [GPU] batch  123/150 | k=0.99887  <k>=0.99853 +/- 13 pcm
  [GPU] batch  124/150 | k=0.99835  <k>=0.99853 +/- 13 pcm
  [GPU] batch  125/150 | k=0.99798  <k>=0.99852 +/- 13 pcm
  [GPU] batch  126/150 | k=0.99749  <k>=0.99851 +/- 13 pcm
  [GPU] batch  127/150 | k=0.99897  <k>=0.99851 +/- 13 pcm
  [GPU] batch  128/150 | k=0.99656  <k>=0.99849 +/- 13 pcm
  [GPU] batch  129/150 | k=0.99841  <k>=0.99849 +/- 13 pcm
  [GPU] batch  130/150 | k=0.99841  <k>=0.99849 +/- 13 pcm
  [GPU] batch  131/150 | k=0.99833  <k>=0.99849 +/- 12 pcm
  [GPU] batch  132/150 | k=1.00063  <k>=0.99851 +/- 13 pcm
  [GPU] batch  133/150 | k=1.00053  <k>=0.99853 +/- 13 pcm
  [GPU] batch  134/150 | k=0.99960  <k>=0.99854 +/- 12 pcm
  [GPU] batch  135/150 | k=0.99609  <k>=0.99852 +/- 13 pcm
  [GPU] batch  136/150 | k=0.99720  <k>=0.99851 +/- 13 pcm
  [GPU] batch  137/150 | k=0.99531  <k>=0.99848 +/- 13 pcm
  [GPU] batch  138/150 | k=0.99983  <k>=0.99849 +/- 13 pcm
  [GPU] batch  139/150 | k=0.99989  <k>=0.99850 +/- 13 pcm
  [GPU] batch  140/150 | k=0.99795  <k>=0.99850 +/- 13 pcm
  [GPU] batch  141/150 | k=0.99779  <k>=0.99849 +/- 12 pcm
  [GPU] batch  142/150 | k=0.99818  <k>=0.99849 +/- 12 pcm
  [GPU] batch  143/150 | k=0.99477  <k>=0.99845 +/- 13 pcm
  [GPU] batch  144/150 | k=0.99754  <k>=0.99845 +/- 13 pcm
  [GPU] batch  145/150 | k=0.99667  <k>=0.99843 +/- 13 pcm
  [GPU] batch  146/150 | k=0.99875  <k>=0.99843 +/- 12 pcm
  [GPU] batch  147/150 | k=0.99981  <k>=0.99845 +/- 12 pcm
  [GPU] batch  148/150 | k=0.99782  <k>=0.99844 +/- 12 pcm
  [GPU] batch  149/150 | k=0.99787  <k>=0.99844 +/- 12 pcm
  [GPU] batch  150/150 | k=1.00032  <k>=0.99845 +/- 12 pcm
  heu-met-fast-022_case-2 -- seed 5/5 done in 77.8s: k=0.99845 +/- 0.00012
heu-met-fast-022_case-2: PASS -- k=0.99851+/-0.00005, delta=-149pcm, bound=+/-380pcm, 0.78sigma, 389.4s (5seed x 150b x 30i x 200000p) [42/375]
[9/341] heu-met-fast-027 starting (5seed x 150b x 30i x 200000p)
  heu-met-fast-027 -- seed 1/5 (seed=42) starting
  Loading E:\git\open_rust_mc\data\endfb-viii.1-hdf5\neutron\Pb204.h5 (rank=15)...
    AWR = 202.221 (6 temps, 15099 energy pts)
    Discrete levels: 22/22 (continuum=true, angle_dists=21)
    Elastic angular dist: 103 energies, CM=true
    Total XS: summed 39 leaf reactions (no MT=3 available)
    MT=2  (elastic)  rank=15
    MT=4  (inelastic) synthetic rank=15 (sum + CDF over 22 levels, CDF=34.5 KB)
    MT=16 (n,2n)     rank=15
    MT=17 (n,3n)     rank=15
    MT=102 (capture) rank=15
    MT=22 (n,nα)    rank=15
    MT=24 (n,2nα)   rank=15
    MT=28 (n,np)    rank=15
    Missing channels: max=2.4702 b
    Total XS: summed 39 leaf reactions (no MT=3 available)
    Pointwise XS: 15099 energy pts × 7 channels = 825.7 KB
  Loading E:\git\open_rust_mc\data\endfb-viii.1-hdf5\neutron\Pb206.h5 (rank=15)...
    AWR = 204.205 (6 temps, 52970 energy pts)
    Discrete levels: 41/41 (continuum=true, angle_dists=40)
    Elastic angular dist: 41 energies, CM=true
    Total XS: summed 52 leaf reactions (no MT=3 available)
    MT=2  (elastic)  rank=15
    MT=4  (inelastic) synthetic rank=15 (sum + CDF over 41 levels, CDF=64.2 KB)
    MT=16 (n,2n)     rank=15
    MT=17 (n,3n)     rank=15
    MT=102 (capture) rank=15
    MT=22 (n,nα)    rank=15
    MT=24 (n,2nα)   rank=15
    MT=28 (n,np)    rank=15
    MT=37 (n,4n)     rank=15
    Missing channels: max=0.0378 b
    Total XS: summed 52 leaf reactions (no MT=3 available)
    Pointwise XS: 52970 energy pts × 7 channels = 2896.8 KB
  Loading E:\git\open_rust_mc\data\endfb-viii.1-hdf5\neutron\Pb207.h5 (rank=15)...
    AWR = 205.198 (6 temps, 23443 energy pts)
    Discrete levels: 41/41 (continuum=true, angle_dists=40)
    Elastic angular dist: 532 energies, CM=true
    Total XS: summed 61 leaf reactions (no MT=3 available)
    MT=2  (elastic)  rank=15
    MT=4  (inelastic) synthetic rank=15 (sum + CDF over 41 levels, CDF=64.2 KB)
    MT=16 (n,2n)     rank=15
    MT=17 (n,3n)     rank=15
    MT=102 (capture) rank=15
    MT=22 (n,nα)    rank=15
    MT=24 (n,2nα)   rank=15
    MT=28 (n,np)    rank=15
    Missing channels: max=0.0254 b
    Total XS: summed 61 leaf reactions (no MT=3 available)
    Pointwise XS: 23443 energy pts × 7 channels = 1282.0 KB
  Loading E:\git\open_rust_mc\data\endfb-viii.1-hdf5\neutron\Pb208.h5 (rank=15)...
    AWR = 206.190 (6 temps, 13119 energy pts)
    Discrete levels: 41/41 (continuum=true, angle_dists=40)
    Elastic angular dist: 2000 energies, CM=true
    Total XS: summed 58 leaf reactions (no MT=3 available)
    MT=2  (elastic)  rank=15
    MT=4  (inelastic) synthetic rank=15 (sum + CDF over 41 levels, CDF=64.2 KB)
    MT=16 (n,2n)     rank=15
    MT=17 (n,3n)     rank=15
    MT=102 (capture) rank=15
    MT=22 (n,nα)    rank=15
    MT=24 (n,2nα)   rank=15
    MT=28 (n,np)    rank=15
    MT=37 (n,4n)     rank=15
    Missing channels: max=0.0589 b
    Total XS: summed 58 leaf reactions (no MT=3 available)
    Pointwise XS: 13119 energy pts × 7 channels = 717.4 KB
  GPU: WMP payload = 0.0 KB (0 / 18 nuclides covered)
  GPU auto-refill: picked factor=3.48 for particles_per_batch=200000
  [GPU] batch    1/150 | k=0.93777  (inactive)
  [GPU] batch    2/150 | k=1.00864  (inactive)
  [GPU] batch    3/150 | k=1.00454  (inactive)
  [GPU] batch    4/150 | k=1.00707  (inactive)
  [GPU] batch    5/150 | k=1.00262  (inactive)
  [GPU] batch    6/150 | k=1.00699  (inactive)
  [GPU] batch    7/150 | k=1.00808  (inactive)
  [GPU] batch    8/150 | k=1.00390  (inactive)
  [GPU] batch    9/150 | k=1.00549  (inactive)
  [GPU] batch   10/150 | k=1.00498  (inactive)
  [GPU] batch   11/150 | k=1.00387  (inactive)
  [GPU] batch   12/150 | k=1.00462  (inactive)
  [GPU] batch   13/150 | k=1.00442  (inactive)
  [GPU] batch   14/150 | k=1.00710  (inactive)
  [GPU] batch   15/150 | k=1.00270  (inactive)
  [GPU] batch   16/150 | k=1.00602  (inactive)
  [GPU] batch   17/150 | k=1.00589  (inactive)
  [GPU] batch   18/150 | k=1.00453  (inactive)
  [GPU] batch   19/150 | k=1.00306  (inactive)
  [GPU] batch   20/150 | k=1.00305  (inactive)
  [GPU] batch   21/150 | k=1.00629  (inactive)
  [GPU] batch   22/150 | k=1.00161  (inactive)
  [GPU] batch   23/150 | k=1.00328  (inactive)
  [GPU] batch   24/150 | k=1.00528  (inactive)
  [GPU] batch   25/150 | k=1.00453  (inactive)
  [GPU] batch   26/150 | k=1.00279  (inactive)
  [GPU] batch   27/150 | k=1.00627  (inactive)
  [GPU] batch   28/150 | k=1.00154  (inactive)
  [GPU] batch   29/150 | k=1.00429  (inactive)
  [GPU] batch   30/150 | k=1.00286  (inactive)
  [GPU] batch   31/150 | k=1.00598  (1st active)
  [GPU] batch   32/150 | k=1.00540  <k>=1.00569 +/- 29 pcm
  [GPU] batch   33/150 | k=1.00414  <k>=1.00517 +/- 54 pcm
  [GPU] batch   34/150 | k=1.00438  <k>=1.00498 +/- 43 pcm
  [GPU] batch   35/150 | k=1.00452  <k>=1.00488 +/- 35 pcm
  [GPU] batch   36/150 | k=1.00353  <k>=1.00466 +/- 36 pcm
  [GPU] batch   37/150 | k=1.00139  <k>=1.00419 +/- 56 pcm
  [GPU] batch   38/150 | k=1.00414  <k>=1.00419 +/- 48 pcm
  [GPU] batch   39/150 | k=1.00122  <k>=1.00386 +/- 54 pcm
  [GPU] batch   40/150 | k=1.00529  <k>=1.00400 +/- 50 pcm
  [GPU] batch   41/150 | k=1.00224  <k>=1.00384 +/- 48 pcm
  [GPU] batch   42/150 | k=1.00420  <k>=1.00387 +/- 44 pcm
  [GPU] batch   43/150 | k=1.00296  <k>=1.00380 +/- 41 pcm
  [GPU] batch   44/150 | k=1.00345  <k>=1.00377 +/- 38 pcm
  [GPU] batch   45/150 | k=1.00614  <k>=1.00393 +/- 39 pcm
  [GPU] batch   46/150 | k=1.00451  <k>=1.00397 +/- 37 pcm
  [GPU] batch   47/150 | k=1.00564  <k>=1.00407 +/- 36 pcm
  [GPU] batch   48/150 | k=1.00389  <k>=1.00406 +/- 34 pcm
  [GPU] batch   49/150 | k=1.00439  <k>=1.00407 +/- 32 pcm
  [GPU] batch   50/150 | k=1.00394  <k>=1.00407 +/- 30 pcm
  [GPU] batch   51/150 | k=1.00466  <k>=1.00410 +/- 29 pcm
  [GPU] batch   52/150 | k=1.00379  <k>=1.00408 +/- 28 pcm
  [GPU] batch   53/150 | k=1.00500  <k>=1.00412 +/- 27 pcm
  [GPU] batch   54/150 | k=1.00359  <k>=1.00410 +/- 26 pcm
  [GPU] batch   55/150 | k=1.00502  <k>=1.00414 +/- 25 pcm
  [GPU] batch   56/150 | k=1.00332  <k>=1.00410 +/- 24 pcm
  [GPU] batch   57/150 | k=1.00305  <k>=1.00407 +/- 24 pcm
  [GPU] batch   58/150 | k=1.00177  <k>=1.00398 +/- 24 pcm
  [GPU] batch   59/150 | k=1.00347  <k>=1.00397 +/- 23 pcm
  [GPU] batch   60/150 | k=1.00508  <k>=1.00400 +/- 23 pcm
  [GPU] batch   61/150 | k=1.00732  <k>=1.00411 +/- 25 pcm
  [GPU] batch   62/150 | k=1.00189  <k>=1.00404 +/- 25 pcm
  [GPU] batch   63/150 | k=1.00784  <k>=1.00416 +/- 27 pcm
  [GPU] batch   64/150 | k=1.00416  <k>=1.00416 +/- 26 pcm
  [GPU] batch   65/150 | k=1.00532  <k>=1.00419 +/- 25 pcm
  [GPU] batch   66/150 | k=1.00345  <k>=1.00417 +/- 25 pcm
  [GPU] batch   67/150 | k=1.00483  <k>=1.00419 +/- 24 pcm
  [GPU] batch   68/150 | k=1.00484  <k>=1.00420 +/- 24 pcm
  [GPU] batch   69/150 | k=1.00509  <k>=1.00423 +/- 23 pcm
  [GPU] batch   70/150 | k=1.00228  <k>=1.00418 +/- 23 pcm
  [GPU] batch   71/150 | k=1.00238  <k>=1.00413 +/- 23 pcm
  [GPU] batch   72/150 | k=1.00617  <k>=1.00418 +/- 23 pcm
  [GPU] batch   73/150 | k=1.00317  <k>=1.00416 +/- 22 pcm
  [GPU] batch   74/150 | k=1.00682  <k>=1.00422 +/- 23 pcm
  [GPU] batch   75/150 | k=1.00387  <k>=1.00421 +/- 22 pcm
  [GPU] batch   76/150 | k=1.00654  <k>=1.00426 +/- 22 pcm
  [GPU] batch   77/150 | k=1.00332  <k>=1.00424 +/- 22 pcm
  [GPU] batch   78/150 | k=1.00363  <k>=1.00423 +/- 21 pcm
  [GPU] batch   79/150 | k=1.00648  <k>=1.00428 +/- 22 pcm
  [GPU] batch   80/150 | k=1.00666  <k>=1.00432 +/- 22 pcm
  [GPU] batch   81/150 | k=1.00731  <k>=1.00438 +/- 22 pcm
  [GPU] batch   82/150 | k=1.00380  <k>=1.00437 +/- 22 pcm
  [GPU] batch   83/150 | k=1.00613  <k>=1.00440 +/- 21 pcm
  [GPU] batch   84/150 | k=1.00397  <k>=1.00440 +/- 21 pcm
  [GPU] batch   85/150 | k=1.00342  <k>=1.00438 +/- 21 pcm
  [GPU] batch   86/150 | k=1.00377  <k>=1.00437 +/- 20 pcm
  [GPU] batch   87/150 | k=1.00324  <k>=1.00435 +/- 20 pcm
  [GPU] batch   88/150 | k=1.00275  <k>=1.00432 +/- 20 pcm
  [GPU] batch   89/150 | k=1.00366  <k>=1.00431 +/- 20 pcm
  [GPU] batch   90/150 | k=1.00310  <k>=1.00429 +/- 19 pcm
  [GPU] batch   91/150 | k=1.00679  <k>=1.00433 +/- 20 pcm
  [GPU] batch   92/150 | k=1.00437  <k>=1.00433 +/- 19 pcm
  [GPU] batch   93/150 | k=1.00465  <k>=1.00434 +/- 19 pcm
  [GPU] batch   94/150 | k=1.00547  <k>=1.00435 +/- 19 pcm
  [GPU] batch   95/150 | k=1.00368  <k>=1.00434 +/- 18 pcm
  [GPU] batch   96/150 | k=1.00444  <k>=1.00434 +/- 18 pcm
  [GPU] batch   97/150 | k=1.00422  <k>=1.00434 +/- 18 pcm
  [GPU] batch   98/150 | k=1.00368  <k>=1.00433 +/- 18 pcm
  [GPU] batch   99/150 | k=1.00643  <k>=1.00436 +/- 18 pcm
  [GPU] batch  100/150 | k=1.00431  <k>=1.00436 +/- 17 pcm
  [GPU] batch  101/150 | k=1.00434  <k>=1.00436 +/- 17 pcm
  [GPU] batch  102/150 | k=1.00568  <k>=1.00438 +/- 17 pcm
  [GPU] batch  103/150 | k=1.00244  <k>=1.00435 +/- 17 pcm
  [GPU] batch  104/150 | k=1.00592  <k>=1.00437 +/- 17 pcm
  [GPU] batch  105/150 | k=1.00538  <k>=1.00439 +/- 17 pcm
  [GPU] batch  106/150 | k=1.00513  <k>=1.00440 +/- 17 pcm
  [GPU] batch  107/150 | k=1.00359  <k>=1.00439 +/- 16 pcm
  [GPU] batch  108/150 | k=1.00426  <k>=1.00439 +/- 16 pcm
  [GPU] batch  109/150 | k=1.00565  <k>=1.00440 +/- 16 pcm
  [GPU] batch  110/150 | k=1.00434  <k>=1.00440 +/- 16 pcm
  [GPU] batch  111/150 | k=1.00425  <k>=1.00440 +/- 16 pcm
  [GPU] batch  112/150 | k=1.00427  <k>=1.00440 +/- 15 pcm
  [GPU] batch  113/150 | k=1.00545  <k>=1.00441 +/- 15 pcm
  [GPU] batch  114/150 | k=1.00523  <k>=1.00442 +/- 15 pcm
  [GPU] batch  115/150 | k=1.00545  <k>=1.00443 +/- 15 pcm
  [GPU] batch  116/150 | k=1.00460  <k>=1.00443 +/- 15 pcm
  [GPU] batch  117/150 | k=1.00421  <k>=1.00443 +/- 15 pcm
  [GPU] batch  118/150 | k=1.00412  <k>=1.00443 +/- 15 pcm
  [GPU] batch  119/150 | k=1.00314  <k>=1.00441 +/- 14 pcm
  [GPU] batch  120/150 | k=1.00621  <k>=1.00443 +/- 14 pcm
  [GPU] batch  121/150 | k=1.00463  <k>=1.00444 +/- 14 pcm
  [GPU] batch  122/150 | k=1.00346  <k>=1.00443 +/- 14 pcm
  [GPU] batch  123/150 | k=1.00434  <k>=1.00442 +/- 14 pcm
  [GPU] batch  124/150 | k=1.00643  <k>=1.00445 +/- 14 pcm
  [GPU] batch  125/150 | k=1.00340  <k>=1.00443 +/- 14 pcm
  [GPU] batch  126/150 | k=1.00358  <k>=1.00443 +/- 14 pcm
  [GPU] batch  127/150 | k=1.00220  <k>=1.00440 +/- 14 pcm
  [GPU] batch  128/150 | k=1.00168  <k>=1.00437 +/- 14 pcm
  [GPU] batch  129/150 | k=1.00320  <k>=1.00436 +/- 14 pcm
  [GPU] batch  130/150 | k=1.00206  <k>=1.00434 +/- 14 pcm
  [GPU] batch  131/150 | k=1.00233  <k>=1.00432 +/- 14 pcm
  [GPU] batch  132/150 | k=1.00272  <k>=1.00430 +/- 14 pcm
  [GPU] batch  133/150 | k=1.00338  <k>=1.00430 +/- 14 pcm
  [GPU] batch  134/150 | k=1.00635  <k>=1.00432 +/- 14 pcm
  [GPU] batch  135/150 | k=1.00367  <k>=1.00431 +/- 14 pcm
  [GPU] batch  136/150 | k=1.00509  <k>=1.00432 +/- 14 pcm
  [GPU] batch  137/150 | k=1.00547  <k>=1.00433 +/- 13 pcm
  [GPU] batch  138/150 | k=1.00143  <k>=1.00430 +/- 14 pcm
  [GPU] batch  139/150 | k=1.00325  <k>=1.00429 +/- 14 pcm
  [GPU] batch  140/150 | k=1.00508  <k>=1.00430 +/- 13 pcm
  [GPU] batch  141/150 | k=1.00430  <k>=1.00430 +/- 13 pcm
  [GPU] batch  142/150 | k=1.00378  <k>=1.00429 +/- 13 pcm
  [GPU] batch  143/150 | k=1.00361  <k>=1.00429 +/- 13 pcm
  [GPU] batch  144/150 | k=1.00290  <k>=1.00428 +/- 13 pcm
  [GPU] batch  145/150 | k=1.00274  <k>=1.00426 +/- 13 pcm
  [GPU] batch  146/150 | k=1.00316  <k>=1.00425 +/- 13 pcm
  [GPU] batch  147/150 | k=1.00546  <k>=1.00426 +/- 13 pcm
  [GPU] batch  148/150 | k=1.00451  <k>=1.00426 +/- 13 pcm
  [GPU] batch  149/150 | k=1.00404  <k>=1.00426 +/- 13 pcm
  [GPU] batch  150/150 | k=1.00465  <k>=1.00427 +/- 13 pcm
  heu-met-fast-027 -- seed 1/5 done in 208.9s: k=1.00427 +/- 0.00013
  heu-met-fast-027 -- seed 2/5 (seed=43) starting
  GPU: WMP payload = 0.0 KB (0 / 18 nuclides covered)
  GPU auto-refill: picked factor=3.48 for particles_per_batch=200000
  [GPU] batch    1/150 | k=0.93850  (inactive)
  [GPU] batch    2/150 | k=1.00808  (inactive)
  [GPU] batch    3/150 | k=1.00845  (inactive)
  [GPU] batch    4/150 | k=1.00863  (inactive)
  [GPU] batch    5/150 | k=1.00198  (inactive)
  [GPU] batch    6/150 | k=1.00378  (inactive)
  [GPU] batch    7/150 | k=1.00504  (inactive)
  [GPU] batch    8/150 | k=1.00364  (inactive)
  [GPU] batch    9/150 | k=1.00601  (inactive)
  [GPU] batch   10/150 | k=1.00477  (inactive)
  [GPU] batch   11/150 | k=1.00238  (inactive)
  [GPU] batch   12/150 | k=1.00548  (inactive)
  [GPU] batch   13/150 | k=1.00467  (inactive)
  [GPU] batch   14/150 | k=1.00607  (inactive)
  [GPU] batch   15/150 | k=1.00158  (inactive)
  [GPU] batch   16/150 | k=1.00597  (inactive)
  [GPU] batch   17/150 | k=1.00356  (inactive)
  [GPU] batch   18/150 | k=1.00670  (inactive)
  [GPU] batch   19/150 | k=1.00832  (inactive)
  [GPU] batch   20/150 | k=1.00585  (inactive)
  [GPU] batch   21/150 | k=1.00573  (inactive)
  [GPU] batch   22/150 | k=1.00536  (inactive)
  [GPU] batch   23/150 | k=1.00362  (inactive)
  [GPU] batch   24/150 | k=1.00831  (inactive)
  [GPU] batch   25/150 | k=1.00399  (inactive)
  [GPU] batch   26/150 | k=1.00354  (inactive)
  [GPU] batch   27/150 | k=1.00311  (inactive)
  [GPU] batch   28/150 | k=1.00498  (inactive)
  [GPU] batch   29/150 | k=1.00709  (inactive)
  [GPU] batch   30/150 | k=1.00341  (inactive)
  [GPU] batch   31/150 | k=1.00448  (1st active)
  [GPU] batch   32/150 | k=1.00256  <k>=1.00352 +/- 96 pcm
  [GPU] batch   33/150 | k=1.00593  <k>=1.00432 +/- 97 pcm
  [GPU] batch   34/150 | k=1.00511  <k>=1.00452 +/- 72 pcm
  [GPU] batch   35/150 | k=1.00279  <k>=1.00418 +/- 65 pcm
  [GPU] batch   36/150 | k=1.00402  <k>=1.00415 +/- 53 pcm
  [GPU] batch   37/150 | k=1.00537  <k>=1.00432 +/- 48 pcm
  [GPU] batch   38/150 | k=1.00507  <k>=1.00442 +/- 43 pcm
  [GPU] batch   39/150 | k=1.00517  <k>=1.00450 +/- 39 pcm
  [GPU] batch   40/150 | k=1.00191  <k>=1.00424 +/- 43 pcm
  [GPU] batch   41/150 | k=1.00540  <k>=1.00435 +/- 41 pcm
  [GPU] batch   42/150 | k=1.00380  <k>=1.00430 +/- 37 pcm
  [GPU] batch   43/150 | k=1.00376  <k>=1.00426 +/- 35 pcm
  [GPU] batch   44/150 | k=1.00454  <k>=1.00428 +/- 32 pcm
  [GPU] batch   45/150 | k=1.00291  <k>=1.00419 +/- 31 pcm
  [GPU] batch   46/150 | k=1.00448  <k>=1.00421 +/- 29 pcm
  [GPU] batch   47/150 | k=1.00696  <k>=1.00437 +/- 32 pcm
  [GPU] batch   48/150 | k=1.00237  <k>=1.00426 +/- 32 pcm
  [GPU] batch   49/150 | k=1.00434  <k>=1.00426 +/- 30 pcm
  [GPU] batch   50/150 | k=1.00578  <k>=1.00434 +/- 30 pcm
  [GPU] batch   51/150 | k=1.00310  <k>=1.00428 +/- 29 pcm
  [GPU] batch   52/150 | k=1.00356  <k>=1.00425 +/- 28 pcm
  [GPU] batch   53/150 | k=1.00157  <k>=1.00413 +/- 29 pcm
  [GPU] batch   54/150 | k=1.00579  <k>=1.00420 +/- 29 pcm
  [GPU] batch   55/150 | k=1.00158  <k>=1.00409 +/- 29 pcm
  [GPU] batch   56/150 | k=1.00475  <k>=1.00412 +/- 28 pcm
  [GPU] batch   57/150 | k=1.00459  <k>=1.00414 +/- 27 pcm
  [GPU] batch   58/150 | k=1.00654  <k>=1.00422 +/- 28 pcm
  [GPU] batch   59/150 | k=1.00421  <k>=1.00422 +/- 27 pcm
  [GPU] batch   60/150 | k=1.00435  <k>=1.00423 +/- 26 pcm
  [GPU] batch   61/150 | k=1.00599  <k>=1.00428 +/- 26 pcm
  [GPU] batch   62/150 | k=1.00352  <k>=1.00426 +/- 25 pcm
  [GPU] batch   63/150 | k=1.00171  <k>=1.00418 +/- 25 pcm
  [GPU] batch   64/150 | k=1.00291  <k>=1.00414 +/- 25 pcm
  [GPU] batch   65/150 | k=1.00460  <k>=1.00416 +/- 24 pcm
  [GPU] batch   66/150 | k=1.00388  <k>=1.00415 +/- 24 pcm
  [GPU] batch   67/150 | k=1.00524  <k>=1.00418 +/- 23 pcm
  [GPU] batch   68/150 | k=1.00594  <k>=1.00423 +/- 23 pcm
  [GPU] batch   69/150 | k=1.00469  <k>=1.00424 +/- 22 pcm
  [GPU] batch   70/150 | k=1.00373  <k>=1.00422 +/- 22 pcm
  [GPU] batch   71/150 | k=1.00202  <k>=1.00417 +/- 22 pcm
  [GPU] batch   72/150 | k=1.00359  <k>=1.00416 +/- 21 pcm
  [GPU] batch   73/150 | k=1.00620  <k>=1.00420 +/- 21 pcm
  [GPU] batch   74/150 | k=1.00270  <k>=1.00417 +/- 21 pcm
  [GPU] batch   75/150 | k=1.00355  <k>=1.00416 +/- 21 pcm
  [GPU] batch   76/150 | k=1.00497  <k>=1.00417 +/- 20 pcm
  [GPU] batch   77/150 | k=1.00461  <k>=1.00418 +/- 20 pcm
  [GPU] batch   78/150 | k=1.00341  <k>=1.00417 +/- 20 pcm
  [GPU] batch   79/150 | k=1.00233  <k>=1.00413 +/- 20 pcm
  [GPU] batch   80/150 | k=1.00361  <k>=1.00412 +/- 19 pcm
  [GPU] batch   81/150 | k=1.00312  <k>=1.00410 +/- 19 pcm
  [GPU] batch   82/150 | k=1.00348  <k>=1.00409 +/- 19 pcm
  [GPU] batch   83/150 | k=1.00289  <k>=1.00407 +/- 18 pcm
  [GPU] batch   84/150 | k=1.00632  <k>=1.00411 +/- 19 pcm
  [GPU] batch   85/150 | k=1.00452  <k>=1.00411 +/- 18 pcm
  [GPU] batch   86/150 | k=1.00462  <k>=1.00412 +/- 18 pcm
  [GPU] batch   87/150 | k=1.00525  <k>=1.00414 +/- 18 pcm
  [GPU] batch   88/150 | k=1.00282  <k>=1.00412 +/- 18 pcm
  [GPU] batch   89/150 | k=1.00612  <k>=1.00415 +/- 18 pcm
  [GPU] batch   90/150 | k=1.00340  <k>=1.00414 +/- 17 pcm
  [GPU] batch   91/150 | k=1.00371  <k>=1.00414 +/- 17 pcm
  [GPU] batch   92/150 | k=1.00522  <k>=1.00415 +/- 17 pcm
  [GPU] batch   93/150 | k=1.00175  <k>=1.00411 +/- 17 pcm
  [GPU] batch   94/150 | k=1.00647  <k>=1.00415 +/- 17 pcm
  [GPU] batch   95/150 | k=1.00539  <k>=1.00417 +/- 17 pcm
  [GPU] batch   96/150 | k=1.00448  <k>=1.00418 +/- 17 pcm
  [GPU] batch   97/150 | k=1.00330  <k>=1.00416 +/- 17 pcm
  [GPU] batch   98/150 | k=1.00375  <k>=1.00416 +/- 16 pcm
  [GPU] batch   99/150 | k=1.00684  <k>=1.00419 +/- 17 pcm
  [GPU] batch  100/150 | k=1.00348  <k>=1.00418 +/- 16 pcm
  [GPU] batch  101/150 | k=1.00227  <k>=1.00416 +/- 16 pcm
  [GPU] batch  102/150 | k=1.00419  <k>=1.00416 +/- 16 pcm
  [GPU] batch  103/150 | k=1.00517  <k>=1.00417 +/- 16 pcm
  [GPU] batch  104/150 | k=1.00135  <k>=1.00413 +/- 16 pcm
  [GPU] batch  105/150 | k=1.00395  <k>=1.00413 +/- 16 pcm
  [GPU] batch  106/150 | k=1.00251  <k>=1.00411 +/- 16 pcm
  [GPU] batch  107/150 | k=1.00366  <k>=1.00410 +/- 16 pcm
  [GPU] batch  108/150 | k=1.00383  <k>=1.00410 +/- 16 pcm
  [GPU] batch  109/150 | k=1.00551  <k>=1.00412 +/- 15 pcm
  [GPU] batch  110/150 | k=1.00456  <k>=1.00412 +/- 15 pcm
  [GPU] batch  111/150 | k=1.00466  <k>=1.00413 +/- 15 pcm
  [GPU] batch  112/150 | k=1.00565  <k>=1.00415 +/- 15 pcm
  [GPU] batch  113/150 | k=1.00207  <k>=1.00412 +/- 15 pcm
  [GPU] batch  114/150 | k=1.00589  <k>=1.00415 +/- 15 pcm
  [GPU] batch  115/150 | k=1.00379  <k>=1.00414 +/- 15 pcm
  [GPU] batch  116/150 | k=1.00569  <k>=1.00416 +/- 15 pcm
  [GPU] batch  117/150 | k=1.00608  <k>=1.00418 +/- 15 pcm
  [GPU] batch  118/150 | k=1.00659  <k>=1.00421 +/- 15 pcm
  [GPU] batch  119/150 | k=1.00425  <k>=1.00421 +/- 15 pcm
  [GPU] batch  120/150 | k=1.00488  <k>=1.00422 +/- 15 pcm
  [GPU] batch  121/150 | k=1.00703  <k>=1.00425 +/- 15 pcm
  [GPU] batch  122/150 | k=1.00375  <k>=1.00424 +/- 15 pcm
  [GPU] batch  123/150 | k=1.00426  <k>=1.00424 +/- 14 pcm
  [GPU] batch  124/150 | k=1.00415  <k>=1.00424 +/- 14 pcm
  [GPU] batch  125/150 | k=1.00479  <k>=1.00425 +/- 14 pcm
  [GPU] batch  126/150 | k=1.00395  <k>=1.00424 +/- 14 pcm
  [GPU] batch  127/150 | k=1.00745  <k>=1.00428 +/- 14 pcm
  [GPU] batch  128/150 | k=1.00598  <k>=1.00429 +/- 14 pcm
  [GPU] batch  129/150 | k=1.00611  <k>=1.00431 +/- 14 pcm
  [GPU] batch  130/150 | k=1.00525  <k>=1.00432 +/- 14 pcm
  [GPU] batch  131/150 | k=1.00417  <k>=1.00432 +/- 14 pcm
  [GPU] batch  132/150 | k=1.00443  <k>=1.00432 +/- 14 pcm
  [GPU] batch  133/150 | k=1.00454  <k>=1.00432 +/- 14 pcm
  [GPU] batch  134/150 | k=1.00565  <k>=1.00434 +/- 14 pcm
  [GPU] batch  135/150 | k=1.00107  <k>=1.00431 +/- 14 pcm
  [GPU] batch  136/150 | k=1.00530  <k>=1.00431 +/- 14 pcm
  [GPU] batch  137/150 | k=1.00411  <k>=1.00431 +/- 14 pcm
  [GPU] batch  138/150 | k=1.00163  <k>=1.00429 +/- 14 pcm
  [GPU] batch  139/150 | k=1.00616  <k>=1.00431 +/- 14 pcm
  [GPU] batch  140/150 | k=1.00805  <k>=1.00434 +/- 14 pcm
  [GPU] batch  141/150 | k=1.00379  <k>=1.00433 +/- 14 pcm
  [GPU] batch  142/150 | k=1.00444  <k>=1.00434 +/- 14 pcm
  [GPU] batch  143/150 | k=1.00501  <k>=1.00434 +/- 14 pcm
  [GPU] batch  144/150 | k=1.00446  <k>=1.00434 +/- 13 pcm
  [GPU] batch  145/150 | k=1.00361  <k>=1.00434 +/- 13 pcm
  [GPU] batch  146/150 | k=1.00263  <k>=1.00432 +/- 13 pcm
  [GPU] batch  147/150 | k=1.00438  <k>=1.00432 +/- 13 pcm
  [GPU] batch  148/150 | k=1.00350  <k>=1.00431 +/- 13 pcm
  [GPU] batch  149/150 | k=1.00314  <k>=1.00430 +/- 13 pcm
  [GPU] batch  150/150 | k=1.00122  <k>=1.00428 +/- 13 pcm
  heu-met-fast-027 -- seed 2/5 done in 207.7s: k=1.00428 +/- 0.00013
  heu-met-fast-027 -- seed 3/5 (seed=44) starting
  GPU: WMP payload = 0.0 KB (0 / 18 nuclides covered)
  GPU auto-refill: picked factor=3.48 for particles_per_batch=200000
  [GPU] batch    1/150 | k=0.93185  (inactive)
  [GPU] batch    2/150 | k=1.00664  (inactive)
  [GPU] batch    3/150 | k=1.00730  (inactive)
  [GPU] batch    4/150 | k=1.00729  (inactive)
  [GPU] batch    5/150 | k=1.00358  (inactive)
  [GPU] batch    6/150 | k=1.00429  (inactive)
  [GPU] batch    7/150 | k=1.00704  (inactive)
  [GPU] batch    8/150 | k=1.00490  (inactive)
  [GPU] batch    9/150 | k=1.00587  (inactive)
  [GPU] batch   10/150 | k=1.00382  (inactive)
  [GPU] batch   11/150 | k=1.00324  (inactive)
  [GPU] batch   12/150 | k=1.00402  (inactive)
  [GPU] batch   13/150 | k=1.00251  (inactive)
  [GPU] batch   14/150 | k=1.00741  (inactive)
  [GPU] batch   15/150 | k=1.00305  (inactive)
  [GPU] batch   16/150 | k=1.00186  (inactive)
  [GPU] batch   17/150 | k=1.00436  (inactive)
  [GPU] batch   18/150 | k=1.00435  (inactive)
  [GPU] batch   19/150 | k=1.00436  (inactive)
  [GPU] batch   20/150 | k=1.00378  (inactive)
  [GPU] batch   21/150 | k=1.00567  (inactive)
  [GPU] batch   22/150 | k=1.00363  (inactive)
  [GPU] batch   23/150 | k=1.00498  (inactive)
  [GPU] batch   24/150 | k=1.00394  (inactive)
  [GPU] batch   25/150 | k=1.00035  (inactive)
  [GPU] batch   26/150 | k=1.00349  (inactive)
  [GPU] batch   27/150 | k=1.00596  (inactive)
  [GPU] batch   28/150 | k=1.00606  (inactive)
  [GPU] batch   29/150 | k=1.00689  (inactive)
  [GPU] batch   30/150 | k=1.00489  (inactive)
  [GPU] batch   31/150 | k=1.00315  (1st active)
  [GPU] batch   32/150 | k=1.00216  <k>=1.00265 +/- 49 pcm
  [GPU] batch   33/150 | k=1.00334  <k>=1.00288 +/- 37 pcm
  [GPU] batch   34/150 | k=1.00413  <k>=1.00320 +/- 41 pcm
  [GPU] batch   35/150 | k=1.00273  <k>=1.00310 +/- 33 pcm
  [GPU] batch   36/150 | k=1.00374  <k>=1.00321 +/- 29 pcm
  [GPU] batch   37/150 | k=1.00002  <k>=1.00275 +/- 52 pcm
  [GPU] batch   38/150 | k=1.00444  <k>=1.00296 +/- 49 pcm
  [GPU] batch   39/150 | k=1.00392  <k>=1.00307 +/- 45 pcm
  [GPU] batch   40/150 | k=1.00316  <k>=1.00308 +/- 40 pcm
  [GPU] batch   41/150 | k=1.00337  <k>=1.00311 +/- 36 pcm
  [GPU] batch   42/150 | k=1.00565  <k>=1.00332 +/- 39 pcm
  [GPU] batch   43/150 | k=1.00503  <k>=1.00345 +/- 39 pcm
  [GPU] batch   44/150 | k=1.00385  <k>=1.00348 +/- 36 pcm
  [GPU] batch   45/150 | k=1.00554  <k>=1.00362 +/- 36 pcm
  [GPU] batch   46/150 | k=1.00053  <k>=1.00342 +/- 39 pcm
  [GPU] batch   47/150 | k=1.00496  <k>=1.00351 +/- 38 pcm
  [GPU] batch   48/150 | k=1.00215  <k>=1.00344 +/- 36 pcm
  [GPU] batch   49/150 | k=1.00537  <k>=1.00354 +/- 36 pcm
  [GPU] batch   50/150 | k=1.00452  <k>=1.00359 +/- 34 pcm
  [GPU] batch   51/150 | k=1.00430  <k>=1.00362 +/- 33 pcm
  [GPU] batch   52/150 | k=1.00506  <k>=1.00369 +/- 32 pcm
  [GPU] batch   53/150 | k=1.00256  <k>=1.00364 +/- 31 pcm
  [GPU] batch   54/150 | k=1.00304  <k>=1.00361 +/- 30 pcm
  [GPU] batch   55/150 | k=1.00160  <k>=1.00353 +/- 30 pcm
  [GPU] batch   56/150 | k=1.00427  <k>=1.00356 +/- 29 pcm
  [GPU] batch   57/150 | k=1.00430  <k>=1.00359 +/- 28 pcm
  [GPU] batch   58/150 | k=1.00440  <k>=1.00362 +/- 27 pcm
  [GPU] batch   59/150 | k=1.00288  <k>=1.00359 +/- 26 pcm
  [GPU] batch   60/150 | k=1.00652  <k>=1.00369 +/- 27 pcm
  [GPU] batch   61/150 | k=1.00217  <k>=1.00364 +/- 27 pcm
  [GPU] batch   62/150 | k=1.00437  <k>=1.00366 +/- 26 pcm
  [GPU] batch   63/150 | k=1.00317  <k>=1.00365 +/- 25 pcm
  [GPU] batch   64/150 | k=1.00320  <k>=1.00364 +/- 24 pcm
  [GPU] batch   65/150 | k=1.00190  <k>=1.00359 +/- 24 pcm
  [GPU] batch   66/150 | k=1.00379  <k>=1.00359 +/- 23 pcm
  [GPU] batch   67/150 | k=1.00582  <k>=1.00365 +/- 24 pcm
  [GPU] batch   68/150 | k=1.00608  <k>=1.00372 +/- 24 pcm
  [GPU] batch   69/150 | k=1.00401  <k>=1.00372 +/- 23 pcm
  [GPU] batch   70/150 | k=1.00512  <k>=1.00376 +/- 23 pcm
  [GPU] batch   71/150 | k=1.00329  <k>=1.00375 +/- 22 pcm
  [GPU] batch   72/150 | k=1.00565  <k>=1.00379 +/- 22 pcm
  [GPU] batch   73/150 | k=1.00354  <k>=1.00379 +/- 22 pcm
  [GPU] batch   74/150 | k=1.00564  <k>=1.00383 +/- 22 pcm
  [GPU] batch   75/150 | k=1.00409  <k>=1.00383 +/- 21 pcm
  [GPU] batch   76/150 | k=1.00635  <k>=1.00389 +/- 21 pcm
  [GPU] batch   77/150 | k=1.00502  <k>=1.00391 +/- 21 pcm
  [GPU] batch   78/150 | k=1.00335  <k>=1.00390 +/- 21 pcm
  [GPU] batch   79/150 | k=1.00318  <k>=1.00389 +/- 20 pcm
  [GPU] batch   80/150 | k=1.00600  <k>=1.00393 +/- 20 pcm
  [GPU] batch   81/150 | k=1.00705  <k>=1.00399 +/- 21 pcm
  [GPU] batch   82/150 | k=1.00391  <k>=1.00399 +/- 20 pcm
  [GPU] batch   83/150 | k=1.00362  <k>=1.00398 +/- 20 pcm
  [GPU] batch   84/150 | k=1.00306  <k>=1.00396 +/- 20 pcm
  [GPU] batch   85/150 | k=1.00418  <k>=1.00397 +/- 19 pcm
  [GPU] batch   86/150 | k=1.00390  <k>=1.00397 +/- 19 pcm
  [GPU] batch   87/150 | k=1.00545  <k>=1.00399 +/- 19 pcm
  [GPU] batch   88/150 | k=1.00691  <k>=1.00404 +/- 19 pcm
  [GPU] batch   89/150 | k=1.00081  <k>=1.00399 +/- 20 pcm
  [GPU] batch   90/150 | k=1.00547  <k>=1.00401 +/- 20 pcm
  [GPU] batch   91/150 | k=1.00424  <k>=1.00402 +/- 19 pcm
  [GPU] batch   92/150 | k=1.00517  <k>=1.00404 +/- 19 pcm
  [GPU] batch   93/150 | k=1.00501  <k>=1.00405 +/- 19 pcm
  [GPU] batch   94/150 | k=1.00506  <k>=1.00407 +/- 19 pcm
  [GPU] batch   95/150 | k=1.00603  <k>=1.00410 +/- 19 pcm
  [GPU] batch   96/150 | k=1.00410  <k>=1.00410 +/- 18 pcm
  [GPU] batch   97/150 | k=1.00241  <k>=1.00407 +/- 18 pcm
  [GPU] batch   98/150 | k=1.00475  <k>=1.00408 +/- 18 pcm
  [GPU] batch   99/150 | k=1.00434  <k>=1.00409 +/- 18 pcm
  [GPU] batch  100/150 | k=1.00573  <k>=1.00411 +/- 18 pcm
  [GPU] batch  101/150 | k=1.00569  <k>=1.00413 +/- 17 pcm
  [GPU] batch  102/150 | k=1.00123  <k>=1.00409 +/- 18 pcm
  [GPU] batch  103/150 | k=1.00232  <k>=1.00407 +/- 18 pcm
  [GPU] batch  104/150 | k=1.00448  <k>=1.00407 +/- 17 pcm
  [GPU] batch  105/150 | k=1.00094  <k>=1.00403 +/- 18 pcm
  [GPU] batch  106/150 | k=1.00376  <k>=1.00403 +/- 17 pcm
  [GPU] batch  107/150 | k=1.00507  <k>=1.00404 +/- 17 pcm
  [GPU] batch  108/150 | k=1.00321  <k>=1.00403 +/- 17 pcm
  [GPU] batch  109/150 | k=1.00284  <k>=1.00401 +/- 17 pcm
  [GPU] batch  110/150 | k=1.00320  <k>=1.00400 +/- 17 pcm
  [GPU] batch  111/150 | k=1.00615  <k>=1.00403 +/- 17 pcm
  [GPU] batch  112/150 | k=1.00655  <k>=1.00406 +/- 17 pcm
  [GPU] batch  113/150 | k=1.00201  <k>=1.00404 +/- 17 pcm
  [GPU] batch  114/150 | k=1.00317  <k>=1.00403 +/- 17 pcm
  [GPU] batch  115/150 | k=1.00442  <k>=1.00403 +/- 16 pcm
  [GPU] batch  116/150 | k=1.00451  <k>=1.00404 +/- 16 pcm
  [GPU] batch  117/150 | k=1.00418  <k>=1.00404 +/- 16 pcm
  [GPU] batch  118/150 | k=1.00557  <k>=1.00406 +/- 16 pcm
  [GPU] batch  119/150 | k=1.00702  <k>=1.00409 +/- 16 pcm
  [GPU] batch  120/150 | k=1.00556  <k>=1.00411 +/- 16 pcm
  [GPU] batch  121/150 | k=1.00288  <k>=1.00409 +/- 16 pcm
  [GPU] batch  122/150 | k=1.00365  <k>=1.00409 +/- 16 pcm
  [GPU] batch  123/150 | k=1.00341  <k>=1.00408 +/- 16 pcm
  [GPU] batch  124/150 | k=1.00271  <k>=1.00407 +/- 15 pcm
  [GPU] batch  125/150 | k=1.00347  <k>=1.00406 +/- 15 pcm
  [GPU] batch  126/150 | k=1.00266  <k>=1.00404 +/- 15 pcm
  [GPU] batch  127/150 | k=1.00450  <k>=1.00405 +/- 15 pcm
  [GPU] batch  128/150 | k=1.00353  <k>=1.00404 +/- 15 pcm
  [GPU] batch  129/150 | k=1.00617  <k>=1.00407 +/- 15 pcm
  [GPU] batch  130/150 | k=1.00662  <k>=1.00409 +/- 15 pcm
  [GPU] batch  131/150 | k=1.00569  <k>=1.00411 +/- 15 pcm
  [GPU] batch  132/150 | k=1.00375  <k>=1.00410 +/- 15 pcm
  [GPU] batch  133/150 | k=1.00317  <k>=1.00409 +/- 15 pcm
  [GPU] batch  134/150 | k=1.00170  <k>=1.00407 +/- 15 pcm
  [GPU] batch  135/150 | k=1.00402  <k>=1.00407 +/- 15 pcm
  [GPU] batch  136/150 | k=1.00385  <k>=1.00407 +/- 14 pcm
  [GPU] batch  137/150 | k=1.00555  <k>=1.00408 +/- 14 pcm
  [GPU] batch  138/150 | k=1.00477  <k>=1.00409 +/- 14 pcm
  [GPU] batch  139/150 | k=1.00395  <k>=1.00409 +/- 14 pcm
  [GPU] batch  140/150 | k=1.00170  <k>=1.00407 +/- 14 pcm
  [GPU] batch  141/150 | k=1.00575  <k>=1.00408 +/- 14 pcm
  [GPU] batch  142/150 | k=1.00253  <k>=1.00407 +/- 14 pcm
  [GPU] batch  143/150 | k=1.00476  <k>=1.00407 +/- 14 pcm
  [GPU] batch  144/150 | k=1.00412  <k>=1.00407 +/- 14 pcm
  [GPU] batch  145/150 | k=1.00450  <k>=1.00408 +/- 14 pcm
  [GPU] batch  146/150 | k=1.00346  <k>=1.00407 +/- 14 pcm
  [GPU] batch  147/150 | k=1.00171  <k>=1.00405 +/- 14 pcm
  [GPU] batch  148/150 | k=1.00573  <k>=1.00407 +/- 14 pcm
  [GPU] batch  149/150 | k=1.00366  <k>=1.00406 +/- 13 pcm
  [GPU] batch  150/150 | k=1.00643  <k>=1.00408 +/- 14 pcm
  heu-met-fast-027 -- seed 3/5 done in 207.7s: k=1.00408 +/- 0.00014
  heu-met-fast-027 -- seed 4/5 (seed=45) starting
  GPU: WMP payload = 0.0 KB (0 / 18 nuclides covered)
  GPU auto-refill: picked factor=3.48 for particles_per_batch=200000
  [GPU] batch    1/150 | k=0.93761  (inactive)
  [GPU] batch    2/150 | k=1.00673  (inactive)
  [GPU] batch    3/150 | k=1.00585  (inactive)
  [GPU] batch    4/150 | k=1.00725  (inactive)
  [GPU] batch    5/150 | k=1.00374  (inactive)
  [GPU] batch    6/150 | k=1.00402  (inactive)
  [GPU] batch    7/150 | k=1.00675  (inactive)
  [GPU] batch    8/150 | k=1.00356  (inactive)
  [GPU] batch    9/150 | k=1.00325  (inactive)
  [GPU] batch   10/150 | k=1.00484  (inactive)
  [GPU] batch   11/150 | k=1.00461  (inactive)
  [GPU] batch   12/150 | k=1.00530  (inactive)
  [GPU] batch   13/150 | k=1.00321  (inactive)
  [GPU] batch   14/150 | k=1.00332  (inactive)
  [GPU] batch   15/150 | k=1.00417  (inactive)
  [GPU] batch   16/150 | k=1.00490  (inactive)
  [GPU] batch   17/150 | k=1.00296  (inactive)
  [GPU] batch   18/150 | k=1.00539  (inactive)
  [GPU] batch   19/150 | k=1.00603  (inactive)
  [GPU] batch   20/150 | k=1.00416  (inactive)
  [GPU] batch   21/150 | k=1.00436  (inactive)
  [GPU] batch   22/150 | k=1.00430  (inactive)
  [GPU] batch   23/150 | k=1.00538  (inactive)
  [GPU] batch   24/150 | k=1.00524  (inactive)
  [GPU] batch   25/150 | k=1.00604  (inactive)
  [GPU] batch   26/150 | k=1.00327  (inactive)
  [GPU] batch   27/150 | k=1.00597  (inactive)
  [GPU] batch   28/150 | k=1.00514  (inactive)
  [GPU] batch   29/150 | k=1.00558  (inactive)
  [GPU] batch   30/150 | k=1.00577  (inactive)
  [GPU] batch   31/150 | k=1.00628  (1st active)
  [GPU] batch   32/150 | k=1.00225  <k>=1.00427 +/- 202 pcm
  [GPU] batch   33/150 | k=1.00322  <k>=1.00392 +/- 122 pcm
  [GPU] batch   34/150 | k=1.00266  <k>=1.00360 +/- 92 pcm
  [GPU] batch   35/150 | k=1.00226  <k>=1.00333 +/- 76 pcm
  [GPU] batch   36/150 | k=1.00406  <k>=1.00345 +/- 63 pcm
  [GPU] batch   37/150 | k=1.00341  <k>=1.00345 +/- 53 pcm
  [GPU] batch   38/150 | k=1.00376  <k>=1.00349 +/- 46 pcm
  [GPU] batch   39/150 | k=1.00441  <k>=1.00359 +/- 42 pcm
  [GPU] batch   40/150 | k=1.00456  <k>=1.00369 +/- 39 pcm
  [GPU] batch   41/150 | k=1.00198  <k>=1.00353 +/- 38 pcm
  [GPU] batch   42/150 | k=1.00281  <k>=1.00347 +/- 36 pcm
  [GPU] batch   43/150 | k=1.00304  <k>=1.00344 +/- 33 pcm
  [GPU] batch   44/150 | k=1.00383  <k>=1.00347 +/- 31 pcm
  [GPU] batch   45/150 | k=1.00461  <k>=1.00354 +/- 30 pcm
  [GPU] batch   46/150 | k=1.00537  <k>=1.00366 +/- 30 pcm
  [GPU] batch   47/150 | k=1.00351  <k>=1.00365 +/- 28 pcm
  [GPU] batch   48/150 | k=1.00519  <k>=1.00373 +/- 28 pcm
  [GPU] batch   49/150 | k=1.00600  <k>=1.00385 +/- 29 pcm
  [GPU] batch   50/150 | k=1.00591  <k>=1.00396 +/- 29 pcm
  [GPU] batch   51/150 | k=1.00464  <k>=1.00399 +/- 28 pcm
  [GPU] batch   52/150 | k=1.00486  <k>=1.00403 +/- 27 pcm
  [GPU] batch   53/150 | k=1.00610  <k>=1.00412 +/- 27 pcm
  [GPU] batch   54/150 | k=1.00482  <k>=1.00415 +/- 26 pcm
  [GPU] batch   55/150 | k=1.00380  <k>=1.00413 +/- 25 pcm
  [GPU] batch   56/150 | k=1.00270  <k>=1.00408 +/- 25 pcm
  [GPU] batch   57/150 | k=1.00455  <k>=1.00410 +/- 24 pcm
  [GPU] batch   58/150 | k=1.00222  <k>=1.00403 +/- 24 pcm
  [GPU] batch   59/150 | k=1.00281  <k>=1.00399 +/- 24 pcm
  [GPU] batch   60/150 | k=1.00264  <k>=1.00394 +/- 23 pcm
  [GPU] batch   61/150 | k=1.00500  <k>=1.00398 +/- 23 pcm
  [GPU] batch   62/150 | k=1.00726  <k>=1.00408 +/- 24 pcm
  [GPU] batch   63/150 | k=1.00466  <k>=1.00410 +/- 24 pcm
  [GPU] batch   64/150 | k=1.00545  <k>=1.00414 +/- 23 pcm
  [GPU] batch   65/150 | k=1.00516  <k>=1.00416 +/- 23 pcm
  [GPU] batch   66/150 | k=1.00468  <k>=1.00418 +/- 22 pcm
  [GPU] batch   67/150 | k=1.00519  <k>=1.00421 +/- 22 pcm
  [GPU] batch   68/150 | k=1.00363  <k>=1.00419 +/- 21 pcm
  [GPU] batch   69/150 | k=1.00269  <k>=1.00415 +/- 21 pcm
  [GPU] batch   70/150 | k=1.00538  <k>=1.00418 +/- 21 pcm
  [GPU] batch   71/150 | k=1.00353  <k>=1.00417 +/- 20 pcm
  [GPU] batch   72/150 | k=1.00267  <k>=1.00413 +/- 20 pcm
  [GPU] batch   73/150 | k=1.00242  <k>=1.00409 +/- 20 pcm
  [GPU] batch   74/150 | k=1.00423  <k>=1.00410 +/- 20 pcm
  [GPU] batch   75/150 | k=1.00548  <k>=1.00413 +/- 19 pcm
  [GPU] batch   76/150 | k=1.00654  <k>=1.00418 +/- 20 pcm
  [GPU] batch   77/150 | k=1.00266  <k>=1.00415 +/- 20 pcm
  [GPU] batch   78/150 | k=1.00445  <k>=1.00415 +/- 19 pcm
  [GPU] batch   79/150 | k=1.00610  <k>=1.00419 +/- 19 pcm
  [GPU] batch   80/150 | k=1.00649  <k>=1.00424 +/- 19 pcm
  [GPU] batch   81/150 | k=1.00573  <k>=1.00427 +/- 19 pcm
  [GPU] batch   82/150 | k=1.00326  <k>=1.00425 +/- 19 pcm
  [GPU] batch   83/150 | k=1.00442  <k>=1.00425 +/- 19 pcm
  [GPU] batch   84/150 | k=1.00584  <k>=1.00428 +/- 18 pcm
  [GPU] batch   85/150 | k=1.00415  <k>=1.00428 +/- 18 pcm
  [GPU] batch   86/150 | k=1.00357  <k>=1.00427 +/- 18 pcm
  [GPU] batch   87/150 | k=1.00618  <k>=1.00430 +/- 18 pcm
  [GPU] batch   88/150 | k=1.00833  <k>=1.00437 +/- 19 pcm
  [GPU] batch   89/150 | k=1.00459  <k>=1.00437 +/- 19 pcm
  [GPU] batch   90/150 | k=1.00634  <k>=1.00441 +/- 19 pcm
  [GPU] batch   91/150 | k=1.00391  <k>=1.00440 +/- 18 pcm
  [GPU] batch   92/150 | k=1.00396  <k>=1.00439 +/- 18 pcm
  [GPU] batch   93/150 | k=1.00465  <k>=1.00439 +/- 18 pcm
  [GPU] batch   94/150 | k=1.00132  <k>=1.00435 +/- 18 pcm
  [GPU] batch   95/150 | k=1.00472  <k>=1.00435 +/- 18 pcm
  [GPU] batch   96/150 | k=1.00344  <k>=1.00434 +/- 18 pcm
  [GPU] batch   97/150 | k=1.00203  <k>=1.00430 +/- 18 pcm
  [GPU] batch   98/150 | k=1.00155  <k>=1.00426 +/- 18 pcm
  [GPU] batch   99/150 | k=1.00255  <k>=1.00424 +/- 18 pcm
  [GPU] batch  100/150 | k=1.00388  <k>=1.00423 +/- 17 pcm
  [GPU] batch  101/150 | k=1.00428  <k>=1.00423 +/- 17 pcm
  [GPU] batch  102/150 | k=1.00331  <k>=1.00422 +/- 17 pcm
  [GPU] batch  103/150 | k=1.00555  <k>=1.00424 +/- 17 pcm
  [GPU] batch  104/150 | k=1.00713  <k>=1.00428 +/- 17 pcm
  [GPU] batch  105/150 | k=1.00649  <k>=1.00431 +/- 17 pcm
  [GPU] batch  106/150 | k=1.00557  <k>=1.00432 +/- 17 pcm
  [GPU] batch  107/150 | k=1.00375  <k>=1.00432 +/- 17 pcm
  [GPU] batch  108/150 | k=1.00321  <k>=1.00430 +/- 17 pcm
  [GPU] batch  109/150 | k=1.00344  <k>=1.00429 +/- 16 pcm
  [GPU] batch  110/150 | k=1.00541  <k>=1.00431 +/- 16 pcm
  [GPU] batch  111/150 | k=1.00505  <k>=1.00432 +/- 16 pcm
  [GPU] batch  112/150 | k=1.00233  <k>=1.00429 +/- 16 pcm
  [GPU] batch  113/150 | k=1.00560  <k>=1.00431 +/- 16 pcm
  [GPU] batch  114/150 | k=1.00435  <k>=1.00431 +/- 16 pcm
  [GPU] batch  115/150 | k=1.00307  <k>=1.00429 +/- 16 pcm
  [GPU] batch  116/150 | k=1.00291  <k>=1.00428 +/- 16 pcm
  [GPU] batch  117/150 | k=1.00584  <k>=1.00429 +/- 16 pcm
  [GPU] batch  118/150 | k=1.00575  <k>=1.00431 +/- 15 pcm
  [GPU] batch  119/150 | k=1.00505  <k>=1.00432 +/- 15 pcm
  [GPU] batch  120/150 | k=1.00330  <k>=1.00431 +/- 15 pcm
  [GPU] batch  121/150 | k=1.00561  <k>=1.00432 +/- 15 pcm
  [GPU] batch  122/150 | k=1.00033  <k>=1.00428 +/- 16 pcm
  [GPU] batch  123/150 | k=1.00411  <k>=1.00428 +/- 15 pcm
  [GPU] batch  124/150 | k=1.00486  <k>=1.00428 +/- 15 pcm
  [GPU] batch  125/150 | k=1.00445  <k>=1.00429 +/- 15 pcm
  [GPU] batch  126/150 | k=1.00677  <k>=1.00431 +/- 15 pcm
  [GPU] batch  127/150 | k=1.00281  <k>=1.00430 +/- 15 pcm
  [GPU] batch  128/150 | k=1.00349  <k>=1.00429 +/- 15 pcm
  [GPU] batch  129/150 | k=1.00359  <k>=1.00428 +/- 15 pcm
  [GPU] batch  130/150 | k=1.00356  <k>=1.00427 +/- 15 pcm
  [GPU] batch  131/150 | k=1.00432  <k>=1.00427 +/- 14 pcm
  [GPU] batch  132/150 | k=1.00318  <k>=1.00426 +/- 14 pcm
  [GPU] batch  133/150 | k=1.00525  <k>=1.00427 +/- 14 pcm
  [GPU] batch  134/150 | k=1.00520  <k>=1.00428 +/- 14 pcm
  [GPU] batch  135/150 | k=1.00386  <k>=1.00428 +/- 14 pcm
  [GPU] batch  136/150 | k=1.00241  <k>=1.00426 +/- 14 pcm
  [GPU] batch  137/150 | k=1.00360  <k>=1.00425 +/- 14 pcm
  [GPU] batch  138/150 | k=1.00250  <k>=1.00424 +/- 14 pcm
  [GPU] batch  139/150 | k=1.00522  <k>=1.00425 +/- 14 pcm
  [GPU] batch  140/150 | k=1.00547  <k>=1.00426 +/- 14 pcm
  [GPU] batch  141/150 | k=1.00396  <k>=1.00425 +/- 14 pcm
  [GPU] batch  142/150 | k=1.00332  <k>=1.00425 +/- 13 pcm
  [GPU] batch  143/150 | k=1.00588  <k>=1.00426 +/- 13 pcm
  [GPU] batch  144/150 | k=1.00418  <k>=1.00426 +/- 13 pcm
  [GPU] batch  145/150 | k=1.00178  <k>=1.00424 +/- 13 pcm
  [GPU] batch  146/150 | k=1.00586  <k>=1.00425 +/- 13 pcm
  [GPU] batch  147/150 | k=1.00595  <k>=1.00427 +/- 13 pcm
  [GPU] batch  148/150 | k=1.00290  <k>=1.00426 +/- 13 pcm
  [GPU] batch  149/150 | k=1.00501  <k>=1.00426 +/- 13 pcm
  [GPU] batch  150/150 | k=1.00323  <k>=1.00425 +/- 13 pcm
  heu-met-fast-027 -- seed 4/5 done in 208.6s: k=1.00425 +/- 0.00013
  heu-met-fast-027 -- seed 5/5 (seed=46) starting
  GPU: WMP payload = 0.0 KB (0 / 18 nuclides covered)
  GPU auto-refill: picked factor=3.48 for particles_per_batch=200000
  [GPU] batch    1/150 | k=0.93852  (inactive)
  [GPU] batch    2/150 | k=1.00676  (inactive)
  [GPU] batch    3/150 | k=1.00581  (inactive)
  [GPU] batch    4/150 | k=1.00474  (inactive)
  [GPU] batch    5/150 | k=1.00620  (inactive)
  [GPU] batch    6/150 | k=1.00582  (inactive)
  [GPU] batch    7/150 | k=1.00505  (inactive)
  [GPU] batch    8/150 | k=1.00472  (inactive)
  [GPU] batch    9/150 | k=1.00364  (inactive)
  [GPU] batch   10/150 | k=1.00582  (inactive)
  [GPU] batch   11/150 | k=1.00666  (inactive)
  [GPU] batch   12/150 | k=1.00674  (inactive)
  [GPU] batch   13/150 | k=1.00400  (inactive)
  [GPU] batch   14/150 | k=1.00425  (inactive)
  [GPU] batch   15/150 | k=1.00341  (inactive)
  [GPU] batch   16/150 | k=1.00421  (inactive)
  [GPU] batch   17/150 | k=1.00583  (inactive)
  [GPU] batch   18/150 | k=1.00609  (inactive)
  [GPU] batch   19/150 | k=1.00393  (inactive)
  [GPU] batch   20/150 | k=1.00314  (inactive)
  [GPU] batch   21/150 | k=1.00539  (inactive)
  [GPU] batch   22/150 | k=1.00307  (inactive)
  [GPU] batch   23/150 | k=1.00609  (inactive)
  [GPU] batch   24/150 | k=1.00826  (inactive)
  [GPU] batch   25/150 | k=1.00506  (inactive)
  [GPU] batch   26/150 | k=1.00395  (inactive)
  [GPU] batch   27/150 | k=1.00215  (inactive)
  [GPU] batch   28/150 | k=1.00573  (inactive)
  [GPU] batch   29/150 | k=1.00454  (inactive)
  [GPU] batch   30/150 | k=1.00583  (inactive)
  [GPU] batch   31/150 | k=1.00526  (1st active)
  [GPU] batch   32/150 | k=1.00571  <k>=1.00549 +/- 23 pcm
  [GPU] batch   33/150 | k=1.00417  <k>=1.00505 +/- 46 pcm
  [GPU] batch   34/150 | k=1.00656  <k>=1.00543 +/- 50 pcm
  [GPU] batch   35/150 | k=1.00652  <k>=1.00565 +/- 44 pcm
  [GPU] batch   36/150 | k=1.00399  <k>=1.00537 +/- 46 pcm
  [GPU] batch   37/150 | k=1.00287  <k>=1.00501 +/- 52 pcm
  [GPU] batch   38/150 | k=1.00373  <k>=1.00485 +/- 48 pcm
  [GPU] batch   39/150 | k=1.00433  <k>=1.00479 +/- 43 pcm
  [GPU] batch   40/150 | k=1.00585  <k>=1.00490 +/- 40 pcm
  [GPU] batch   41/150 | k=1.00268  <k>=1.00470 +/- 41 pcm
  [GPU] batch   42/150 | k=1.00243  <k>=1.00451 +/- 42 pcm
  [GPU] batch   43/150 | k=1.00495  <k>=1.00454 +/- 39 pcm
  [GPU] batch   44/150 | k=1.00354  <k>=1.00447 +/- 37 pcm
  [GPU] batch   45/150 | k=1.00519  <k>=1.00452 +/- 35 pcm
  [GPU] batch   46/150 | k=1.00289  <k>=1.00442 +/- 34 pcm
  [GPU] batch   47/150 | k=1.00351  <k>=1.00436 +/- 32 pcm
  [GPU] batch   48/150 | k=1.00447  <k>=1.00437 +/- 30 pcm
  [GPU] batch   49/150 | k=1.00315  <k>=1.00431 +/- 29 pcm
  [GPU] batch   50/150 | k=1.00367  <k>=1.00427 +/- 28 pcm
  [GPU] batch   51/150 | k=1.00434  <k>=1.00428 +/- 27 pcm
  [GPU] batch   52/150 | k=1.00357  <k>=1.00424 +/- 26 pcm
  [GPU] batch   53/150 | k=1.00614  <k>=1.00433 +/- 26 pcm
  [GPU] batch   54/150 | k=1.00412  <k>=1.00432 +/- 25 pcm
  [GPU] batch   55/150 | k=1.00539  <k>=1.00436 +/- 24 pcm
  [GPU] batch   56/150 | k=1.00496  <k>=1.00438 +/- 23 pcm
  [GPU] batch   57/150 | k=1.00388  <k>=1.00437 +/- 23 pcm
  [GPU] batch   58/150 | k=1.00276  <k>=1.00431 +/- 22 pcm
  [GPU] batch   59/150 | k=1.00431  <k>=1.00431 +/- 22 pcm
  [GPU] batch   60/150 | k=1.00310  <k>=1.00427 +/- 21 pcm
  [GPU] batch   61/150 | k=1.00164  <k>=1.00418 +/- 22 pcm
  [GPU] batch   62/150 | k=1.00363  <k>=1.00417 +/- 22 pcm
  [GPU] batch   63/150 | k=1.00409  <k>=1.00416 +/- 21 pcm
  [GPU] batch   64/150 | k=1.00430  <k>=1.00417 +/- 20 pcm
  [GPU] batch   65/150 | k=1.00214  <k>=1.00411 +/- 21 pcm
  [GPU] batch   66/150 | k=1.00450  <k>=1.00412 +/- 20 pcm
  [GPU] batch   67/150 | k=1.00339  <k>=1.00410 +/- 20 pcm
  [GPU] batch   68/150 | k=1.00253  <k>=1.00406 +/- 20 pcm
  [GPU] batch   69/150 | k=1.00336  <k>=1.00404 +/- 19 pcm
  [GPU] batch   70/150 | k=1.00439  <k>=1.00405 +/- 19 pcm
  [GPU] batch   71/150 | k=1.00418  <k>=1.00405 +/- 18 pcm
  [GPU] batch   72/150 | k=1.00635  <k>=1.00411 +/- 19 pcm
  [GPU] batch   73/150 | k=1.00474  <k>=1.00412 +/- 18 pcm
  [GPU] batch   74/150 | k=1.00382  <k>=1.00412 +/- 18 pcm
  [GPU] batch   75/150 | k=1.00272  <k>=1.00408 +/- 18 pcm
  [GPU] batch   76/150 | k=1.00629  <k>=1.00413 +/- 18 pcm
  [GPU] batch   77/150 | k=1.00655  <k>=1.00418 +/- 18 pcm
  [GPU] batch   78/150 | k=1.00539  <k>=1.00421 +/- 18 pcm
  [GPU] batch   79/150 | k=1.00274  <k>=1.00418 +/- 18 pcm
  [GPU] batch   80/150 | k=1.00489  <k>=1.00419 +/- 18 pcm
  [GPU] batch   81/150 | k=1.00549  <k>=1.00422 +/- 17 pcm
  [GPU] batch   82/150 | k=1.00477  <k>=1.00423 +/- 17 pcm
  [GPU] batch   83/150 | k=1.00270  <k>=1.00420 +/- 17 pcm
  [GPU] batch   84/150 | k=1.00397  <k>=1.00420 +/- 17 pcm
  [GPU] batch   85/150 | k=1.00562  <k>=1.00422 +/- 17 pcm
  [GPU] batch   86/150 | k=1.00614  <k>=1.00426 +/- 17 pcm
  [GPU] batch   87/150 | k=1.00368  <k>=1.00425 +/- 16 pcm
  [GPU] batch   88/150 | k=1.00483  <k>=1.00426 +/- 16 pcm
  [GPU] batch   89/150 | k=1.00340  <k>=1.00424 +/- 16 pcm
  [GPU] batch   90/150 | k=1.00551  <k>=1.00426 +/- 16 pcm
  [GPU] batch   91/150 | k=1.00522  <k>=1.00428 +/- 16 pcm
  [GPU] batch   92/150 | k=1.00443  <k>=1.00428 +/- 15 pcm
  [GPU] batch   93/150 | k=1.00592  <k>=1.00431 +/- 15 pcm
  [GPU] batch   94/150 | k=1.00437  <k>=1.00431 +/- 15 pcm
  [GPU] batch   95/150 | k=1.00592  <k>=1.00433 +/- 15 pcm
  [GPU] batch   96/150 | k=1.00448  <k>=1.00433 +/- 15 pcm
  [GPU] batch   97/150 | k=1.00615  <k>=1.00436 +/- 15 pcm
  [GPU] batch   98/150 | k=1.00389  <k>=1.00436 +/- 15 pcm
  [GPU] batch   99/150 | k=1.00175  <k>=1.00432 +/- 15 pcm
  [GPU] batch  100/150 | k=1.00607  <k>=1.00434 +/- 15 pcm
  [GPU] batch  101/150 | k=1.00319  <k>=1.00433 +/- 15 pcm
  [GPU] batch  102/150 | k=1.00267  <k>=1.00430 +/- 15 pcm
  [GPU] batch  103/150 | k=1.00720  <k>=1.00434 +/- 15 pcm
  [GPU] batch  104/150 | k=1.00326  <k>=1.00433 +/- 15 pcm
  [GPU] batch  105/150 | k=1.00553  <k>=1.00434 +/- 15 pcm
  [GPU] batch  106/150 | k=1.00453  <k>=1.00435 +/- 15 pcm
  [GPU] batch  107/150 | k=1.00397  <k>=1.00434 +/- 15 pcm
  [GPU] batch  108/150 | k=1.00284  <k>=1.00432 +/- 14 pcm
  [GPU] batch  109/150 | k=1.00529  <k>=1.00433 +/- 14 pcm
  [GPU] batch  110/150 | k=1.00299  <k>=1.00432 +/- 14 pcm
  [GPU] batch  111/150 | k=1.00510  <k>=1.00433 +/- 14 pcm
  [GPU] batch  112/150 | k=1.00557  <k>=1.00434 +/- 14 pcm
  [GPU] batch  113/150 | k=1.00283  <k>=1.00432 +/- 14 pcm
  [GPU] batch  114/150 | k=1.00789  <k>=1.00437 +/- 14 pcm
  [GPU] batch  115/150 | k=1.00234  <k>=1.00434 +/- 14 pcm
  [GPU] batch  116/150 | k=1.00558  <k>=1.00436 +/- 14 pcm
  [GPU] batch  117/150 | k=1.00767  <k>=1.00440 +/- 15 pcm
  [GPU] batch  118/150 | k=1.00387  <k>=1.00439 +/- 15 pcm
  [GPU] batch  119/150 | k=1.00537  <k>=1.00440 +/- 14 pcm
  [GPU] batch  120/150 | k=1.00253  <k>=1.00438 +/- 14 pcm
  [GPU] batch  121/150 | k=1.00447  <k>=1.00438 +/- 14 pcm
  [GPU] batch  122/150 | k=1.00200  <k>=1.00436 +/- 14 pcm
  [GPU] batch  123/150 | k=1.00658  <k>=1.00438 +/- 14 pcm
  [GPU] batch  124/150 | k=1.00214  <k>=1.00436 +/- 14 pcm
  [GPU] batch  125/150 | k=1.00518  <k>=1.00436 +/- 14 pcm
  [GPU] batch  126/150 | k=1.00379  <k>=1.00436 +/- 14 pcm
  [GPU] batch  127/150 | k=1.00404  <k>=1.00435 +/- 14 pcm
  [GPU] batch  128/150 | k=1.00549  <k>=1.00437 +/- 14 pcm
  [GPU] batch  129/150 | k=1.00661  <k>=1.00439 +/- 14 pcm
  [GPU] batch  130/150 | k=1.00640  <k>=1.00441 +/- 14 pcm
  [GPU] batch  131/150 | k=1.00442  <k>=1.00441 +/- 14 pcm
  [GPU] batch  132/150 | k=1.00287  <k>=1.00439 +/- 14 pcm
  [GPU] batch  133/150 | k=1.00493  <k>=1.00440 +/- 14 pcm
  [GPU] batch  134/150 | k=1.00461  <k>=1.00440 +/- 14 pcm
  [GPU] batch  135/150 | k=1.00290  <k>=1.00439 +/- 13 pcm
  [GPU] batch  136/150 | k=1.00635  <k>=1.00441 +/- 13 pcm
  [GPU] batch  137/150 | k=1.00345  <k>=1.00440 +/- 13 pcm
  [GPU] batch  138/150 | k=1.00540  <k>=1.00441 +/- 13 pcm
  [GPU] batch  139/150 | k=1.00263  <k>=1.00439 +/- 13 pcm
  [GPU] batch  140/150 | k=1.00369  <k>=1.00438 +/- 13 pcm
  [GPU] batch  141/150 | k=1.00531  <k>=1.00439 +/- 13 pcm
  [GPU] batch  142/150 | k=1.00390  <k>=1.00439 +/- 13 pcm
  [GPU] batch  143/150 | k=1.00353  <k>=1.00438 +/- 13 pcm
  [GPU] batch  144/150 | k=1.00228  <k>=1.00436 +/- 13 pcm
  [GPU] batch  145/150 | k=1.00334  <k>=1.00435 +/- 13 pcm
  [GPU] batch  146/150 | k=1.00524  <k>=1.00436 +/- 13 pcm
  [GPU] batch  147/150 | k=1.00641  <k>=1.00438 +/- 13 pcm
  [GPU] batch  148/150 | k=1.00579  <k>=1.00439 +/- 13 pcm
  [GPU] batch  149/150 | k=1.00537  <k>=1.00440 +/- 13 pcm
  [GPU] batch  150/150 | k=1.00583  <k>=1.00441 +/- 13 pcm
  heu-met-fast-027 -- seed 5/5 done in 210.0s: k=1.00441 +/- 0.00013
heu-met-fast-027: PASS -- k=1.00426+/-0.00005, delta=+426pcm, bound=+/-500pcm, 1.70sigma, 1042.8s (5seed x 150b x 30i x 200000p) [43/375]

  stop file E:\git\open_rust_mc\outputs\STOP detected; exiting after 9 case(s).

  Sweep this session in 6544.1 s (109.1 min) (aborted early)
  Result: 6 PASS  |  3 FAIL  |  0 ERROR  (9 ran this session)
  + 34 cases carried over from prior session(s) in E:\git\open_rust_mc\outputs\icsbep_full_gpu.csv

  Non-passing cases this session:
    FAIL  heu-met-fast-015                         delta=  -365 pcm  bound=+/-  340  k_calc=0.99595  k_ref=0.99960
    FAIL  heu-met-fast-019_case-1                  delta=  +687 pcm  bound=+/-  560  k_calc=1.00687  k_ref=1.00000
    FAIL  heu-met-fast-019_case-2                  delta=  +692 pcm  bound=+/-  560  k_calc=1.00692  k_ref=1.00000

  CSV: E:\git\open_rust_mc\outputs\icsbep_full_gpu.csv
  Plot: outputs\icsbep\plots\icsbep_full_gpu_delta_k_vs_ealf.png  (generating in background)
