{
  "method": "heating(photon_transport=on) - heating(photon_transport=off)",
  "run": {
    "batches": 60,
    "inactive": 15,
    "particles": 15000,
    "seed": 1
  },
  "k_eff_off": {
    "mean": 1.3267998058264707,
    "sigma": 0.001181189989435466
  },
  "k_eff_on": {
    "mean": 1.3246792088974533,
    "sigma": 0.0011366893434989823
  },
  "runtime_off_s": 50.48497796058655,
  "runtime_on_s": 101.54954409599304,
  "photon_heating_total_ev_per_src": 10380905.634327298,
  "by_cell": [
    {
      "cell": "fuel",
      "heating_off_ev_per_src": 95104738.47159651,
      "heating_off_sig": 168034.12144669794,
      "heating_on_ev_per_src": 103967232.67585538,
      "heating_on_sig": 127091.13938608996,
      "photon_heating_ev_per_src": 8862494.204258874,
      "photon_heating_sig": 210683.70530446386,
      "photon_fraction": 0.8537303503610145,
      "photon_fraction_sig": 0.020295310710443284,
      "rust_fraction": 0.8442000000000001
    },
    {
      "cell": "gap",
      "heating_off_ev_per_src": 0.0,
      "heating_off_sig": 0.0,
      "heating_on_ev_per_src": 0.0,
      "heating_on_sig": 0.0,
      "photon_heating_ev_per_src": 0.0,
      "photon_heating_sig": 0.0,
      "photon_fraction": 0.0,
      "photon_fraction_sig": 0.0,
      "rust_fraction": 0.0146
    },
    {
      "cell": "clad",
      "heating_off_ev_per_src": 10827.98991393332,
      "heating_off_sig": 14.945029085795204,
      "heating_on_ev_per_src": 948667.1391538898,
      "heating_on_sig": 1226.0758228007817,
      "photon_heating_ev_per_src": 937839.1492399565,
      "photon_heating_sig": 1226.1669042797514,
      "photon_fraction": 0.09034271019078868,
      "photon_fraction_sig": 0.0001181175272632376,
      "rust_fraction": 0.0788
    },
    {
      "cell": "water",
      "heating_off_ev_per_src": 1757348.1437195204,
      "heating_off_sig": 2674.507928392702,
      "heating_on_ev_per_src": 2337920.424547987,
      "heating_on_sig": 2601.8836956461737,
      "photon_heating_ev_per_src": 580572.2808284666,
      "photon_heating_sig": 3731.3256926600247,
      "photon_fraction": 0.05592693944819669,
      "photon_fraction_sig": 0.0003594412495496903,
      "rust_fraction": 0.059000000000000004
    }
  ],
  "rust_reference": {
    "fuel": 84.42,
    "gap": 1.46,
    "clad": 7.88,
    "water": 5.9
  }
}