{
  "steps": 4,
  "hours_per_step": 48.0,
  "power_w_per_cm": 200.0,
  "trajectories": {
    "U235": {
      "t_s": [
        0.0,
        172800.0,
        345600.0,
        518400.0,
        691200.0
      ],
      "atoms": [
        3.7896316061695345e+20,
        3.773974258469921e+20,
        3.758394447674963e+20,
        3.742870003785976e+20,
        3.727406213284914e+20
      ]
    },
    "U238": {
      "t_s": [
        0.0,
        172800.0,
        345600.0,
        518400.0,
        691200.0
      ],
      "atoms": [
        1.1849582443658341e+22,
        1.1848832313320068e+22,
        1.1848054559155704e+22,
        1.1847272598590628e+22,
        1.1846489351454858e+22
      ]
    },
    "Pu239": {
      "t_s": [
        0.0,
        172800.0,
        345600.0,
        518400.0,
        691200.0
      ],
      "atoms": [
        0.0,
        1.7832205115727296e+17,
        6.125783313203969e+17,
        1.190803554149201e+18,
        1.8454030660922086e+18
      ]
    },
    "Pu240": {
      "t_s": [
        0.0,
        172800.0,
        345600.0,
        518400.0,
        691200.0
      ],
      "atoms": [
        0.0,
        318936259425163.44,
        2280010916189963.0,
        6874778347652454.0,
        1.4570127307657902e+16
      ]
    },
    "Pu241": {
      "t_s": [
        0.0,
        172800.0,
        345600.0,
        518400.0,
        691200.0
      ],
      "atoms": [
        0.0,
        1382654294968.3015,
        21214190592414.816,
        96714687290529.52,
        282069573506713.4
      ]
    },
    "Xe135": {
      "t_s": [
        0.0,
        172800.0,
        345600.0,
        518400.0,
        691200.0
      ],
      "atoms": [
        0.0,
        4272400967404107.5,
        4341206964289790.5,
        4360544934505120.5,
        4367143879019354.5
      ]
    },
    "Sm149": {
      "t_s": [
        0.0,
        172800.0,
        345600.0,
        518400.0,
        691200.0
      ],
      "atoms": [
        0.0,
        2984576453859638.5,
        8450045181982281.0,
        1.3749440600290366e+16,
        1.803139106375851e+16
      ]
    },
    "Cs135": {
      "t_s": [
        0.0,
        172800.0,
        345600.0,
        518400.0,
        691200.0
      ],
      "atoms": [
        0.0,
        1.1934474857250598e+16,
        2.7714584095381892e+16,
        4.357341789403065e+16,
        5.9452471768811224e+16
      ]
    }
  }
}