{
  "mean": 1.3277259748431856,
  "sigma_seeds": 0.0020491089937002137,
  "seeds": [
    {
      "seed": 1,
      "k": 1.3253661102220122,
      "sigma_batch": 0.0013529570246468173,
      "time_s": 181.73715043067932
    },
    {
      "seed": 2,
      "k": 1.3290546582726392,
      "sigma_batch": 0.0014654056379310558,
      "time_s": 109.0907335281372
    },
    {
      "seed": 3,
      "k": 1.328757156034905,
      "sigma_batch": 0.0013509883310538178,
      "time_s": 57.427403688430786
    }
  ],
  "batches": 60,
  "inactive": 15,
  "particles": 10000
}